rule,arm,seed,student,theta0,zpd,zpd_40_60,zpd_60_80,zpd_40_80,zpd_40_70,bored,frustr,mean_p,gain,track
volkan,Saturn,42,42-0,0.304717,0.108333,0.175,0.125,0.3,0.216667,0.333333,0.225,0.604127,0.76,1.589601
volkan,Saturn,42,42-1,-1.039984,0.066667,0.108333,0.1,0.208333,0.158333,0.016667,0.641667,0.252858,-1.2,1.820828
volkan,Saturn,42,42-2,0.750451,0.133333,0.141667,0.2,0.341667,0.208333,0.35,0.2,0.643355,0.48,1.624459
volkan,Saturn,42,42-3,0.940565,0.175,0.2,0.141667,0.341667,0.25,0.383333,0.133333,0.662762,0.84,1.602823
volkan,Saturn,42,42-4,-1.951035,0.05,0.066667,0.033333,0.1,0.091667,0.0,0.816667,0.145923,-1.6,2.742777
volkan,Saturn,42,42-5,-1.30218,0.1,0.158333,0.05,0.208333,0.191667,0.0,0.683333,0.207185,-1.48,2.229456
volkan,Saturn,42,42-6,0.12784,0.158333,0.166667,0.141667,0.308333,0.233333,0.275,0.3,0.541287,0.0,1.54461
volkan,Saturn,42,42-7,-0.316243,0.225,0.133333,0.266667,0.4,0.283333,0.116667,0.333333,0.47604,-0.2,1.384143
volkan,Saturn,42,42-8,-0.016801,0.175,0.166667,0.15,0.316667,0.241667,0.133333,0.391667,0.458461,-0.4,1.401283
volkan,Saturn,42,42-9,-0.853044,0.133333,0.125,0.108333,0.233333,0.2,0.008333,0.608333,0.2767,-0.92,1.856873
volkan,Saturn,42,42-10,0.879398,0.075,0.116667,0.141667,0.258333,0.166667,0.408333,0.166667,0.681819,1.0,1.776959
volkan,Saturn,42,42-11,0.777792,0.158333,0.108333,0.241667,0.35,0.2,0.291667,0.191667,0.645414,0.76,1.566395
volkan,Saturn,42,42-12,0.066031,0.183333,0.141667,0.183333,0.325,0.258333,0.191667,0.375,0.480891,-0.28,1.530605
volkan,Saturn,42,42-13,1.127241,0.108333,0.166667,0.125,0.291667,0.2,0.416667,0.125,0.701578,0.88,1.881095
volkan,Saturn,42,42-14,0.467509,0.216667,0.158333,0.208333,0.366667,0.258333,0.375,0.208333,0.650583,0.8,1.622212
volkan,Saturn,42,42-15,-0.859292,0.141667,0.141667,0.116667,0.258333,0.208333,0.0,0.633333,0.277505,-1.36,1.951168
volkan,Saturn,42,42-16,0.368751,0.141667,0.108333,0.183333,0.291667,0.191667,0.266667,0.316667,0.546639,0.2,1.480666
volkan,Saturn,42,42-17,-0.958883,0.133333,0.1,0.175,0.275,0.175,0.008333,0.6,0.313886,-0.84,1.667945
volkan,Saturn,42,42-18,0.87845,0.158333,0.158333,0.158333,0.316667,0.241667,0.425,0.125,0.69895,1.04,1.757335
volkan,Saturn,42,42-19,-0.049926,0.15,0.158333,0.175,0.333333,0.225,0.258333,0.333333,0.539406,0.04,1.545541
volkan,Saturn,42,42-20,-0.184862,0.216667,0.133333,0.166667,0.3,0.25,0.225,0.383333,0.477845,0.12,1.538496
volkan,Saturn,42,42-21,-0.68093,0.133333,0.091667,0.2,0.291667,0.183333,0.075,0.491667,0.370424,-0.52,1.652957
volkan,Saturn,42,42-22,1.222541,0.15,0.125,0.183333,0.308333,0.208333,0.475,0.083333,0.745532,0.96,1.960458
volkan,Saturn,42,42-23,-0.154529,0.141667,0.108333,0.183333,0.291667,0.175,0.208333,0.325,0.534169,0.4,1.448063
volkan,Saturn,42,42-24,-0.428328,0.066667,0.058333,0.15,0.208333,0.108333,0.108333,0.516667,0.387793,-0.6,1.689605
volkan,Saturn,42,42-25,-0.352134,0.125,0.166667,0.158333,0.325,0.25,0.05,0.516667,0.34476,-0.64,1.583451
volkan,Saturn,42,42-26,0.532309,0.158333,0.133333,0.15,0.283333,0.225,0.425,0.191667,0.666478,0.88,1.791119
volkan,Saturn,42,42-27,0.365444,0.1,0.083333,0.141667,0.225,0.141667,0.325,0.316667,0.585172,0.28,1.731663
volkan,Saturn,42,42-28,0.412733,0.125,0.091667,0.183333,0.275,0.166667,0.316667,0.316667,0.562997,0.44,1.616106
volkan,Saturn,42,42-29,0.430821,0.116667,0.158333,0.166667,0.325,0.225,0.35,0.225,0.61745,0.44,1.614146
volkan,Saturn,42,42-30,2.141648,0.091667,0.083333,0.158333,0.241667,0.133333,0.708333,0.0,0.869114,1.64,3.023312
volkan,Saturn,42,42-31,-0.406415,0.166667,0.158333,0.158333,0.316667,0.233333,0.075,0.533333,0.359557,-0.6,1.59314
volkan,Saturn,42,42-32,-0.512243,0.133333,0.141667,0.166667,0.308333,0.191667,0.15,0.45,0.436244,-0.44,1.546621
volkan,Saturn,42,42-33,-0.813773,0.158333,0.141667,0.141667,0.283333,0.208333,0.025,0.641667,0.294558,-1.2,1.839584
volkan,Saturn,42,42-34,0.615979,0.108333,0.133333,0.15,0.283333,0.175,0.358333,0.2,0.630317,0.44,1.615631
volkan,Saturn,42,42-35,1.128972,0.141667,0.15,0.158333,0.308333,0.216667,0.516667,0.058333,0.773584,1.36,2.104387
volkan,Saturn,42,42-36,-0.113947,0.1,0.116667,0.183333,0.3,0.208333,0.275,0.333333,0.525923,0.24,1.526693
volkan,Saturn,42,42-37,-0.840156,0.075,0.116667,0.116667,0.233333,0.158333,0.016667,0.625,0.285221,-1.12,1.936913
volkan,Saturn,42,42-38,-0.824481,0.191667,0.175,0.125,0.3,0.258333,0.016667,0.55,0.291257,-1.08,1.83021
volkan,Saturn,42,42-39,0.650593,0.141667,0.158333,0.141667,0.3,0.233333,0.35,0.241667,0.609535,0.64,1.631524
volkan,Saturn,42,42-40,0.743254,0.041667,0.058333,0.1,0.158333,0.075,0.483333,0.233333,0.667963,0.88,1.954771
volkan,Saturn,42,42-41,0.543154,0.1,0.1,0.183333,0.283333,0.133333,0.333333,0.25,0.610705,0.96,1.640416
volkan,Saturn,42,42-42,-0.66551,0.133333,0.091667,0.2,0.291667,0.183333,0.008333,0.641667,0.279753,-1.28,2.019298
volkan,Saturn,42,42-43,0.232161,0.183333,0.166667,0.175,0.341667,0.25,0.25,0.258333,0.564653,0.72,1.378926
volkan,Saturn,42,42-44,0.116686,0.141667,0.158333,0.133333,0.291667,0.208333,0.266667,0.275,0.583563,0.4,1.510961
volkan,Saturn,42,42-45,0.218689,0.141667,0.133333,0.166667,0.3,0.225,0.258333,0.333333,0.51538,0.12,1.525659
volkan,Saturn,42,42-46,0.871429,0.158333,0.133333,0.158333,0.291667,0.216667,0.333333,0.175,0.634248,0.44,1.576021
volkan,Saturn,42,42-47,0.223596,0.141667,0.108333,0.141667,0.25,0.175,0.3,0.308333,0.571313,0.44,1.652852
volkan,Saturn,42,42-48,0.678914,0.133333,0.15,0.091667,0.241667,0.208333,0.275,0.325,0.548112,0.32,1.546171
volkan,Saturn,42,42-49,0.067579,0.191667,0.15,0.166667,0.316667,0.241667,0.208333,0.341667,0.510669,0.08,1.432885
volkan,Saturn,42,42-50,0.289119,0.108333,0.075,0.175,0.25,0.166667,0.325,0.266667,0.600519,0.68,1.644254
volkan,Saturn,42,42-51,0.631288,0.141667,0.133333,0.15,0.283333,0.175,0.391667,0.166667,0.660763,0.88,1.709406
volkan,Saturn,42,42-52,-1.457156,0.125,0.091667,0.1,0.191667,0.183333,0.0,0.758333,0.185771,-1.52,2.509489
volkan,Saturn,42,42-53,-0.319671,0.166667,0.125,0.183333,0.308333,0.216667,0.108333,0.483333,0.414999,-0.44,1.480567
volkan,Saturn,42,42-54,-0.470373,0.108333,0.108333,0.133333,0.241667,0.166667,0.066667,0.516667,0.352455,-0.68,1.567096
volkan,Saturn,42,42-55,-0.638878,0.116667,0.175,0.166667,0.341667,0.225,0.1,0.433333,0.431753,-0.44,1.46026
volkan,Saturn,42,42-56,-0.275142,0.141667,0.108333,0.175,0.283333,0.183333,0.05,0.591667,0.325941,-1.04,1.752028
volkan,Saturn,42,42-57,1.494941,0.133333,0.158333,0.116667,0.275,0.208333,0.458333,0.091667,0.708869,0.72,1.820792
volkan,Saturn,42,42-58,-0.865831,0.166667,0.116667,0.2,0.316667,0.225,0.041667,0.533333,0.362033,-0.64,1.737737
volkan,Saturn,42,42-59,0.968278,0.166667,0.191667,0.133333,0.325,0.258333,0.408333,0.183333,0.651013,0.6,1.692182
volkan,Saturn,42,42-60,-1.68287,0.158333,0.133333,0.083333,0.216667,0.208333,0.0,0.65,0.224277,-1.12,2.068924
volkan,Saturn,42,42-61,-0.334885,0.158333,0.116667,0.166667,0.283333,0.225,0.075,0.483333,0.385739,-0.56,1.560174
volkan,Saturn,42,42-62,0.162753,0.1,0.125,0.175,0.3,0.2,0.233333,0.3,0.534628,0.0,1.509119
volkan,Saturn,42,42-63,0.586222,0.158333,0.15,0.15,0.3,0.25,0.433333,0.183333,0.650852,0.68,1.700758
volkan,Saturn,42,42-64,0.711227,0.116667,0.083333,0.15,0.233333,0.158333,0.416667,0.2,0.671159,1.04,1.862411
volkan,Saturn,42,42-65,0.793347,0.183333,0.108333,0.183333,0.291667,0.241667,0.308333,0.233333,0.620211,0.76,1.553802
volkan,Saturn,42,42-66,-0.348725,0.15,0.133333,0.175,0.308333,0.216667,0.141667,0.441667,0.443491,-0.28,1.609923
volkan,Saturn,42,42-67,-0.462352,0.166667,0.158333,0.15,0.308333,0.25,0.091667,0.466667,0.385125,-0.52,1.607489
volkan,Saturn,42,42-68,0.857976,0.1,0.141667,0.15,0.291667,0.191667,0.4,0.15,0.670641,0.8,1.669867
volkan,Saturn,42,42-69,-0.191304,0.158333,0.133333,0.15,0.283333,0.208333,0.125,0.416667,0.442094,-0.08,1.437229
volkan,Saturn,42,42-70,-1.275686,0.158333,0.175,0.116667,0.291667,0.266667,0.0,0.608333,0.266264,-1.04,1.814083
volkan,Saturn,42,42-71,-1.133287,0.191667,0.125,0.158333,0.283333,0.233333,0.0,0.65,0.252151,-1.08,2.043213
volkan,Saturn,42,42-72,-0.919452,0.108333,0.15,0.183333,0.333333,0.233333,0.0,0.541667,0.324341,-0.8,1.666822
volkan,Saturn,42,42-73,0.497161,0.141667,0.116667,0.15,0.266667,0.2,0.375,0.275,0.597215,0.48,1.681796
volkan,Saturn,42,42-74,0.142426,0.158333,0.15,0.116667,0.266667,0.2,0.175,0.425,0.466616,-0.04,1.506305
volkan,Saturn,42,42-75,0.690485,0.208333,0.158333,0.225,0.383333,0.283333,0.308333,0.191667,0.614271,0.52,1.463238
volkan,Saturn,42,42-76,-0.427253,0.133333,0.066667,0.166667,0.233333,0.166667,0.125,0.416667,0.449075,-0.28,1.607633
volkan,Saturn,42,42-77,0.15854,0.108333,0.15,0.15,0.3,0.216667,0.266667,0.275,0.561043,0.36,1.58257
volkan,Saturn,42,42-78,0.62559,0.141667,0.125,0.141667,0.266667,0.191667,0.383333,0.258333,0.616878,0.68,1.726709
volkan,Saturn,42,42-79,-0.309347,0.116667,0.091667,0.141667,0.233333,0.15,0.108333,0.483333,0.422775,-0.2,1.612745
volkan,Saturn,42,42-80,0.456775,0.133333,0.141667,0.133333,0.275,0.208333,0.275,0.316667,0.553517,0.2,1.520544
volkan,Saturn,42,42-81,-0.661926,0.141667,0.125,0.2,0.325,0.216667,0.091667,0.45,0.404984,-0.24,1.516632
volkan,Saturn,42,42-82,-0.363054,0.191667,0.133333,0.191667,0.325,0.25,0.075,0.5,0.362681,-1.0,1.69487
volkan,Saturn,42,42-83,-0.381738,0.15,0.175,0.158333,0.333333,0.25,0.083333,0.466667,0.391655,-0.28,1.4328
volkan,Saturn,42,42-84,-1.19584,0.133333,0.125,0.133333,0.258333,0.191667,0.0,0.7,0.226365,-1.72,2.270544
volkan,Saturn,42,42-85,0.486972,0.125,0.108333,0.158333,0.266667,0.175,0.341667,0.241667,0.610779,0.44,1.624128
volkan,Saturn,42,42-86,-0.469402,0.158333,0.158333,0.2,0.358333,0.241667,0.05,0.5,0.36509,-0.68,1.450287
volkan,Saturn,42,42-87,0.012494,0.225,0.158333,0.158333,0.316667,0.258333,0.158333,0.416667,0.445845,-0.44,1.474827
volkan,Saturn,42,42-88,0.480747,0.133333,0.108333,0.141667,0.25,0.2,0.408333,0.183333,0.666482,0.76,1.793372
volkan,Saturn,42,42-89,0.446531,0.091667,0.15,0.1,0.25,0.183333,0.4,0.183333,0.637063,0.92,1.717355
volkan,Saturn,42,42-90,0.665385,0.15,0.166667,0.158333,0.325,0.25,0.308333,0.225,0.616363,0.4,1.540408
volkan,Saturn,42,42-91,-0.098485,0.1,0.15,0.108333,0.258333,0.183333,0.191667,0.358333,0.49383,-0.28,1.525119
volkan,Saturn,42,42-92,-0.423298,0.158333,0.191667,0.175,0.366667,0.241667,0.025,0.525,0.34629,-0.68,1.647262
volkan,Saturn,42,42-93,-0.079718,0.141667,0.066667,0.216667,0.283333,0.166667,0.233333,0.333333,0.559189,0.32,1.549423
volkan,Saturn,42,42-94,-1.687334,0.108333,0.1,0.058333,0.158333,0.15,0.0,0.733333,0.179971,-1.6,2.526654
volkan,Saturn,42,42-95,-1.447112,0.108333,0.108333,0.141667,0.25,0.183333,0.0,0.658333,0.236522,-1.0,2.061319
volkan,Saturn,42,42-96,-1.3227,0.058333,0.1,0.033333,0.133333,0.116667,0.0,0.816667,0.160149,-1.76,2.607502
volkan,Saturn,42,42-97,-0.997247,0.083333,0.083333,0.141667,0.225,0.158333,0.016667,0.658333,0.266721,-1.04,1.970848
volkan,Saturn,42,42-98,0.399774,0.191667,0.141667,0.175,0.316667,0.241667,0.35,0.175,0.636793,0.8,1.512368
volkan,Saturn,42,42-99,-0.905479,0.141667,0.083333,0.225,0.308333,0.175,0.016667,0.591667,0.307569,-1.12,1.762876
volkan,Saturn,42,42-100,-0.378163,0.125,0.116667,0.108333,0.225,0.2,0.125,0.483333,0.382321,-0.64,1.692079
volkan,Saturn,42,42-101,1.299228,0.108333,0.083333,0.125,0.208333,0.141667,0.666667,0.041667,0.838146,1.88,2.79585
volkan,Saturn,42,42-102,-0.356264,0.158333,0.091667,0.2,0.291667,0.191667,0.1,0.508333,0.380064,-0.64,1.674275
volkan,Saturn,42,42-103,0.737516,0.1,0.108333,0.133333,0.241667,0.166667,0.308333,0.291667,0.559903,0.4,1.614857
volkan,Saturn,42,42-104,-0.933618,0.133333,0.141667,0.125,0.266667,0.2,0.025,0.616667,0.268509,-1.32,2.038464
volkan,Saturn,42,42-105,-0.205438,0.133333,0.116667,0.116667,0.233333,0.166667,0.083333,0.533333,0.368957,-0.92,1.662787
volkan,Saturn,42,42-106,-0.950022,0.1,0.1,0.15,0.25,0.15,0.008333,0.616667,0.272374,-1.08,1.930023
volkan,Saturn,42,42-107,-0.339033,0.141667,0.125,0.125,0.25,0.216667,0.066667,0.566667,0.341325,-0.8,1.604644
volkan,Saturn,42,42-108,0.840308,0.158333,0.133333,0.166667,0.3,0.225,0.291667,0.233333,0.591647,0.24,1.452398
volkan,Saturn,42,42-109,-1.72732,0.066667,0.083333,0.041667,0.125,0.091667,0.0,0.791667,0.147793,-2.12,2.887045
volkan,Saturn,42,42-110,0.434424,0.091667,0.158333,0.133333,0.291667,0.2,0.383333,0.275,0.600256,0.52,1.674365
volkan,Saturn,42,42-111,0.237736,0.091667,0.075,0.125,0.2,0.125,0.35,0.316667,0.565962,0.48,1.771224
volkan,Saturn,42,42-112,-0.59415,0.125,0.15,0.116667,0.266667,0.208333,0.066667,0.483333,0.350151,-0.88,1.687368
volkan,Saturn,42,42-113,-1.446058,0.091667,0.1,0.058333,0.158333,0.125,0.0,0.75,0.179789,-1.44,2.466003
volkan,Saturn,42,42-114,0.07213,0.166667,0.125,0.183333,0.308333,0.208333,0.175,0.4,0.477469,0.08,1.492488
volkan,Saturn,42,42-115,-0.529493,0.208333,0.183333,0.216667,0.4,0.291667,0.091667,0.416667,0.429699,-0.28,1.481263
volkan,Saturn,42,42-116,0.232676,0.141667,0.116667,0.175,0.291667,0.208333,0.25,0.316667,0.550675,0.44,1.500047
volkan,Saturn,42,42-117,0.021852,0.15,0.15,0.225,0.375,0.208333,0.166667,0.341667,0.507444,0.08,1.419309
volkan,Saturn,42,42-118,1.601779,0.116667,0.083333,0.158333,0.241667,0.158333,0.658333,0.016667,0.850157,1.72,2.62617
volkan,Saturn,42,42-119,-0.239356,0.15,0.091667,0.191667,0.283333,0.183333,0.125,0.4,0.436679,-0.36,1.470077
volkan,Saturn,42,42-120,-1.023497,0.108333,0.125,0.141667,0.266667,0.191667,0.016667,0.6,0.292119,-1.12,1.800081
volkan,Saturn,42,42-121,0.179276,0.15,0.15,0.158333,0.308333,0.241667,0.316667,0.258333,0.596017,0.72,1.61235
volkan,Saturn,42,42-122,0.219997,0.083333,0.15,0.116667,0.266667,0.166667,0.325,0.325,0.549112,-0.04,1.637821
volkan,Saturn,42,42-123,1.359188,0.133333,0.175,0.158333,0.333333,0.25,0.55,0.058333,0.771891,1.44,2.212691
volkan,Saturn,42,42-124,0.835111,0.133333,0.116667,0.141667,0.258333,0.191667,0.383333,0.208333,0.626855,0.6,1.637143
volkan,Saturn,42,42-125,0.356871,0.158333,0.133333,0.15,0.283333,0.216667,0.275,0.291667,0.563636,0.28,1.516483
volkan,Saturn,42,42-126,1.463303,0.116667,0.175,0.1,0.275,0.225,0.658333,0.008333,0.822593,1.56,2.368245
volkan,Saturn,42,42-127,-1.188763,0.141667,0.175,0.175,0.35,0.241667,0.0,0.583333,0.287606,-0.96,1.783787
volkan,Saturn,42,42-128,-0.639752,0.141667,0.083333,0.15,0.233333,0.166667,0.116667,0.466667,0.431516,-0.16,1.541033
volkan,Saturn,42,42-129,-0.926576,0.141667,0.125,0.183333,0.308333,0.216667,0.008333,0.591667,0.307654,-1.08,1.855313
volkan,Saturn,42,42-130,-0.38981,0.158333,0.166667,0.158333,0.325,0.241667,0.091667,0.508333,0.373066,-0.88,1.730777
volkan,Saturn,42,42-131,-1.376686,0.075,0.116667,0.066667,0.183333,0.15,0.0,0.766667,0.177499,-1.64,2.585423
volkan,Saturn,42,42-132,0.635151,0.108333,0.133333,0.158333,0.291667,0.2,0.366667,0.191667,0.627765,0.88,1.697492
volkan,Saturn,42,42-133,-0.222223,0.1,0.083333,0.166667,0.25,0.15,0.258333,0.325,0.532172,0.24,1.619498
volkan,Saturn,42,42-134,-1.470806,0.066667,0.116667,0.066667,0.183333,0.15,0.0,0.716667,0.189972,-1.64,2.477848
volkan,Saturn,42,42-135,-1.015579,0.208333,0.225,0.141667,0.366667,0.3,0.008333,0.516667,0.327888,-0.4,1.542414
volkan,Saturn,42,42-136,0.313514,0.15,0.125,0.175,0.3,0.2,0.258333,0.35,0.536378,0.08,1.559369
volkan,Saturn,42,42-137,0.838127,0.233333,0.175,0.258333,0.433333,0.316667,0.408333,0.058333,0.722477,1.0,1.689366
volkan,Saturn,42,42-138,1.996731,0.141667,0.091667,0.191667,0.283333,0.175,0.641667,0.0,0.850001,1.8,2.662832
volkan,Saturn,42,42-139,2.913862,0.041667,0.016667,0.1,0.116667,0.041667,0.858333,0.0,0.930558,2.0,3.748721
volkan,Saturn,42,42-140,0.414409,0.15,0.1,0.216667,0.316667,0.216667,0.291667,0.241667,0.590886,0.44,1.510198
volkan,Saturn,42,42-141,-0.989538,0.116667,0.108333,0.175,0.283333,0.183333,0.008333,0.583333,0.305578,-1.04,1.875118
volkan,Saturn,42,42-142,-2.132046,0.041667,0.058333,0.016667,0.075,0.075,0.0,0.85,0.119979,-1.84,3.148897
volkan,Saturn,42,42-143,0.267711,0.133333,0.15,0.125,0.275,0.2,0.283333,0.341667,0.54811,0.16,1.576736
volkan,Saturn,42,42-144,-0.812941,0.1,0.133333,0.116667,0.25,0.183333,0.025,0.641667,0.273807,-1.2,1.948671
volkan,Saturn,42,42-145,-0.415357,0.133333,0.108333,0.166667,0.275,0.183333,0.15,0.441667,0.446241,-0.16,1.617145
volkan,Saturn,42,42-146,-0.612097,0.141667,0.1,0.208333,0.308333,0.183333,0.116667,0.466667,0.402521,-0.36,1.685032
volkan,Saturn,42,42-147,-0.140791,0.125,0.116667,0.125,0.241667,0.175,0.233333,0.391667,0.496312,0.16,1.520674
volkan,Saturn,42,42-148,1.06598,0.133333,0.108333,0.166667,0.275,0.183333,0.433333,0.166667,0.685626,0.72,1.816567
volkan,Saturn,42,42-149,0.157049,0.133333,0.15,0.191667,0.341667,0.2,0.266667,0.291667,0.56231,0.28,1.509311
volkan,Saturn,42,42-150,-0.158635,0.125,0.133333,0.183333,0.316667,0.183333,0.125,0.408333,0.448189,-0.64,1.617005
volkan,Saturn,42,42-151,-1.035654,0.133333,0.15,0.141667,0.291667,0.208333,0.0,0.6,0.283831,-1.32,1.870425
volkan,Saturn,42,42-152,-1.674683,0.066667,0.108333,0.041667,0.15,0.141667,0.0,0.741667,0.174809,-1.52,2.464676
volkan,Saturn,42,42-153,-0.486308,0.116667,0.166667,0.133333,0.3,0.2,0.066667,0.5,0.382279,-0.84,1.612436
volkan,Saturn,42,42-154,-0.053783,0.083333,0.1,0.125,0.225,0.15,0.158333,0.458333,0.447743,0.0,1.573649
volkan,Saturn,42,42-155,1.76793,0.141667,0.133333,0.183333,0.316667,0.208333,0.575,0.016667,0.801361,1.24,2.295209
volkan,Saturn,42,42-156,0.130275,0.191667,0.166667,0.208333,0.375,0.258333,0.25,0.291667,0.565076,0.56,1.467907
volkan,Saturn,42,42-157,0.98274,0.125,0.191667,0.091667,0.283333,0.225,0.433333,0.116667,0.697023,1.12,1.839263
volkan,Saturn,42,42-158,-0.499296,0.116667,0.133333,0.141667,0.275,0.191667,0.041667,0.533333,0.342711,-0.8,1.641924
volkan,Saturn,42,42-159,-1.184944,0.141667,0.166667,0.058333,0.225,0.2,0.008333,0.675,0.233739,-1.28,2.011224
volkan,Saturn,42,42-160,-0.965117,0.158333,0.15,0.125,0.275,0.225,0.008333,0.633333,0.273492,-1.16,1.951626
volkan,Saturn,42,42-161,-0.725226,0.091667,0.15,0.116667,0.266667,0.175,0.033333,0.541667,0.334204,-0.64,1.696184
volkan,Saturn,42,42-162,2.12847,0.108333,0.066667,0.116667,0.183333,0.125,0.741667,0.0,0.874628,1.96,3.022992
volkan,Saturn,42,42-163,-0.821387,0.133333,0.166667,0.125,0.291667,0.2,0.05,0.516667,0.349016,-0.56,1.569657
volkan,Saturn,42,42-164,0.838489,0.133333,0.125,0.191667,0.316667,0.208333,0.383333,0.133333,0.669005,0.96,1.740283
volkan,Saturn,42,42-165,-0.902927,0.133333,0.15,0.141667,0.291667,0.208333,0.016667,0.6,0.294392,-1.16,1.825956
volkan,Saturn,42,42-166,0.931573,0.2,0.2,0.141667,0.341667,0.283333,0.408333,0.166667,0.66983,0.48,1.727977
volkan,Saturn,42,42-167,0.384951,0.2,0.166667,0.175,0.341667,0.275,0.225,0.225,0.562281,0.28,1.381555
volkan,Saturn,42,42-168,-0.156638,0.158333,0.158333,0.158333,0.316667,0.241667,0.141667,0.441667,0.422548,-0.24,1.48115
volkan,Saturn,42,42-169,-0.040763,0.108333,0.141667,0.158333,0.3,0.2,0.183333,0.383333,0.468264,-0.16,1.499083
volkan,Saturn,42,42-170,-0.654788,0.133333,0.15,0.133333,0.283333,0.225,0.041667,0.55,0.324227,-0.6,1.736374
volkan,Saturn,42,42-171,0.446072,0.141667,0.1,0.15,0.25,0.175,0.358333,0.191667,0.647289,0.92,1.641934
volkan,Saturn,42,42-172,-0.454983,0.166667,0.15,0.191667,0.341667,0.233333,0.108333,0.441667,0.421486,-0.28,1.541883
volkan,Saturn,42,42-173,-1.225606,0.158333,0.208333,0.141667,0.35,0.266667,0.0,0.575,0.290251,-1.08,1.812709
volkan,Saturn,42,42-174,-1.277938,0.2,0.2,0.1,0.3,0.258333,0.0,0.65,0.240185,-1.32,2.137628
volkan,Saturn,42,42-175,0.172588,0.133333,0.066667,0.216667,0.283333,0.166667,0.116667,0.458333,0.420199,-0.56,1.515207
volkan,Saturn,42,42-176,1.579091,0.116667,0.108333,0.2,0.308333,0.183333,0.6,0.025,0.817137,1.48,2.481156
volkan,Saturn,42,42-177,0.159992,0.116667,0.166667,0.166667,0.333333,0.225,0.225,0.35,0.504513,-0.16,1.48303
volkan,Saturn,42,42-178,-0.118638,0.15,0.158333,0.158333,0.316667,0.216667,0.158333,0.341667,0.480216,-0.16,1.383867
volkan,Saturn,42,42-179,0.285826,0.133333,0.133333,0.175,0.308333,0.208333,0.341667,0.208333,0.62763,0.88,1.57465
volkan,Saturn,42,42-180,1.306002,0.125,0.091667,0.116667,0.208333,0.166667,0.583333,0.058333,0.785294,1.12,2.318054
volkan,Saturn,42,42-181,0.219383,0.15,0.116667,0.225,0.341667,0.216667,0.158333,0.4,0.474841,0.0,1.438466
volkan,Saturn,42,42-182,-0.410927,0.125,0.191667,0.133333,0.325,0.225,0.183333,0.366667,0.470339,0.08,1.556958
volkan,Saturn,42,42-183,1.106289,0.141667,0.125,0.183333,0.308333,0.2,0.516667,0.058333,0.771158,1.2,2.120522
volkan,Saturn,42,42-184,0.428756,0.183333,0.208333,0.141667,0.35,0.266667,0.35,0.175,0.635125,0.6,1.51424
volkan,Saturn,42,42-185,1.535756,0.2,0.116667,0.183333,0.3,0.233333,0.6,0.008333,0.814997,1.76,2.31166
volkan,Saturn,42,42-186,0.183234,0.116667,0.1,0.225,0.325,0.191667,0.25,0.266667,0.568135,0.36,1.492292
volkan,Saturn,42,42-187,-1.224469,0.116667,0.158333,0.133333,0.291667,0.216667,0.0,0.608333,0.264721,-1.04,1.893961
volkan,Saturn,42,42-188,-1.368159,0.091667,0.1,0.05,0.15,0.133333,0.0,0.808333,0.162381,-1.56,2.559193
volkan,Saturn,42,42-189,1.650928,0.133333,0.108333,0.183333,0.291667,0.191667,0.616667,0.033333,0.822864,1.6,2.496013
volkan,Saturn,42,42-190,1.723666,0.108333,0.083333,0.158333,0.241667,0.15,0.633333,0.0,0.849665,1.88,2.670971
volkan,Saturn,42,42-191,-0.179519,0.133333,0.091667,0.141667,0.233333,0.133333,0.166667,0.483333,0.436291,-0.6,1.690216
volkan,Saturn,42,42-192,-0.383187,0.15,0.158333,0.141667,0.3,0.208333,0.125,0.441667,0.401068,-0.2,1.477599
volkan,Saturn,42,42-193,1.461444,0.133333,0.125,0.15,0.275,0.183333,0.558333,0.041667,0.788229,1.72,2.268768
volkan,Saturn,42,42-194,-1.107046,0.166667,0.108333,0.158333,0.266667,0.208333,0.0,0.675,0.26539,-1.28,1.950484
volkan,Saturn,42,42-195,-0.894727,0.141667,0.183333,0.108333,0.291667,0.258333,0.0,0.625,0.266951,-1.4,1.882128
volkan,Saturn,42,42-196,0.643327,0.2,0.133333,0.2,0.333333,0.216667,0.3,0.233333,0.617185,0.48,1.530189
volkan,Saturn,42,42-197,-0.394605,0.116667,0.066667,0.166667,0.233333,0.15,0.15,0.475,0.419648,-0.72,1.610907
volkan,Saturn,42,42-198,-0.005122,0.183333,0.15,0.166667,0.316667,0.225,0.208333,0.366667,0.495281,0.0,1.477637
volkan,Saturn,42,42-199,-0.163443,0.166667,0.175,0.158333,0.333333,0.225,0.125,0.408333,0.448759,-0.24,1.399899
volkan,Saturn,137,137-0,-0.83988,0.108333,0.125,0.166667,0.291667,0.183333,0.016667,0.633333,0.286174,-1.08,1.946086
volkan,Saturn,137,137-1,-0.732168,0.116667,0.1,0.191667,0.291667,0.166667,0.033333,0.575,0.324727,-0.92,1.870622
volkan,Saturn,137,137-2,-0.626851,0.15,0.116667,0.233333,0.35,0.208333,0.05,0.433333,0.408193,-0.64,1.583475
volkan,Saturn,137,137-3,0.00625,0.158333,0.15,0.125,0.275,0.2,0.258333,0.291667,0.536299,0.04,1.438717
volkan,Saturn,137,137-4,-0.570385,0.108333,0.175,0.116667,0.291667,0.2,0.075,0.491667,0.371408,-0.68,1.517494
volkan,Saturn,137,137-5,-1.007635,0.15,0.141667,0.158333,0.3,0.225,0.0,0.591667,0.291271,-1.28,1.888601
volkan,Saturn,137,137-6,0.22413,0.175,0.158333,0.208333,0.366667,0.266667,0.283333,0.283333,0.562067,0.24,1.496114
volkan,Saturn,137,137-7,-0.680806,0.183333,0.15,0.166667,0.316667,0.208333,0.183333,0.4,0.463287,0.04,1.548549
volkan,Saturn,137,137-8,-1.975848,0.083333,0.116667,0.033333,0.15,0.15,0.0,0.758333,0.162379,-1.36,2.686795
volkan,Saturn,137,137-9,1.958634,0.158333,0.108333,0.166667,0.275,0.2,0.641667,0.0,0.830099,1.76,2.484459
volkan,Saturn,137,137-10,1.619418,0.166667,0.116667,0.166667,0.283333,0.2,0.591667,0.025,0.799693,1.24,2.274881
volkan,Saturn,137,137-11,-1.046955,0.125,0.116667,0.125,0.241667,0.183333,0.016667,0.575,0.295175,-0.68,1.923723
volkan,Saturn,137,137-12,-0.352262,0.175,0.141667,0.183333,0.325,0.225,0.091667,0.4,0.423319,-0.2,1.49007
volkan,Saturn,137,137-13,-0.039214,0.083333,0.108333,0.091667,0.2,0.141667,0.166667,0.491667,0.42351,-0.16,1.546936
volkan,Saturn,137,137-14,0.968455,0.091667,0.083333,0.141667,0.225,0.133333,0.6,0.033333,0.806396,1.52,2.30102
volkan,Saturn,137,137-15,-2.598075,0.033333,0.05,0.0,0.05,0.05,0.0,0.916667,0.09159,-1.84,3.308059
volkan,Saturn,137,137-16,-0.838116,0.066667,0.1,0.15,0.25,0.15,0.025,0.583333,0.315371,-0.92,1.669245
volkan,Saturn,137,137-17,0.165563,0.1,0.141667,0.141667,0.283333,0.216667,0.183333,0.4,0.460312,-0.08,1.482445
volkan,Saturn,137,137-18,-1.815344,0.033333,0.075,0.025,0.1,0.1,0.0,0.791667,0.136178,-1.88,2.802485
volkan,Saturn,137,137-19,-0.640166,0.1,0.1,0.166667,0.266667,0.166667,0.05,0.575,0.3226,-1.04,1.874757
volkan,Saturn,137,137-20,-0.300888,0.15,0.091667,0.225,0.316667,0.191667,0.158333,0.375,0.478023,-0.16,1.485108
volkan,Saturn,137,137-21,-0.448263,0.141667,0.125,0.158333,0.283333,0.2,0.075,0.558333,0.346012,-0.72,1.713117
volkan,Saturn,137,137-22,-1.043383,0.191667,0.158333,0.2,0.358333,0.25,0.0,0.558333,0.31054,-0.88,1.768502
volkan,Saturn,137,137-23,1.046346,0.166667,0.175,0.208333,0.383333,0.241667,0.425,0.075,0.712854,1.08,1.810449
volkan,Saturn,137,137-24,-0.594046,0.133333,0.116667,0.15,0.266667,0.175,0.058333,0.533333,0.347994,-0.8,1.727642
volkan,Saturn,137,137-25,0.783179,0.116667,0.108333,0.108333,0.216667,0.15,0.391667,0.2,0.628184,0.44,1.76825
volkan,Saturn,137,137-26,-0.373046,0.075,0.141667,0.15,0.291667,0.191667,0.125,0.441667,0.417469,-0.16,1.578912
volkan,Saturn,137,137-27,0.152686,0.166667,0.141667,0.158333,0.3,0.233333,0.191667,0.391667,0.470726,-0.12,1.507001
volkan,Saturn,137,137-28,-0.453875,0.116667,0.116667,0.108333,0.225,0.166667,0.141667,0.525,0.387647,-0.48,1.701131
volkan,Saturn,137,137-29,1.015703,0.175,0.183333,0.15,0.333333,0.241667,0.383333,0.216667,0.650241,0.48,1.727549
volkan,Saturn,137,137-30,0.314326,0.15,0.158333,0.225,0.383333,0.225,0.291667,0.225,0.603488,0.76,1.496691
volkan,Saturn,137,137-31,-0.949702,0.15,0.108333,0.225,0.333333,0.208333,0.016667,0.5,0.348029,-0.84,1.731986
volkan,Saturn,137,137-32,0.720263,0.166667,0.133333,0.183333,0.316667,0.241667,0.341667,0.225,0.637711,0.8,1.634572
volkan,Saturn,137,137-33,2.65798,0.0,0.0,0.066667,0.066667,0.0,0.85,0.0,0.940289,2.24,3.720088
volkan,Saturn,137,137-34,-1.741191,0.091667,0.141667,0.033333,0.175,0.166667,0.0,0.758333,0.191549,-1.28,2.151498
volkan,Saturn,137,137-35,-0.080598,0.158333,0.15,0.183333,0.333333,0.225,0.175,0.375,0.49586,0.16,1.43304
volkan,Saturn,137,137-36,0.022184,0.183333,0.216667,0.15,0.366667,0.3,0.2,0.316667,0.502776,-0.04,1.352499
volkan,Saturn,137,137-37,-0.198292,0.166667,0.183333,0.108333,0.291667,0.258333,0.15,0.458333,0.423681,-0.32,1.540087
volkan,Saturn,137,137-38,0.913303,0.25,0.216667,0.141667,0.358333,0.308333,0.316667,0.2,0.621116,0.88,1.564255
volkan,Saturn,137,137-39,-0.192114,0.116667,0.083333,0.158333,0.241667,0.141667,0.133333,0.483333,0.426818,-0.48,1.654281
volkan,Saturn,137,137-40,0.840026,0.066667,0.108333,0.141667,0.25,0.141667,0.55,0.091667,0.752052,1.16,2.035507
volkan,Saturn,137,137-41,0.635433,0.15,0.183333,0.075,0.258333,0.216667,0.341667,0.258333,0.594397,0.36,1.591531
volkan,Saturn,137,137-42,-0.996261,0.158333,0.191667,0.133333,0.325,0.241667,0.0,0.575,0.299796,-0.6,1.758208
volkan,Saturn,137,137-43,-1.106161,0.166667,0.2,0.058333,0.258333,0.25,0.0,0.625,0.237859,-1.44,1.96832
volkan,Saturn,137,137-44,1.787637,0.083333,0.091667,0.133333,0.225,0.125,0.633333,0.008333,0.842241,1.6,2.651592
volkan,Saturn,137,137-45,-0.190261,0.208333,0.183333,0.125,0.308333,0.283333,0.233333,0.358333,0.492588,-0.04,1.425027
volkan,Saturn,137,137-46,0.101085,0.175,0.133333,0.15,0.283333,0.233333,0.233333,0.358333,0.507165,-0.08,1.511499
volkan,Saturn,137,137-47,1.554169,0.216667,0.166667,0.183333,0.35,0.275,0.483333,0.025,0.765798,1.28,2.024992
volkan,Saturn,137,137-48,0.664131,0.166667,0.2,0.175,0.375,0.266667,0.308333,0.216667,0.618987,0.76,1.519296
volkan,Saturn,137,137-49,-0.630889,0.116667,0.1,0.175,0.275,0.175,0.025,0.541667,0.344662,-0.72,1.75547
volkan,Saturn,137,137-50,-0.331603,0.183333,0.1,0.208333,0.308333,0.216667,0.125,0.425,0.426439,-0.64,1.551772
volkan,Saturn,137,137-51,1.076932,0.2,0.166667,0.2,0.366667,0.275,0.475,0.041667,0.757762,1.28,1.918609
volkan,Saturn,137,137-52,1.370465,0.108333,0.183333,0.133333,0.316667,0.2,0.558333,0.05,0.790903,1.44,2.273658
volkan,Saturn,137,137-53,-0.338788,0.166667,0.133333,0.158333,0.291667,0.233333,0.216667,0.383333,0.495701,0.0,1.556865
volkan,Saturn,137,137-54,1.3345,0.175,0.175,0.183333,0.358333,0.266667,0.466667,0.05,0.752322,1.2,1.854821
volkan,Saturn,137,137-55,-0.37606,0.183333,0.191667,0.133333,0.325,0.258333,0.091667,0.45,0.392681,-0.36,1.516452
volkan,Saturn,137,137-56,0.191903,0.191667,0.208333,0.15,0.358333,0.291667,0.166667,0.341667,0.484197,0.16,1.347682
volkan,Saturn,137,137-57,-1.292154,0.141667,0.133333,0.133333,0.266667,0.208333,0.0,0.616667,0.274774,-1.24,1.890184
volkan,Saturn,137,137-58,-0.223985,0.083333,0.108333,0.158333,0.266667,0.158333,0.075,0.525,0.381677,-0.68,1.581735
volkan,Saturn,137,137-59,0.499185,0.166667,0.125,0.166667,0.291667,0.241667,0.275,0.275,0.568947,0.2,1.478979
volkan,Saturn,137,137-60,0.37522,0.141667,0.175,0.15,0.325,0.241667,0.3,0.275,0.561895,0.44,1.482196
volkan,Saturn,137,137-61,0.742053,0.125,0.116667,0.166667,0.283333,0.158333,0.45,0.116667,0.715268,1.16,1.907153
volkan,Saturn,137,137-62,-0.721375,0.141667,0.166667,0.166667,0.333333,0.258333,0.141667,0.416667,0.441496,-0.12,1.560667
volkan,Saturn,137,137-63,-0.202698,0.133333,0.133333,0.141667,0.275,0.175,0.208333,0.358333,0.493279,-0.2,1.548873
volkan,Saturn,137,137-64,-0.106074,0.15,0.083333,0.141667,0.225,0.175,0.166667,0.4,0.454328,-0.24,1.482336
volkan,Saturn,137,137-65,1.702647,0.125,0.091667,0.141667,0.233333,0.166667,0.675,0.016667,0.843148,1.52,2.720147
volkan,Saturn,137,137-66,-1.218646,0.133333,0.133333,0.108333,0.241667,0.191667,0.0,0.65,0.230206,-1.08,2.101471
volkan,Saturn,137,137-67,-0.292621,0.133333,0.125,0.166667,0.291667,0.191667,0.175,0.4,0.444937,-0.08,1.49155
volkan,Saturn,137,137-68,-0.121263,0.15,0.183333,0.141667,0.325,0.233333,0.15,0.408333,0.432429,-0.6,1.448624
volkan,Saturn,137,137-69,3.110762,0.025,0.0,0.05,0.05,0.025,0.9,0.0,0.948181,2.04,4.047281
volkan,Saturn,137,137-70,0.607553,0.166667,0.116667,0.191667,0.308333,0.208333,0.441667,0.133333,0.702095,1.24,1.75887
volkan,Saturn,137,137-71,-0.057651,0.175,0.158333,0.166667,0.325,0.25,0.141667,0.433333,0.452976,-0.16,1.389642
volkan,Saturn,137,137-72,0.04985,0.091667,0.083333,0.175,0.258333,0.158333,0.216667,0.383333,0.485914,-0.08,1.604911
volkan,Saturn,137,137-73,-1.56946,0.041667,0.1,0.016667,0.116667,0.108333,0.0,0.791667,0.158658,-1.48,2.525418
volkan,Saturn,137,137-74,0.103745,0.083333,0.083333,0.133333,0.216667,0.141667,0.291667,0.358333,0.529058,0.08,1.695061
volkan,Saturn,137,137-75,1.292329,0.108333,0.108333,0.15,0.258333,0.166667,0.575,0.058333,0.768577,1.16,2.224437
volkan,Saturn,137,137-76,-0.193478,0.1,0.091667,0.191667,0.283333,0.166667,0.091667,0.5,0.391469,-0.92,1.615431
volkan,Saturn,137,137-77,-0.482773,0.15,0.141667,0.1,0.241667,0.191667,0.133333,0.466667,0.395384,-0.28,1.59459
volkan,Saturn,137,137-78,-0.320344,0.15,0.125,0.166667,0.291667,0.183333,0.108333,0.45,0.418615,-0.56,1.564878
volkan,Saturn,137,137-79,0.822072,0.158333,0.175,0.191667,0.366667,0.258333,0.383333,0.091667,0.694258,1.24,1.675863
volkan,Saturn,137,137-80,0.605951,0.158333,0.15,0.166667,0.316667,0.225,0.391667,0.141667,0.679619,0.88,1.728901
volkan,Saturn,137,137-81,1.128074,0.133333,0.091667,0.158333,0.25,0.175,0.466667,0.108333,0.719042,0.8,1.898519
volkan,Saturn,137,137-82,0.204276,0.141667,0.1,0.166667,0.266667,0.208333,0.216667,0.375,0.472927,-0.24,1.451591
volkan,Saturn,137,137-83,0.745318,0.083333,0.108333,0.066667,0.175,0.15,0.391667,0.25,0.61199,0.64,1.790946
volkan,Saturn,137,137-84,-0.890788,0.141667,0.183333,0.133333,0.316667,0.25,0.0,0.558333,0.293064,-1.04,1.525776
volkan,Saturn,137,137-85,0.138789,0.158333,0.175,0.2,0.375,0.266667,0.225,0.308333,0.527977,0.4,1.42127
volkan,Saturn,137,137-86,-1.118181,0.15,0.15,0.15,0.3,0.216667,0.008333,0.566667,0.286781,-0.8,1.944485
volkan,Saturn,137,137-87,-0.632498,0.183333,0.191667,0.233333,0.425,0.266667,0.058333,0.375,0.452111,-0.04,1.386633
volkan,Saturn,137,137-88,-0.884575,0.158333,0.175,0.15,0.325,0.258333,0.0,0.566667,0.308414,-0.8,1.652315
volkan,Saturn,137,137-89,-0.121239,0.158333,0.15,0.158333,0.308333,0.233333,0.25,0.3,0.538242,0.2,1.49611
volkan,Saturn,137,137-90,1.080744,0.133333,0.133333,0.091667,0.225,0.183333,0.491667,0.116667,0.712417,0.92,2.028431
volkan,Saturn,137,137-91,0.415538,0.2,0.15,0.166667,0.316667,0.233333,0.266667,0.375,0.531389,0.08,1.540758
volkan,Saturn,137,137-92,-1.122452,0.15,0.158333,0.116667,0.275,0.225,0.0,0.616667,0.286723,-0.84,1.797072
volkan,Saturn,137,137-93,0.608223,0.116667,0.141667,0.133333,0.275,0.191667,0.35,0.225,0.626087,0.92,1.565202
volkan,Saturn,137,137-94,2.18768,0.1,0.075,0.175,0.25,0.125,0.633333,0.0,0.853465,1.8,2.72991
volkan,Saturn,137,137-95,1.339749,0.158333,0.2,0.141667,0.341667,0.266667,0.508333,0.05,0.75883,1.2,2.04431
volkan,Saturn,137,137-96,0.715568,0.141667,0.141667,0.133333,0.275,0.208333,0.416667,0.133333,0.68827,0.84,1.683853
volkan,Saturn,137,137-97,1.20599,0.116667,0.083333,0.166667,0.25,0.158333,0.483333,0.116667,0.736116,1.28,2.086347
volkan,Saturn,137,137-98,1.233436,0.133333,0.1,0.191667,0.291667,0.158333,0.533333,0.066667,0.758799,1.16,2.102114
volkan,Saturn,137,137-99,0.341164,0.133333,0.166667,0.141667,0.308333,0.225,0.266667,0.291667,0.551989,0.08,1.480823
volkan,Saturn,137,137-100,-0.340886,0.1,0.133333,0.2,0.333333,0.183333,0.183333,0.35,0.494308,0.0,1.482068
volkan,Saturn,137,137-101,2.087957,0.075,0.033333,0.1,0.133333,0.083333,0.816667,0.0,0.91263,2.0,3.30173
volkan,Saturn,137,137-102,0.368075,0.166667,0.125,0.191667,0.316667,0.225,0.258333,0.291667,0.559915,0.4,1.54621
volkan,Saturn,137,137-103,1.291066,0.158333,0.133333,0.166667,0.3,0.216667,0.5,0.05,0.757598,1.16,2.180407
volkan,Saturn,137,137-104,0.010497,0.166667,0.1,0.233333,0.333333,0.2,0.241667,0.3,0.56767,0.36,1.512888
volkan,Saturn,137,137-105,2.161759,0.116667,0.125,0.158333,0.283333,0.166667,0.641667,0.0,0.8437,1.6,2.698982
volkan,Saturn,137,137-106,-3.001345,0.0,0.0,0.0,0.0,0.0,0.0,0.975,0.038691,-2.28,4.394429
volkan,Saturn,137,137-107,-0.262965,0.2,0.166667,0.225,0.391667,0.266667,0.116667,0.391667,0.444879,-0.36,1.46625
volkan,Saturn,137,137-108,-2.964778,0.0,0.016667,0.0,0.016667,0.016667,0.0,0.966667,0.068722,-2.2,3.725415
volkan,Saturn,137,137-109,1.678688,0.083333,0.116667,0.108333,0.225,0.158333,0.683333,0.0,0.841558,1.56,2.793322
volkan,Saturn,137,137-110,-0.57792,0.166667,0.15,0.183333,0.333333,0.241667,0.141667,0.333333,0.480945,0.12,1.441592
volkan,Saturn,137,137-111,1.266303,0.158333,0.133333,0.141667,0.275,0.191667,0.558333,0.05,0.786606,1.44,2.200824
volkan,Saturn,137,137-112,-0.473743,0.116667,0.108333,0.191667,0.3,0.191667,0.141667,0.433333,0.451065,-0.2,1.573163
volkan,Saturn,137,137-113,-0.641194,0.2,0.175,0.225,0.4,0.283333,0.058333,0.408333,0.426541,-0.36,1.42166
volkan,Saturn,137,137-114,-0.389012,0.125,0.1,0.175,0.275,0.191667,0.1,0.508333,0.384506,-0.64,1.607314
volkan,Saturn,137,137-115,-0.249659,0.15,0.15,0.125,0.275,0.216667,0.175,0.4,0.468839,-0.04,1.461669
volkan,Saturn,137,137-116,1.255613,0.133333,0.175,0.083333,0.258333,0.2,0.541667,0.091667,0.742464,1.12,2.130742
volkan,Saturn,137,137-117,-0.686074,0.133333,0.15,0.141667,0.291667,0.2,0.058333,0.525,0.362878,-0.44,1.63242
volkan,Saturn,137,137-118,-1.848787,0.041667,0.083333,0.041667,0.125,0.116667,0.0,0.808333,0.154357,-1.76,2.783234
volkan,Saturn,137,137-119,-0.31704,0.133333,0.091667,0.216667,0.308333,0.2,0.166667,0.358333,0.480666,0.08,1.510496
volkan,Saturn,137,137-120,1.942559,0.175,0.091667,0.191667,0.283333,0.208333,0.641667,0.0,0.848961,1.76,2.770027
volkan,Saturn,137,137-121,2.226408,0.075,0.091667,0.108333,0.2,0.125,0.708333,0.0,0.882874,1.88,3.050845
volkan,Saturn,137,137-122,0.103639,0.158333,0.166667,0.141667,0.308333,0.233333,0.308333,0.3,0.571156,0.32,1.573907
volkan,Saturn,137,137-123,-1.255067,0.066667,0.15,0.058333,0.208333,0.175,0.0,0.741667,0.174971,-1.72,2.628424
volkan,Saturn,137,137-124,-1.5471,0.108333,0.166667,0.083333,0.25,0.225,0.0,0.7,0.219099,-1.4,2.263231
volkan,Saturn,137,137-125,0.111437,0.1,0.066667,0.133333,0.2,0.133333,0.216667,0.408333,0.491313,0.12,1.631553
volkan,Saturn,137,137-126,0.22928,0.166667,0.141667,0.166667,0.308333,0.25,0.241667,0.366667,0.497648,0.12,1.488703
volkan,Saturn,137,137-127,-0.903158,0.141667,0.091667,0.15,0.241667,0.183333,0.008333,0.666667,0.271104,-1.12,1.966371
volkan,Saturn,137,137-128,-0.146796,0.125,0.15,0.166667,0.316667,0.225,0.108333,0.5,0.385381,-0.48,1.600329
volkan,Saturn,137,137-129,1.006923,0.183333,0.116667,0.25,0.366667,0.25,0.408333,0.091667,0.70445,0.92,1.722186
volkan,Saturn,137,137-130,-0.146176,0.116667,0.116667,0.208333,0.325,0.208333,0.141667,0.425,0.43015,-0.48,1.522362
volkan,Saturn,137,137-131,-0.314946,0.125,0.133333,0.191667,0.325,0.183333,0.141667,0.433333,0.434192,-0.2,1.536689
volkan,Saturn,137,137-132,0.600451,0.166667,0.141667,0.208333,0.35,0.25,0.366667,0.191667,0.650786,0.44,1.678251
volkan,Saturn,137,137-133,-1.159657,0.125,0.133333,0.15,0.283333,0.2,0.0,0.616667,0.276161,-1.12,1.924498
volkan,Saturn,137,137-134,0.151749,0.141667,0.166667,0.183333,0.35,0.25,0.258333,0.283333,0.550633,0.16,1.446332
volkan,Saturn,137,137-135,0.33816,0.175,0.175,0.2,0.375,0.266667,0.225,0.258333,0.567123,0.28,1.37711
volkan,Saturn,137,137-136,0.007584,0.191667,0.141667,0.208333,0.35,0.258333,0.225,0.241667,0.560489,0.2,1.393097
volkan,Saturn,137,137-137,-0.298613,0.15,0.166667,0.175,0.341667,0.233333,0.058333,0.391667,0.41106,-0.88,1.384655
volkan,Saturn,137,137-138,-0.029487,0.166667,0.166667,0.15,0.316667,0.241667,0.233333,0.275,0.543626,0.08,1.43623
volkan,Saturn,137,137-139,1.095607,0.141667,0.091667,0.216667,0.308333,0.191667,0.45,0.108333,0.713073,0.88,1.908627
volkan,Saturn,137,137-140,-2.407855,0.008333,0.041667,0.0,0.041667,0.041667,0.0,0.933333,0.07651,-2.04,3.648074
volkan,Saturn,137,137-141,0.970356,0.133333,0.108333,0.2,0.308333,0.2,0.45,0.116667,0.71426,1.16,1.870542
volkan,Saturn,137,137-142,-0.054668,0.191667,0.15,0.166667,0.316667,0.241667,0.15,0.383333,0.448754,-0.44,1.435874
volkan,Saturn,137,137-143,-0.557724,0.108333,0.15,0.141667,0.291667,0.2,0.041667,0.558333,0.334424,-0.84,1.635998
volkan,Saturn,137,137-144,0.202865,0.141667,0.15,0.158333,0.308333,0.216667,0.35,0.216667,0.620494,0.8,1.57293
volkan,Saturn,137,137-145,0.618659,0.116667,0.108333,0.133333,0.241667,0.183333,0.358333,0.208333,0.639895,0.52,1.707626
volkan,Saturn,137,137-146,0.938405,0.166667,0.208333,0.175,0.383333,0.308333,0.383333,0.141667,0.648762,0.8,1.512099
volkan,Saturn,137,137-147,-0.393954,0.15,0.116667,0.2,0.316667,0.208333,0.141667,0.441667,0.432535,-0.64,1.663411
volkan,Saturn,137,137-148,-0.800885,0.125,0.166667,0.183333,0.35,0.225,0.025,0.55,0.333851,-0.64,1.761678
volkan,Saturn,137,137-149,0.07057,0.175,0.158333,0.216667,0.375,0.233333,0.2,0.266667,0.546197,0.44,1.389655
volkan,Saturn,137,137-150,-1.028025,0.083333,0.125,0.1,0.225,0.166667,0.008333,0.641667,0.249658,-1.4,2.103694
volkan,Saturn,137,137-151,1.687123,0.133333,0.15,0.15,0.3,0.191667,0.608333,0.008333,0.825256,1.24,2.464915
volkan,Saturn,137,137-152,3.708529,0.0,0.0,0.0,0.0,0.0,1.0,0.0,0.972694,2.28,4.59217
volkan,Saturn,137,137-153,-0.882556,0.125,0.108333,0.158333,0.266667,0.158333,0.033333,0.625,0.301882,-1.0,1.956075
volkan,Saturn,137,137-154,1.694662,0.208333,0.166667,0.208333,0.375,0.275,0.491667,0.025,0.773423,1.08,2.125175
volkan,Saturn,137,137-155,0.723206,0.166667,0.116667,0.216667,0.333333,0.233333,0.341667,0.2,0.649051,0.84,1.67909
volkan,Saturn,137,137-156,-0.04033,0.166667,0.15,0.158333,0.308333,0.25,0.208333,0.341667,0.496772,0.04,1.445743
volkan,Saturn,137,137-157,0.950618,0.191667,0.2,0.133333,0.333333,0.275,0.4,0.15,0.670653,0.68,1.735813
volkan,Saturn,137,137-158,0.986405,0.125,0.125,0.166667,0.291667,0.183333,0.491667,0.108333,0.745338,1.04,2.034702
volkan,Saturn,137,137-159,0.374409,0.183333,0.15,0.141667,0.291667,0.233333,0.333333,0.291667,0.585469,0.48,1.603109
volkan,Saturn,137,137-160,-0.601175,0.15,0.125,0.158333,0.283333,0.191667,0.1,0.483333,0.407031,-0.04,1.468812
volkan,Saturn,137,137-161,0.175896,0.2,0.191667,0.258333,0.45,0.291667,0.216667,0.191667,0.592427,0.64,1.335428
volkan,Saturn,137,137-162,-1.11499,0.15,0.141667,0.125,0.266667,0.191667,0.0,0.658333,0.248639,-1.08,2.004019
volkan,Saturn,137,137-163,0.681243,0.141667,0.133333,0.166667,0.3,0.208333,0.358333,0.2,0.646255,0.92,1.641292
volkan,Saturn,137,137-164,-0.269201,0.083333,0.141667,0.15,0.291667,0.158333,0.091667,0.466667,0.406194,-0.44,1.521925
volkan,Saturn,137,137-165,1.059224,0.133333,0.15,0.125,0.275,0.208333,0.425,0.133333,0.692,0.68,1.763854
volkan,Saturn,137,137-166,0.116911,0.133333,0.125,0.116667,0.241667,0.158333,0.225,0.391667,0.51096,0.0,1.662004
volkan,Saturn,137,137-167,-0.122426,0.133333,0.158333,0.158333,0.316667,0.233333,0.083333,0.508333,0.382406,-0.76,1.502477
volkan,Saturn,137,137-168,-0.840159,0.108333,0.133333,0.175,0.308333,0.175,0.066667,0.516667,0.359897,-0.44,1.667216
volkan,Saturn,137,137-169,0.574944,0.141667,0.141667,0.158333,0.3,0.191667,0.333333,0.2,0.646499,1.04,1.672843
volkan,Saturn,137,137-170,0.247893,0.083333,0.091667,0.166667,0.258333,0.125,0.283333,0.325,0.539415,0.04,1.621985
volkan,Saturn,137,137-171,-0.282704,0.175,0.141667,0.15,0.291667,0.225,0.1,0.483333,0.390604,-0.48,1.518874
volkan,Saturn,137,137-172,-0.014739,0.191667,0.158333,0.2,0.358333,0.241667,0.183333,0.308333,0.51326,0.32,1.39726
volkan,Saturn,137,137-173,0.97984,0.175,0.1,0.175,0.275,0.2,0.466667,0.141667,0.727871,1.0,1.989663
volkan,Saturn,137,137-174,-0.173795,0.091667,0.141667,0.175,0.316667,0.183333,0.133333,0.366667,0.458562,-0.12,1.422948
volkan,Saturn,137,137-175,-0.935282,0.116667,0.116667,0.141667,0.258333,0.2,0.008333,0.625,0.253541,-1.36,2.048225
volkan,Saturn,137,137-176,0.668167,0.133333,0.125,0.166667,0.291667,0.191667,0.366667,0.216667,0.632126,0.36,1.65344
volkan,Saturn,137,137-177,0.213525,0.133333,0.116667,0.158333,0.275,0.2,0.316667,0.308333,0.565494,0.2,1.631025
volkan,Saturn,137,137-178,-1.329987,0.091667,0.1,0.141667,0.241667,0.15,0.0,0.683333,0.243215,-1.0,2.040215
volkan,Saturn,137,137-179,2.848663,0.05,0.025,0.075,0.1,0.05,0.816667,0.0,0.925947,1.84,3.589512
volkan,Saturn,137,137-180,-0.531019,0.1,0.091667,0.108333,0.2,0.133333,0.091667,0.566667,0.338615,-0.68,1.858424
volkan,Saturn,137,137-181,-0.074551,0.091667,0.091667,0.116667,0.208333,0.141667,0.3,0.358333,0.534562,0.12,1.701659
volkan,Saturn,137,137-182,-1.524811,0.1,0.116667,0.066667,0.183333,0.15,0.0,0.7,0.207109,-1.44,2.093029
volkan,Saturn,137,137-183,-0.136188,0.158333,0.166667,0.141667,0.308333,0.241667,0.091667,0.441667,0.425499,-0.44,1.421728
volkan,Saturn,137,137-184,-0.68768,0.141667,0.158333,0.125,0.283333,0.225,0.083333,0.541667,0.34924,-0.56,1.735947
volkan,Saturn,137,137-185,-0.527871,0.158333,0.108333,0.191667,0.3,0.191667,0.033333,0.566667,0.331051,-1.04,1.750476
volkan,Saturn,137,137-186,-1.152544,0.141667,0.141667,0.175,0.316667,0.208333,0.0,0.55,0.328729,-0.88,1.772514
volkan,Saturn,137,137-187,-0.413452,0.175,0.141667,0.158333,0.3,0.216667,0.158333,0.458333,0.42415,-0.24,1.537441
volkan,Saturn,137,137-188,-0.552106,0.158333,0.116667,0.133333,0.25,0.2,0.141667,0.425,0.437544,-0.16,1.625714
volkan,Saturn,137,137-189,-0.644944,0.141667,0.133333,0.166667,0.3,0.225,0.025,0.541667,0.353272,-0.68,1.633897
volkan,Saturn,137,137-190,-0.623048,0.166667,0.175,0.125,0.3,0.233333,0.033333,0.516667,0.348174,-0.84,1.637266
volkan,Saturn,137,137-191,-1.278609,0.116667,0.091667,0.125,0.216667,0.15,0.0,0.725,0.228712,-1.44,2.247159
volkan,Saturn,137,137-192,-1.920888,0.041667,0.066667,0.008333,0.075,0.075,0.0,0.858333,0.131967,-1.92,2.861452
volkan,Saturn,137,137-193,-0.632742,0.175,0.183333,0.15,0.333333,0.258333,0.141667,0.375,0.450387,-0.12,1.441768
volkan,Saturn,137,137-194,1.825612,0.075,0.091667,0.125,0.216667,0.133333,0.675,0.0,0.860632,1.76,2.829035
volkan,Saturn,137,137-195,0.521098,0.141667,0.141667,0.158333,0.3,0.225,0.433333,0.141667,0.678674,0.88,1.78852
volkan,Saturn,137,137-196,-0.49011,0.1,0.125,0.108333,0.233333,0.158333,0.108333,0.508333,0.38961,-0.4,1.673528
volkan,Saturn,137,137-197,-1.231114,0.075,0.116667,0.058333,0.175,0.133333,0.0,0.75,0.187941,-1.48,2.318053
volkan,Saturn,137,137-198,-0.165171,0.141667,0.141667,0.191667,0.333333,0.208333,0.083333,0.458333,0.409,-0.68,1.568137
volkan,Saturn,137,137-199,0.03401,0.116667,0.15,0.125,0.275,0.183333,0.175,0.375,0.458937,-0.16,1.500025
volkan,Saturn,369,369-0,0.231976,0.158333,0.141667,0.175,0.316667,0.216667,0.3,0.216667,0.613409,0.64,1.540689
volkan,Saturn,369,369-1,0.030686,0.058333,0.1,0.066667,0.166667,0.125,0.241667,0.45,0.471154,0.12,1.590526
volkan,Saturn,369,369-2,1.22262,0.158333,0.175,0.108333,0.283333,0.25,0.583333,0.041667,0.771509,1.28,2.148043
volkan,Saturn,369,369-3,-0.670696,0.083333,0.108333,0.108333,0.216667,0.15,0.016667,0.625,0.281391,-1.2,1.814706
volkan,Saturn,369,369-4,0.230225,0.166667,0.166667,0.158333,0.325,0.233333,0.258333,0.266667,0.56914,0.4,1.482064
volkan,Saturn,369,369-5,0.256787,0.175,0.1,0.25,0.35,0.191667,0.225,0.308333,0.549076,0.32,1.464109
volkan,Saturn,369,369-6,-0.722373,0.15,0.2,0.15,0.35,0.266667,0.058333,0.441667,0.391398,-0.68,1.353951
volkan,Saturn,369,369-7,0.237807,0.108333,0.133333,0.2,0.333333,0.2,0.316667,0.216667,0.608046,0.52,1.501175
volkan,Saturn,369,369-8,0.032378,0.166667,0.116667,0.175,0.291667,0.233333,0.191667,0.366667,0.486107,-0.16,1.445591
volkan,Saturn,369,369-9,1.926765,0.108333,0.091667,0.183333,0.275,0.133333,0.658333,0.0,0.857693,1.8,2.683769
volkan,Saturn,369,369-10,0.841279,0.166667,0.141667,0.133333,0.275,0.241667,0.491667,0.108333,0.72358,1.28,1.960114
volkan,Saturn,369,369-11,-3.155046,0.0,0.0,0.0,0.0,0.0,0.0,0.983333,0.050589,-2.2,4.150043
volkan,Saturn,369,369-12,-0.487376,0.083333,0.091667,0.166667,0.258333,0.158333,0.075,0.541667,0.353571,-0.48,1.635377
volkan,Saturn,369,369-13,0.128524,0.133333,0.133333,0.133333,0.266667,0.191667,0.3,0.316667,0.549221,0.52,1.590638
volkan,Saturn,369,369-14,-2.890421,0.0,0.016667,0.0,0.016667,0.016667,0.0,0.958333,0.067453,-1.88,3.751306
volkan,Saturn,369,369-15,-2.602773,0.0,0.033333,0.0,0.033333,0.033333,0.0,0.916667,0.080553,-2.2,3.473985
volkan,Saturn,369,369-16,0.18643,0.183333,0.2,0.141667,0.341667,0.266667,0.275,0.258333,0.568944,0.44,1.489344
volkan,Saturn,369,369-17,-1.667763,0.116667,0.108333,0.05,0.158333,0.15,0.0,0.775,0.162804,-1.76,2.671871
volkan,Saturn,369,369-18,1.434687,0.125,0.091667,0.15,0.241667,0.166667,0.616667,0.033333,0.827642,1.8,2.494206
volkan,Saturn,369,369-19,-0.661515,0.15,0.108333,0.208333,0.316667,0.2,0.025,0.566667,0.327975,-0.92,1.825986
volkan,Saturn,369,369-20,-0.158063,0.141667,0.075,0.2,0.275,0.166667,0.2,0.35,0.525271,0.28,1.526419
volkan,Saturn,369,369-21,1.071875,0.116667,0.066667,0.158333,0.225,0.15,0.55,0.1,0.768071,1.52,2.230977
volkan,Saturn,369,369-22,-0.335319,0.091667,0.108333,0.133333,0.241667,0.158333,0.083333,0.516667,0.36409,-0.88,1.677235
volkan,Saturn,369,369-23,1.114239,0.125,0.133333,0.15,0.283333,0.233333,0.516667,0.058333,0.752874,1.28,2.088832
volkan,Saturn,369,369-24,-0.500427,0.125,0.125,0.208333,0.333333,0.216667,0.1,0.408333,0.422965,-0.28,1.478925
volkan,Saturn,369,369-25,-0.467771,0.158333,0.141667,0.2,0.341667,0.25,0.025,0.55,0.333003,-0.84,1.670907
volkan,Saturn,369,369-26,1.125826,0.166667,0.133333,0.208333,0.341667,0.225,0.441667,0.083333,0.717397,0.64,1.76022
volkan,Saturn,369,369-27,-0.43343,0.133333,0.083333,0.183333,0.266667,0.175,0.116667,0.483333,0.403818,-0.28,1.651132
volkan,Saturn,369,369-28,-1.038158,0.158333,0.141667,0.2,0.341667,0.241667,0.033333,0.491667,0.373557,-0.44,1.591292
volkan,Saturn,369,369-29,0.22191,0.158333,0.166667,0.108333,0.275,0.233333,0.241667,0.316667,0.535879,0.32,1.452338
volkan,Saturn,369,369-30,0.488949,0.108333,0.133333,0.083333,0.216667,0.166667,0.316667,0.3,0.576667,0.28,1.617588
volkan,Saturn,369,369-31,-0.099903,0.125,0.141667,0.191667,0.333333,0.191667,0.166667,0.375,0.484047,-0.2,1.453146
volkan,Saturn,369,369-32,-0.424318,0.175,0.116667,0.258333,0.375,0.216667,0.108333,0.358333,0.467232,-0.28,1.486759
volkan,Saturn,369,369-33,-1.962954,0.091667,0.066667,0.041667,0.108333,0.108333,0.0,0.825,0.15249,-1.32,2.657542
volkan,Saturn,369,369-34,-0.578553,0.15,0.15,0.2,0.35,0.241667,0.066667,0.458333,0.38517,-0.44,1.490424
volkan,Saturn,369,369-35,-0.138219,0.183333,0.141667,0.216667,0.358333,0.241667,0.191667,0.35,0.495097,0.2,1.425045
volkan,Saturn,369,369-36,-0.55189,0.116667,0.116667,0.133333,0.25,0.183333,0.091667,0.55,0.36567,-0.68,1.695544
volkan,Saturn,369,369-37,0.626275,0.141667,0.116667,0.15,0.266667,0.191667,0.408333,0.166667,0.662804,1.0,1.727362
volkan,Saturn,369,369-38,-0.013418,0.225,0.2,0.158333,0.358333,0.308333,0.191667,0.291667,0.51951,0.12,1.374802
volkan,Saturn,369,369-39,0.367813,0.166667,0.2,0.133333,0.333333,0.266667,0.3,0.25,0.594,0.64,1.508967
volkan,Saturn,369,369-40,0.511879,0.108333,0.141667,0.175,0.316667,0.191667,0.241667,0.283333,0.550577,-0.04,1.432074
volkan,Saturn,369,369-41,-0.60238,0.133333,0.15,0.15,0.3,0.233333,0.1,0.483333,0.375751,-0.24,1.524102
volkan,Saturn,369,369-42,-0.545278,0.15,0.133333,0.225,0.358333,0.2,0.058333,0.475,0.412366,-0.56,1.588006
volkan,Saturn,369,369-43,-1.148539,0.125,0.125,0.141667,0.266667,0.191667,0.0,0.658333,0.265606,-1.16,1.849482
volkan,Saturn,369,369-44,-0.64239,0.125,0.141667,0.1,0.241667,0.183333,0.025,0.675,0.261837,-1.32,1.984624
volkan,Saturn,369,369-45,-0.123988,0.108333,0.058333,0.166667,0.225,0.141667,0.25,0.391667,0.510536,-0.12,1.676835
volkan,Saturn,369,369-46,0.446608,0.108333,0.108333,0.175,0.283333,0.166667,0.3,0.308333,0.573249,0.36,1.565017
volkan,Saturn,369,369-47,-0.857714,0.166667,0.15,0.116667,0.266667,0.25,0.025,0.633333,0.273507,-1.16,1.906549
volkan,Saturn,369,369-48,0.029596,0.091667,0.1,0.175,0.275,0.15,0.283333,0.275,0.578386,0.4,1.578096
volkan,Saturn,369,369-49,-1.521616,0.133333,0.108333,0.108333,0.216667,0.175,0.0,0.658333,0.229106,-1.2,2.098313
volkan,Saturn,369,369-50,-1.174665,0.141667,0.15,0.075,0.225,0.2,0.0,0.641667,0.244346,-1.6,2.102552
volkan,Saturn,369,369-51,0.216574,0.15,0.183333,0.116667,0.3,0.225,0.341667,0.216667,0.621121,0.88,1.606081
volkan,Saturn,369,369-52,1.454491,0.141667,0.133333,0.175,0.308333,0.216667,0.533333,0.05,0.781768,1.72,2.292865
volkan,Saturn,369,369-53,0.726874,0.066667,0.075,0.15,0.225,0.108333,0.358333,0.241667,0.619434,0.28,1.751005
volkan,Saturn,369,369-54,-0.642818,0.158333,0.108333,0.2,0.308333,0.208333,0.133333,0.441667,0.439228,-0.12,1.66528
volkan,Saturn,369,369-55,0.861417,0.083333,0.1,0.158333,0.258333,0.125,0.483333,0.15,0.713145,1.12,1.941838
volkan,Saturn,369,369-56,0.15782,0.108333,0.141667,0.166667,0.308333,0.166667,0.275,0.308333,0.568451,0.2,1.562841
volkan,Saturn,369,369-57,-0.616591,0.091667,0.091667,0.175,0.266667,0.158333,0.033333,0.558333,0.335853,-0.92,1.715849
volkan,Saturn,369,369-58,-1.032616,0.141667,0.116667,0.133333,0.25,0.208333,0.0,0.683333,0.239326,-1.64,2.09538
volkan,Saturn,369,369-59,0.092656,0.1,0.158333,0.116667,0.275,0.191667,0.266667,0.383333,0.502249,-0.08,1.561554
volkan,Saturn,369,369-60,-0.398194,0.175,0.15,0.158333,0.308333,0.258333,0.125,0.5,0.387128,-0.52,1.619615
volkan,Saturn,369,369-61,-1.820899,0.05,0.091667,0.041667,0.133333,0.116667,0.0,0.8,0.157028,-1.4,2.628434
volkan,Saturn,369,369-62,0.172438,0.125,0.15,0.141667,0.291667,0.216667,0.283333,0.275,0.553273,-0.16,1.530425
volkan,Saturn,369,369-63,-1.604932,0.075,0.125,0.05,0.175,0.158333,0.0,0.758333,0.180845,-1.48,2.357611
volkan,Saturn,369,369-64,-0.547018,0.166667,0.191667,0.108333,0.3,0.266667,0.116667,0.441667,0.40914,-0.28,1.482482
volkan,Saturn,369,369-65,0.849584,0.1,0.108333,0.2,0.308333,0.166667,0.425,0.125,0.69571,0.8,1.823033
volkan,Saturn,369,369-66,-0.917635,0.166667,0.116667,0.141667,0.258333,0.208333,0.0,0.658333,0.245774,-1.32,2.093981
volkan,Saturn,369,369-67,1.020256,0.1,0.108333,0.125,0.233333,0.15,0.483333,0.125,0.710347,0.8,1.926999
volkan,Saturn,369,369-68,0.653268,0.133333,0.116667,0.158333,0.275,0.166667,0.458333,0.183333,0.693956,0.68,1.80697
volkan,Saturn,369,369-69,-1.243689,0.066667,0.075,0.1,0.175,0.1,0.0,0.75,0.219939,-1.24,2.101143
volkan,Saturn,369,369-70,1.151157,0.15,0.125,0.166667,0.291667,0.2,0.525,0.058333,0.774776,1.44,2.059831
volkan,Saturn,369,369-71,-0.469619,0.183333,0.133333,0.175,0.308333,0.25,0.075,0.5,0.38264,-0.64,1.533558
volkan,Saturn,369,369-72,-0.662576,0.108333,0.1,0.208333,0.308333,0.183333,0.0,0.558333,0.333485,-0.88,1.676259
volkan,Saturn,369,369-73,0.43348,0.133333,0.15,0.133333,0.283333,0.208333,0.408333,0.225,0.638785,0.72,1.786098
volkan,Saturn,369,369-74,1.53104,0.108333,0.041667,0.15,0.191667,0.116667,0.725,0.016667,0.871454,1.6,2.790025
volkan,Saturn,369,369-75,0.597911,0.108333,0.133333,0.141667,0.275,0.191667,0.433333,0.225,0.658839,0.84,1.866863
volkan,Saturn,369,369-76,0.068143,0.15,0.125,0.158333,0.283333,0.208333,0.233333,0.383333,0.495314,0.12,1.573286
volkan,Saturn,369,369-77,0.518152,0.125,0.125,0.15,0.275,0.191667,0.433333,0.183333,0.678326,0.96,1.78436
volkan,Saturn,369,369-78,0.768912,0.141667,0.108333,0.15,0.258333,0.2,0.45,0.15,0.713655,1.12,1.924925
volkan,Saturn,369,369-79,2.208458,0.108333,0.058333,0.15,0.208333,0.141667,0.75,0.0,0.886211,1.84,2.963673
volkan,Saturn,369,369-80,0.609541,0.166667,0.166667,0.158333,0.325,0.258333,0.35,0.208333,0.61806,0.4,1.611204
volkan,Saturn,369,369-81,0.102991,0.15,0.141667,0.2,0.341667,0.225,0.233333,0.316667,0.527989,0.2,1.53384
volkan,Saturn,369,369-82,1.185387,0.108333,0.1,0.175,0.275,0.15,0.441667,0.1,0.71579,0.92,1.803517
volkan,Saturn,369,369-83,-0.666769,0.133333,0.158333,0.15,0.308333,0.216667,0.016667,0.541667,0.324469,-0.76,1.687358
volkan,Saturn,369,369-84,1.195109,0.125,0.15,0.141667,0.291667,0.191667,0.566667,0.05,0.791403,1.68,2.358046
volkan,Saturn,369,369-85,2.089352,0.058333,0.05,0.141667,0.191667,0.091667,0.758333,0.0,0.893293,2.16,3.081883
volkan,Saturn,369,369-86,-0.859006,0.15,0.166667,0.133333,0.3,0.233333,0.033333,0.55,0.325916,-0.92,1.818148
volkan,Saturn,369,369-87,0.806216,0.15,0.15,0.141667,0.291667,0.216667,0.491667,0.125,0.720311,1.04,1.801385
volkan,Saturn,369,369-88,0.84898,0.1,0.1,0.183333,0.283333,0.141667,0.483333,0.125,0.734523,1.32,1.965628
volkan,Saturn,369,369-89,-1.191223,0.158333,0.133333,0.175,0.308333,0.208333,0.0,0.6,0.294724,-0.8,1.905298
volkan,Saturn,369,369-90,-2.083709,0.058333,0.158333,0.008333,0.166667,0.166667,0.0,0.733333,0.174191,-1.56,2.593289
volkan,Saturn,369,369-91,2.871627,0.016667,0.0,0.091667,0.091667,0.016667,0.875,0.0,0.942441,2.28,3.916096
volkan,Saturn,369,369-92,-2.061716,0.033333,0.075,0.0,0.075,0.075,0.0,0.875,0.109831,-2.0,3.126911
volkan,Saturn,369,369-93,1.454118,0.125,0.116667,0.125,0.241667,0.191667,0.6,0.025,0.816705,1.52,2.348287
volkan,Saturn,369,369-94,1.793163,0.1,0.091667,0.166667,0.258333,0.15,0.566667,0.033333,0.798685,1.6,2.316059
volkan,Saturn,369,369-95,-1.086711,0.158333,0.241667,0.05,0.291667,0.283333,0.008333,0.575,0.288448,-1.04,1.717893
volkan,Saturn,369,369-96,-0.429271,0.166667,0.158333,0.141667,0.3,0.225,0.058333,0.5,0.356026,-0.44,1.565877
volkan,Saturn,369,369-97,-1.847038,0.1,0.116667,0.083333,0.2,0.175,0.0,0.725,0.189504,-1.32,2.398162
volkan,Saturn,369,369-98,-0.573374,0.191667,0.141667,0.166667,0.308333,0.241667,0.016667,0.583333,0.306273,-1.12,1.774135
volkan,Saturn,369,369-99,-2.606954,0.016667,0.041667,0.0,0.041667,0.041667,0.0,0.9,0.113243,-1.84,3.075442
volkan,Saturn,369,369-100,2.447595,0.033333,0.008333,0.066667,0.075,0.033333,0.908333,0.0,0.941439,2.16,3.788281
volkan,Saturn,369,369-101,-0.774114,0.15,0.15,0.166667,0.316667,0.241667,0.041667,0.558333,0.335391,-0.96,1.679905
volkan,Saturn,369,369-102,-0.419893,0.158333,0.166667,0.175,0.341667,0.258333,0.091667,0.425,0.406568,-0.48,1.359011
volkan,Saturn,369,369-103,-2.045843,0.083333,0.066667,0.041667,0.108333,0.108333,0.0,0.858333,0.142029,-1.6,2.845538
volkan,Saturn,369,369-104,0.862104,0.1,0.116667,0.158333,0.275,0.166667,0.441667,0.166667,0.68156,0.96,1.811903
volkan,Saturn,369,369-105,0.328284,0.183333,0.175,0.158333,0.333333,0.258333,0.2,0.291667,0.528017,-0.04,1.361811
volkan,Saturn,369,369-106,1.034031,0.141667,0.091667,0.183333,0.275,0.191667,0.55,0.05,0.793416,1.36,2.192692
volkan,Saturn,369,369-107,0.175197,0.125,0.083333,0.208333,0.291667,0.158333,0.266667,0.3,0.560786,0.16,1.479139
volkan,Saturn,369,369-108,-0.222364,0.133333,0.175,0.141667,0.316667,0.233333,0.191667,0.375,0.479693,-0.0,1.471861
volkan,Saturn,369,369-109,-0.133694,0.133333,0.158333,0.2,0.358333,0.241667,0.183333,0.341667,0.481371,-0.2,1.413386
volkan,Saturn,369,369-110,1.801781,0.141667,0.083333,0.158333,0.241667,0.175,0.708333,0.0,0.868208,1.6,2.867052
volkan,Saturn,369,369-111,0.499768,0.133333,0.158333,0.191667,0.35,0.225,0.266667,0.25,0.587163,0.36,1.471152
volkan,Saturn,369,369-112,-1.014326,0.116667,0.116667,0.133333,0.25,0.2,0.0,0.725,0.228985,-1.44,2.081103
volkan,Saturn,369,369-113,0.3677,0.158333,0.108333,0.158333,0.266667,0.2,0.25,0.383333,0.515325,0.12,1.599231
volkan,Saturn,369,369-114,0.269233,0.15,0.158333,0.133333,0.291667,0.233333,0.2,0.333333,0.489532,-0.32,1.441584
volkan,Saturn,369,369-115,-0.678598,0.183333,0.133333,0.183333,0.316667,0.233333,0.033333,0.525,0.36368,-0.64,1.644956
volkan,Saturn,369,369-116,-0.072946,0.141667,0.091667,0.191667,0.283333,0.175,0.166667,0.4,0.488877,0.2,1.564299
volkan,Saturn,369,369-117,-0.994879,0.091667,0.083333,0.1,0.183333,0.133333,0.0,0.7,0.222363,-1.64,2.141128
volkan,Saturn,369,369-118,0.93942,0.15,0.133333,0.15,0.283333,0.208333,0.45,0.141667,0.682797,0.8,1.823886
volkan,Saturn,369,369-119,0.77847,0.183333,0.133333,0.191667,0.325,0.225,0.3,0.216667,0.607007,0.24,1.521436
volkan,Saturn,369,369-120,-1.518781,0.125,0.075,0.091667,0.166667,0.141667,0.0,0.758333,0.189792,-1.48,2.485434
volkan,Saturn,369,369-121,-1.423723,0.125,0.183333,0.05,0.233333,0.216667,0.0,0.708333,0.201859,-1.56,2.199591
volkan,Saturn,369,369-122,0.978785,0.15,0.2,0.083333,0.283333,0.258333,0.441667,0.15,0.672856,0.96,1.814838
volkan,Saturn,369,369-123,1.339497,0.125,0.1,0.166667,0.266667,0.175,0.508333,0.05,0.771262,1.28,2.227764
volkan,Saturn,369,369-124,-2.13659,0.033333,0.075,0.016667,0.091667,0.091667,0.0,0.841667,0.130035,-1.72,2.889006
volkan,Saturn,369,369-125,1.078108,0.166667,0.133333,0.15,0.283333,0.2,0.45,0.116667,0.712121,1.08,1.907537
volkan,Saturn,369,369-126,0.699484,0.1,0.091667,0.166667,0.258333,0.158333,0.425,0.158333,0.692691,0.92,1.866153
volkan,Saturn,369,369-127,1.275301,0.125,0.133333,0.141667,0.275,0.2,0.575,0.058333,0.784867,1.52,2.339559
volkan,Saturn,369,369-128,0.425079,0.191667,0.216667,0.15,0.366667,0.275,0.216667,0.266667,0.55897,0.44,1.424072
volkan,Saturn,369,369-129,1.955968,0.075,0.066667,0.083333,0.15,0.091667,0.75,0.008333,0.885458,1.84,3.013715
volkan,Saturn,369,369-130,0.703888,0.141667,0.158333,0.133333,0.291667,0.225,0.358333,0.183333,0.648657,0.72,1.619251
volkan,Saturn,369,369-131,0.513951,0.183333,0.183333,0.141667,0.325,0.266667,0.266667,0.316667,0.522995,0.16,1.341889
volkan,Saturn,369,369-132,0.491925,0.158333,0.166667,0.108333,0.275,0.233333,0.4,0.183333,0.624682,0.56,1.6303
volkan,Saturn,369,369-133,-1.561684,0.1,0.175,0.016667,0.191667,0.191667,0.0,0.733333,0.180978,-1.76,2.421145
volkan,Saturn,369,369-134,0.245354,0.175,0.175,0.15,0.325,0.258333,0.225,0.316667,0.528067,0.28,1.412832
volkan,Saturn,369,369-135,2.197761,0.108333,0.041667,0.175,0.216667,0.125,0.758333,0.0,0.899227,1.96,3.302111
volkan,Saturn,369,369-136,1.47046,0.125,0.141667,0.158333,0.3,0.233333,0.608333,0.033333,0.812858,1.6,2.478905
volkan,Saturn,369,369-137,-0.726608,0.15,0.116667,0.158333,0.275,0.183333,0.008333,0.583333,0.291159,-0.96,1.936968
volkan,Saturn,369,369-138,1.069092,0.225,0.183333,0.183333,0.366667,0.266667,0.45,0.1,0.719453,1.16,1.778609
volkan,Saturn,369,369-139,0.504925,0.183333,0.183333,0.166667,0.35,0.258333,0.308333,0.233333,0.59007,0.52,1.519383
volkan,Saturn,369,369-140,-1.515391,0.108333,0.125,0.066667,0.191667,0.133333,0.0,0.733333,0.196226,-1.56,2.500847
volkan,Saturn,369,369-141,-0.557669,0.2,0.183333,0.15,0.333333,0.258333,0.116667,0.425,0.437188,-0.24,1.492439
volkan,Saturn,369,369-142,-1.805564,0.05,0.066667,0.025,0.091667,0.091667,0.0,0.816667,0.140325,-1.76,2.661147
volkan,Saturn,369,369-143,1.00057,0.15,0.141667,0.15,0.291667,0.216667,0.408333,0.141667,0.684385,1.04,1.772097
volkan,Saturn,369,369-144,-0.293508,0.158333,0.125,0.225,0.35,0.225,0.191667,0.35,0.51099,0.04,1.537677
volkan,Saturn,369,369-145,-1.197497,0.125,0.125,0.141667,0.266667,0.191667,0.008333,0.666667,0.250648,-1.24,2.13293
volkan,Saturn,369,369-146,0.355825,0.216667,0.183333,0.15,0.333333,0.3,0.216667,0.333333,0.517297,0.2,1.437689
volkan,Saturn,369,369-147,0.060891,0.208333,0.208333,0.108333,0.316667,0.275,0.183333,0.375,0.471923,-0.4,1.449502
volkan,Saturn,369,369-148,-0.734187,0.15,0.175,0.2,0.375,0.241667,0.016667,0.508333,0.345332,-1.0,1.631972
volkan,Saturn,369,369-149,1.042388,0.116667,0.141667,0.1,0.241667,0.191667,0.5,0.125,0.720354,0.76,2.010304
volkan,Saturn,369,369-150,0.567493,0.191667,0.133333,0.216667,0.35,0.25,0.358333,0.2,0.646419,0.52,1.622337
volkan,Saturn,369,369-151,-0.326013,0.15,0.175,0.191667,0.366667,0.25,0.2,0.341667,0.491714,0.08,1.44843
volkan,Saturn,369,369-152,0.159952,0.158333,0.175,0.091667,0.266667,0.208333,0.225,0.358333,0.502352,0.12,1.473441
volkan,Saturn,369,369-153,1.172015,0.158333,0.2,0.125,0.325,0.233333,0.525,0.033333,0.766619,1.32,1.975444
volkan,Saturn,369,369-154,-2.277682,0.058333,0.075,0.033333,0.108333,0.108333,0.0,0.833333,0.14262,-1.48,2.704271
volkan,Saturn,369,369-155,1.339122,0.15,0.15,0.166667,0.316667,0.216667,0.533333,0.016667,0.787492,1.4,2.195942
volkan,Saturn,369,369-156,-0.957434,0.166667,0.133333,0.175,0.308333,0.225,0.008333,0.566667,0.297777,-1.12,1.816021
volkan,Saturn,369,369-157,-0.400505,0.108333,0.1,0.175,0.275,0.166667,0.066667,0.516667,0.368369,-0.92,1.72268
volkan,Saturn,369,369-158,0.853967,0.141667,0.158333,0.158333,0.316667,0.233333,0.3,0.233333,0.592802,0.28,1.503689
volkan,Saturn,369,369-159,-0.344609,0.15,0.125,0.108333,0.233333,0.2,0.091667,0.541667,0.365847,-0.72,1.62251
volkan,Saturn,369,369-160,1.494031,0.133333,0.125,0.158333,0.283333,0.2,0.6,0.016667,0.817533,1.32,2.352598
volkan,Saturn,369,369-161,-0.807596,0.125,0.15,0.133333,0.283333,0.225,0.008333,0.6,0.284552,-0.92,1.847448
volkan,Saturn,369,369-162,-0.239289,0.125,0.125,0.166667,0.291667,0.191667,0.133333,0.425,0.423857,-0.6,1.484687
volkan,Saturn,369,369-163,-2.746209,0.016667,0.033333,0.0,0.033333,0.033333,0.0,0.85,0.09846,-1.72,3.501941
volkan,Saturn,369,369-164,1.19522,0.15,0.116667,0.225,0.341667,0.216667,0.525,0.041667,0.775098,1.24,2.12974
volkan,Saturn,369,369-165,-1.211251,0.141667,0.141667,0.125,0.266667,0.216667,0.0,0.625,0.259685,-1.24,1.851996
volkan,Saturn,369,369-166,1.643909,0.1,0.091667,0.141667,0.233333,0.133333,0.7,0.0,0.867243,1.84,2.985821
volkan,Saturn,369,369-167,0.721479,0.175,0.125,0.191667,0.316667,0.225,0.408333,0.191667,0.668156,0.76,1.798376
volkan,Saturn,369,369-168,1.403925,0.166667,0.116667,0.191667,0.308333,0.225,0.533333,0.058333,0.780823,1.32,2.28817
volkan,Saturn,369,369-169,-0.526088,0.108333,0.116667,0.183333,0.3,0.175,0.033333,0.566667,0.341532,-0.92,1.692081
volkan,Saturn,369,369-170,0.524277,0.075,0.066667,0.2,0.266667,0.133333,0.458333,0.158333,0.698123,1.0,1.876195
volkan,Saturn,369,369-171,-0.449724,0.125,0.1,0.183333,0.283333,0.183333,0.141667,0.425,0.431295,-0.4,1.575594
volkan,Saturn,369,369-172,-0.098782,0.233333,0.15,0.191667,0.341667,0.266667,0.125,0.416667,0.468076,-0.28,1.40448
volkan,Saturn,369,369-173,0.053851,0.141667,0.158333,0.183333,0.341667,0.241667,0.258333,0.258333,0.560316,0.12,1.483253
volkan,Saturn,369,369-174,0.199838,0.125,0.133333,0.116667,0.25,0.208333,0.291667,0.316667,0.551361,0.64,1.561654
volkan,Saturn,369,369-175,-0.54819,0.158333,0.158333,0.175,0.333333,0.233333,0.033333,0.491667,0.374649,-0.64,1.561008
volkan,Saturn,369,369-176,0.356066,0.125,0.108333,0.2,0.308333,0.191667,0.291667,0.291667,0.581625,0.64,1.581029
volkan,Saturn,369,369-177,1.05976,0.083333,0.116667,0.108333,0.225,0.158333,0.483333,0.1,0.722381,1.24,2.048571
volkan,Saturn,369,369-178,-0.585372,0.175,0.158333,0.25,0.408333,0.283333,0.075,0.416667,0.407156,-0.44,1.526071
volkan,Saturn,369,369-179,-1.391402,0.1,0.091667,0.075,0.166667,0.141667,0.0,0.741667,0.197693,-1.24,2.27136
volkan,Saturn,369,369-180,0.254504,0.166667,0.15,0.191667,0.341667,0.25,0.258333,0.316667,0.547012,0.28,1.485099
volkan,Saturn,369,369-181,0.227448,0.133333,0.15,0.216667,0.366667,0.233333,0.208333,0.308333,0.53273,0.32,1.438126
volkan,Saturn,369,369-182,0.533,0.191667,0.191667,0.175,0.366667,0.291667,0.233333,0.316667,0.538559,-0.28,1.420061
volkan,Saturn,369,369-183,0.016653,0.141667,0.141667,0.191667,0.333333,0.241667,0.25,0.308333,0.55455,0.08,1.570882
volkan,Saturn,369,369-184,-0.127383,0.116667,0.15,0.1,0.25,0.191667,0.183333,0.425,0.437501,-0.36,1.53269
volkan,Saturn,369,369-185,-1.489992,0.091667,0.108333,0.075,0.183333,0.183333,0.0,0.758333,0.188104,-1.64,2.257861
volkan,Saturn,369,369-186,-0.581476,0.083333,0.108333,0.141667,0.25,0.158333,0.058333,0.533333,0.361938,-0.36,1.721046
volkan,Saturn,369,369-187,-0.244752,0.125,0.125,0.133333,0.258333,0.183333,0.15,0.466667,0.420247,-0.6,1.625133
volkan,Saturn,369,369-188,-0.858205,0.141667,0.1,0.183333,0.283333,0.183333,0.033333,0.558333,0.348061,-0.8,1.727267
volkan,Saturn,369,369-189,0.12465,0.225,0.166667,0.158333,0.325,0.275,0.258333,0.3,0.552515,0.24,1.439076
volkan,Saturn,369,369-190,0.378446,0.133333,0.141667,0.183333,0.325,0.191667,0.333333,0.25,0.604644,0.52,1.611492
volkan,Saturn,369,369-191,0.139139,0.175,0.141667,0.141667,0.283333,0.225,0.3,0.291667,0.57678,0.2,1.549165
volkan,Saturn,369,369-192,-0.411408,0.175,0.15,0.233333,0.383333,0.258333,0.116667,0.383333,0.448909,-0.32,1.413186
volkan,Saturn,369,369-193,0.001881,0.191667,0.133333,0.208333,0.341667,0.241667,0.208333,0.325,0.547771,0.4,1.453509
volkan,Saturn,369,369-194,0.438737,0.141667,0.141667,0.133333,0.275,0.2,0.266667,0.283333,0.560602,0.32,1.505224
volkan,Saturn,369,369-195,-2.863164,0.0,0.016667,0.0,0.016667,0.016667,0.0,0.966667,0.061195,-2.12,3.815519
volkan,Saturn,369,369-196,-0.392589,0.133333,0.125,0.183333,0.308333,0.216667,0.141667,0.4,0.450355,-0.04,1.421669
volkan,Saturn,369,369-197,-1.7188,0.075,0.075,0.091667,0.166667,0.133333,0.0,0.791667,0.172551,-1.8,2.645293
volkan,Saturn,369,369-198,0.501067,0.2,0.166667,0.183333,0.35,0.258333,0.275,0.258333,0.581102,0.56,1.393387
volkan,Saturn,369,369-199,-2.175564,0.033333,0.025,0.025,0.05,0.05,0.0,0.866667,0.11768,-1.76,3.013676
volkan,Saturn,1024,1024-0,-0.453679,0.15,0.141667,0.166667,0.308333,0.2,0.15,0.408333,0.461512,0.04,1.475294
volkan,Saturn,1024,1024-1,-0.139218,0.091667,0.141667,0.141667,0.283333,0.175,0.2,0.375,0.48508,-0.36,1.486314
volkan,Saturn,1024,1024-2,2.417348,0.05,0.025,0.116667,0.141667,0.058333,0.8,0.0,0.920905,1.96,3.523613
volkan,Saturn,1024,1024-3,0.083214,0.158333,0.066667,0.258333,0.325,0.2,0.275,0.266667,0.584498,0.56,1.538962
volkan,Saturn,1024,1024-4,1.48629,0.083333,0.1,0.241667,0.341667,0.133333,0.458333,0.025,0.786959,1.28,1.997722
volkan,Saturn,1024,1024-5,0.45974,0.108333,0.166667,0.083333,0.25,0.191667,0.183333,0.425,0.457239,-0.52,1.476246
volkan,Saturn,1024,1024-6,-0.213213,0.141667,0.133333,0.133333,0.266667,0.225,0.183333,0.416667,0.447078,-0.28,1.519723
volkan,Saturn,1024,1024-7,-0.65551,0.175,0.116667,0.183333,0.3,0.208333,0.033333,0.516667,0.358792,-0.68,1.669958
volkan,Saturn,1024,1024-8,-0.363281,0.15,0.158333,0.141667,0.3,0.241667,0.15,0.433333,0.432783,-0.32,1.554029
volkan,Saturn,1024,1024-9,0.450501,0.15,0.191667,0.175,0.366667,0.275,0.325,0.141667,0.638722,0.44,1.398345
volkan,Saturn,1024,1024-10,-1.466925,0.1,0.141667,0.058333,0.2,0.175,0.0,0.758333,0.185092,-1.76,2.439683
volkan,Saturn,1024,1024-11,-0.372172,0.191667,0.116667,0.191667,0.308333,0.216667,0.158333,0.366667,0.463074,-0.16,1.472157
volkan,Saturn,1024,1024-12,1.562737,0.175,0.133333,0.216667,0.35,0.258333,0.491667,0.05,0.752618,1.16,2.003626
volkan,Saturn,1024,1024-13,0.762199,0.133333,0.158333,0.1,0.258333,0.2,0.458333,0.158333,0.673685,0.8,1.758328
volkan,Saturn,1024,1024-14,0.246562,0.166667,0.2,0.2,0.4,0.291667,0.2,0.275,0.536122,0.08,1.332557
volkan,Saturn,1024,1024-15,-0.340309,0.108333,0.125,0.183333,0.308333,0.191667,0.216667,0.358333,0.499971,0.04,1.528478
volkan,Saturn,1024,1024-16,-0.891364,0.183333,0.141667,0.166667,0.308333,0.241667,0.025,0.558333,0.327575,-0.76,1.733865
volkan,Saturn,1024,1024-17,2.037654,0.125,0.091667,0.175,0.266667,0.158333,0.65,0.0,0.840733,1.56,2.591449
volkan,Saturn,1024,1024-18,0.591213,0.15,0.158333,0.15,0.308333,0.216667,0.225,0.3,0.539023,0.2,1.423125
volkan,Saturn,1024,1024-19,-1.030628,0.041667,0.125,0.075,0.2,0.141667,0.008333,0.716667,0.220401,-1.44,2.121872
volkan,Saturn,1024,1024-20,-0.837841,0.166667,0.133333,0.191667,0.325,0.241667,0.008333,0.541667,0.310918,-0.8,1.711901
volkan,Saturn,1024,1024-21,-0.519407,0.2,0.15,0.191667,0.341667,0.25,0.125,0.391667,0.461277,-0.2,1.420876
volkan,Saturn,1024,1024-22,-0.45672,0.183333,0.1,0.208333,0.308333,0.225,0.241667,0.3,0.553986,0.44,1.480415
volkan,Saturn,1024,1024-23,0.597314,0.175,0.141667,0.133333,0.275,0.241667,0.325,0.25,0.602984,0.6,1.672356
volkan,Saturn,1024,1024-24,1.160834,0.166667,0.15,0.166667,0.316667,0.241667,0.45,0.091667,0.711521,1.08,1.826559
volkan,Saturn,1024,1024-25,-0.094463,0.191667,0.241667,0.175,0.416667,0.291667,0.166667,0.291667,0.51575,0.2,1.314828
volkan,Saturn,1024,1024-26,1.098646,0.15,0.208333,0.133333,0.341667,0.258333,0.466667,0.083333,0.724029,1.04,1.775601
volkan,Saturn,1024,1024-27,-1.234635,0.2,0.2,0.2,0.4,0.291667,0.0,0.491667,0.33983,-0.64,1.573962
volkan,Saturn,1024,1024-28,0.524817,0.133333,0.125,0.116667,0.241667,0.166667,0.35,0.3,0.594763,0.48,1.695909
volkan,Saturn,1024,1024-29,0.662467,0.158333,0.15,0.15,0.3,0.216667,0.441667,0.15,0.689281,1.12,1.876327
volkan,Saturn,1024,1024-30,1.173854,0.141667,0.158333,0.116667,0.275,0.208333,0.558333,0.033333,0.757924,1.24,2.119747
volkan,Saturn,1024,1024-31,1.003531,0.133333,0.15,0.133333,0.283333,0.2,0.45,0.075,0.741275,1.32,1.95843
volkan,Saturn,1024,1024-32,0.949154,0.141667,0.166667,0.166667,0.333333,0.233333,0.366667,0.175,0.657382,1.04,1.602764
volkan,Saturn,1024,1024-33,-1.982724,0.058333,0.075,0.016667,0.091667,0.091667,0.0,0.85,0.133998,-1.76,2.846065
volkan,Saturn,1024,1024-34,-0.512017,0.183333,0.175,0.166667,0.341667,0.258333,0.141667,0.4,0.469229,0.16,1.477567
volkan,Saturn,1024,1024-35,-1.617087,0.108333,0.141667,0.091667,0.233333,0.2,0.0,0.733333,0.201113,-1.52,2.451946
volkan,Saturn,1024,1024-36,-0.252073,0.158333,0.175,0.141667,0.316667,0.233333,0.108333,0.4,0.443766,-0.24,1.448387
volkan,Saturn,1024,1024-37,-1.935859,0.033333,0.041667,0.033333,0.075,0.066667,0.0,0.85,0.12418,-2.04,2.897438
volkan,Saturn,1024,1024-38,0.876777,0.116667,0.108333,0.125,0.233333,0.166667,0.558333,0.041667,0.764907,1.36,1.980788
volkan,Saturn,1024,1024-39,-0.385024,0.133333,0.125,0.15,0.275,0.191667,0.125,0.508333,0.394853,-0.4,1.641232
volkan,Saturn,1024,1024-40,0.952162,0.108333,0.1,0.15,0.25,0.166667,0.5,0.116667,0.727476,1.08,1.95262
volkan,Saturn,1024,1024-41,-0.694434,0.091667,0.116667,0.116667,0.233333,0.141667,0.033333,0.6,0.331889,-0.8,1.784515
volkan,Saturn,1024,1024-42,-0.121534,0.158333,0.083333,0.233333,0.316667,0.208333,0.208333,0.35,0.53448,0.24,1.531422
volkan,Saturn,1024,1024-43,0.806678,0.091667,0.083333,0.15,0.233333,0.141667,0.366667,0.241667,0.62719,0.72,1.659654
volkan,Saturn,1024,1024-44,-0.9207,0.125,0.108333,0.125,0.233333,0.175,0.0,0.65,0.249196,-1.64,2.145433
volkan,Saturn,1024,1024-45,-1.944503,0.033333,0.075,0.0,0.075,0.075,0.0,0.85,0.128267,-1.8,2.837504
volkan,Saturn,1024,1024-46,2.42525,0.091667,0.041667,0.133333,0.175,0.108333,0.741667,0.0,0.898488,1.92,3.275388
volkan,Saturn,1024,1024-47,-1.629288,0.083333,0.125,0.041667,0.166667,0.158333,0.0,0.716667,0.179569,-1.76,2.541159
volkan,Saturn,1024,1024-48,0.371418,0.1,0.083333,0.158333,0.241667,0.141667,0.391667,0.258333,0.645266,0.36,1.749458
volkan,Saturn,1024,1024-49,0.901256,0.15,0.125,0.116667,0.241667,0.2,0.483333,0.1,0.719762,1.0,1.963408
volkan,Saturn,1024,1024-50,0.545248,0.108333,0.083333,0.141667,0.225,0.133333,0.325,0.275,0.577017,0.32,1.622937
volkan,Saturn,1024,1024-51,-1.769431,0.075,0.116667,0.033333,0.15,0.141667,0.0,0.741667,0.178865,-1.56,2.367295
volkan,Saturn,1024,1024-52,0.660271,0.183333,0.191667,0.175,0.366667,0.275,0.333333,0.158333,0.631524,0.36,1.45706
volkan,Saturn,1024,1024-53,0.355437,0.141667,0.133333,0.133333,0.266667,0.208333,0.291667,0.3,0.551667,0.24,1.452935
volkan,Saturn,1024,1024-54,0.715129,0.1,0.125,0.175,0.3,0.191667,0.416667,0.166667,0.664835,0.72,1.726574
volkan,Saturn,1024,1024-55,-2.183124,0.025,0.05,0.008333,0.058333,0.058333,0.0,0.883333,0.110579,-1.92,3.187874
volkan,Saturn,1024,1024-56,-0.067843,0.091667,0.125,0.075,0.2,0.15,0.291667,0.366667,0.520445,0.28,1.57785
volkan,Saturn,1024,1024-57,-0.675636,0.175,0.141667,0.133333,0.275,0.225,0.033333,0.616667,0.300458,-0.96,1.918732
volkan,Saturn,1024,1024-58,-1.359565,0.125,0.15,0.066667,0.216667,0.191667,0.0,0.691667,0.20818,-1.32,2.224333
volkan,Saturn,1024,1024-59,-0.119658,0.166667,0.108333,0.233333,0.341667,0.233333,0.191667,0.366667,0.495065,0.12,1.582017
volkan,Saturn,1024,1024-60,-1.509762,0.083333,0.091667,0.058333,0.15,0.141667,0.0,0.791667,0.149798,-1.76,2.828253
volkan,Saturn,1024,1024-61,-0.053294,0.133333,0.15,0.125,0.275,0.216667,0.108333,0.441667,0.409055,-0.72,1.526645
volkan,Saturn,1024,1024-62,-0.899341,0.141667,0.133333,0.116667,0.25,0.2,0.008333,0.641667,0.272839,-1.32,1.871024
volkan,Saturn,1024,1024-63,-0.333747,0.125,0.083333,0.175,0.258333,0.175,0.125,0.483333,0.408191,-0.56,1.691619
volkan,Saturn,1024,1024-64,-0.226425,0.15,0.133333,0.216667,0.35,0.225,0.175,0.308333,0.511131,-0.16,1.459741
volkan,Saturn,1024,1024-65,-1.99674,0.033333,0.091667,0.008333,0.1,0.1,0.0,0.85,0.120085,-1.96,2.9105
volkan,Saturn,1024,1024-66,-0.072562,0.166667,0.125,0.183333,0.308333,0.233333,0.216667,0.325,0.524806,0.16,1.452621
volkan,Saturn,1024,1024-67,0.486877,0.108333,0.125,0.141667,0.266667,0.183333,0.325,0.258333,0.60452,0.56,1.717774
volkan,Saturn,1024,1024-68,-0.683814,0.133333,0.125,0.183333,0.308333,0.2,0.05,0.541667,0.337995,-0.88,1.74302
volkan,Saturn,1024,1024-69,-0.028345,0.133333,0.133333,0.175,0.308333,0.2,0.175,0.366667,0.475227,-0.08,1.459582
volkan,Saturn,1024,1024-70,0.225393,0.15,0.133333,0.175,0.308333,0.2,0.3,0.266667,0.602968,0.68,1.606959
volkan,Saturn,1024,1024-71,0.272283,0.166667,0.15,0.15,0.3,0.233333,0.316667,0.225,0.609884,0.64,1.529295
volkan,Saturn,1024,1024-72,-0.66278,0.141667,0.108333,0.116667,0.225,0.166667,0.033333,0.633333,0.288032,-1.36,1.825683
volkan,Saturn,1024,1024-73,-0.075206,0.175,0.125,0.183333,0.308333,0.2,0.208333,0.316667,0.508941,-0.08,1.474396
volkan,Saturn,1024,1024-74,-0.458991,0.116667,0.108333,0.108333,0.216667,0.158333,0.25,0.366667,0.497347,0.12,1.680601
volkan,Saturn,1024,1024-75,0.190854,0.116667,0.116667,0.133333,0.25,0.166667,0.275,0.325,0.542384,0.32,1.581684
volkan,Saturn,1024,1024-76,2.172069,0.05,0.041667,0.141667,0.183333,0.075,0.733333,0.0,0.893982,1.92,3.1136
volkan,Saturn,1024,1024-77,1.061123,0.175,0.15,0.183333,0.333333,0.241667,0.433333,0.1,0.705581,1.0,1.836407
volkan,Saturn,1024,1024-78,0.513334,0.1,0.141667,0.116667,0.258333,0.175,0.316667,0.3,0.551338,0.12,1.605192
volkan,Saturn,1024,1024-79,0.467789,0.175,0.158333,0.166667,0.325,0.25,0.275,0.25,0.57617,0.36,1.478548
volkan,Saturn,1024,1024-80,-0.119441,0.183333,0.158333,0.208333,0.366667,0.266667,0.2,0.291667,0.518708,0.24,1.416982
volkan,Saturn,1024,1024-81,0.257175,0.116667,0.116667,0.116667,0.233333,0.15,0.35,0.266667,0.608932,0.24,1.611582
volkan,Saturn,1024,1024-82,0.520727,0.141667,0.158333,0.15,0.308333,0.225,0.3,0.266667,0.585464,0.52,1.572203
volkan,Saturn,1024,1024-83,0.275461,0.175,0.141667,0.2,0.341667,0.241667,0.25,0.266667,0.561938,0.16,1.464989
volkan,Saturn,1024,1024-84,2.118684,0.1,0.083333,0.133333,0.216667,0.108333,0.683333,0.0,0.87346,2.0,2.853702
volkan,Saturn,1024,1024-85,-0.480852,0.133333,0.175,0.141667,0.316667,0.233333,0.025,0.525,0.336394,-0.8,1.676942
volkan,Saturn,1024,1024-86,0.653347,0.108333,0.133333,0.141667,0.275,0.175,0.375,0.233333,0.643679,0.8,1.762642
volkan,Saturn,1024,1024-87,-0.620066,0.183333,0.116667,0.225,0.341667,0.241667,0.133333,0.375,0.480404,-0.12,1.467689
volkan,Saturn,1024,1024-88,0.843938,0.141667,0.133333,0.2,0.333333,0.2,0.408333,0.15,0.689673,0.92,1.716424
volkan,Saturn,1024,1024-89,-0.260361,0.183333,0.133333,0.166667,0.3,0.233333,0.125,0.466667,0.403562,-0.4,1.562596
volkan,Saturn,1024,1024-90,-1.307344,0.116667,0.125,0.083333,0.208333,0.166667,0.0,0.733333,0.214792,-1.52,2.197421
volkan,Saturn,1024,1024-91,0.52292,0.141667,0.091667,0.175,0.266667,0.191667,0.391667,0.25,0.640024,0.8,1.800384
volkan,Saturn,1024,1024-92,-0.040401,0.108333,0.125,0.125,0.25,0.183333,0.2,0.425,0.468838,-0.28,1.543569
volkan,Saturn,1024,1024-93,-1.844562,0.075,0.108333,0.066667,0.175,0.15,0.0,0.733333,0.19099,-1.28,2.397536
volkan,Saturn,1024,1024-94,0.138788,0.091667,0.066667,0.166667,0.233333,0.133333,0.166667,0.491667,0.413473,-0.52,1.653141
volkan,Saturn,1024,1024-95,0.282639,0.2,0.175,0.208333,0.383333,0.283333,0.25,0.25,0.584424,0.44,1.416609
volkan,Saturn,1024,1024-96,0.365249,0.158333,0.125,0.2,0.325,0.233333,0.275,0.275,0.569924,0.36,1.524216
volkan,Saturn,1024,1024-97,0.169047,0.125,0.133333,0.2,0.333333,0.2,0.258333,0.241667,0.573231,0.44,1.465595
volkan,Saturn,1024,1024-98,-1.388095,0.091667,0.125,0.1,0.225,0.166667,0.0,0.7,0.219626,-1.52,2.173958
volkan,Saturn,1024,1024-99,0.944657,0.141667,0.15,0.166667,0.316667,0.216667,0.283333,0.291667,0.575025,0.28,1.490324
volkan,Saturn,1024,1024-100,0.052692,0.125,0.116667,0.1,0.216667,0.166667,0.225,0.4,0.473982,-0.12,1.513655
volkan,Saturn,1024,1024-101,-0.434545,0.166667,0.158333,0.158333,0.316667,0.233333,0.091667,0.458333,0.410252,-0.4,1.451701
volkan,Saturn,1024,1024-102,-0.314861,0.141667,0.125,0.175,0.3,0.208333,0.133333,0.383333,0.44694,-0.08,1.469912
volkan,Saturn,1024,1024-103,0.09447,0.133333,0.158333,0.158333,0.316667,0.2,0.241667,0.325,0.521464,-0.16,1.517452
volkan,Saturn,1024,1024-104,-0.276964,0.133333,0.158333,0.116667,0.275,0.225,0.125,0.4,0.408529,-0.52,1.514793
volkan,Saturn,1024,1024-105,1.162645,0.15,0.15,0.15,0.3,0.233333,0.358333,0.166667,0.65059,0.84,1.55738
volkan,Saturn,1024,1024-106,0.252362,0.116667,0.108333,0.158333,0.266667,0.166667,0.266667,0.291667,0.564334,0.24,1.542939
volkan,Saturn,1024,1024-107,-0.848234,0.133333,0.191667,0.141667,0.333333,0.25,0.0,0.541667,0.315776,-0.76,1.617812
volkan,Saturn,1024,1024-108,0.229203,0.116667,0.141667,0.175,0.316667,0.2,0.3,0.241667,0.593428,0.32,1.539792
volkan,Saturn,1024,1024-109,-0.803285,0.133333,0.1,0.116667,0.216667,0.191667,0.008333,0.666667,0.258506,-1.24,1.900992
volkan,Saturn,1024,1024-110,-0.190562,0.075,0.125,0.125,0.25,0.15,0.216667,0.425,0.464015,-0.24,1.620827
volkan,Saturn,1024,1024-111,-0.19398,0.125,0.091667,0.175,0.266667,0.183333,0.191667,0.383333,0.478358,0.2,1.528623
volkan,Saturn,1024,1024-112,-0.433928,0.183333,0.2,0.125,0.325,0.266667,0.075,0.483333,0.385543,-0.6,1.517458
volkan,Saturn,1024,1024-113,0.289044,0.166667,0.15,0.183333,0.333333,0.241667,0.291667,0.316667,0.557109,0.4,1.541186
volkan,Saturn,1024,1024-114,0.537074,0.15,0.116667,0.2,0.316667,0.216667,0.325,0.216667,0.603939,0.48,1.604254
volkan,Saturn,1024,1024-115,0.298362,0.15,0.15,0.141667,0.291667,0.208333,0.241667,0.333333,0.533377,0.08,1.557465
volkan,Saturn,1024,1024-116,1.177182,0.133333,0.116667,0.216667,0.333333,0.191667,0.466667,0.041667,0.752215,1.24,2.0384
volkan,Saturn,1024,1024-117,1.564602,0.108333,0.083333,0.141667,0.225,0.158333,0.616667,0.033333,0.79872,1.28,2.363436
volkan,Saturn,1024,1024-118,0.700849,0.225,0.166667,0.208333,0.375,0.283333,0.308333,0.225,0.61168,0.6,1.505722
volkan,Saturn,1024,1024-119,-1.447227,0.075,0.091667,0.033333,0.125,0.108333,0.0,0.808333,0.151932,-1.72,2.626591
volkan,Saturn,1024,1024-120,0.2584,0.091667,0.075,0.116667,0.191667,0.141667,0.325,0.375,0.529282,0.36,1.654736
volkan,Saturn,1024,1024-121,-2.292643,0.033333,0.033333,0.0,0.033333,0.033333,0.0,0.9,0.10759,-1.92,3.098788
volkan,Saturn,1024,1024-122,0.040694,0.1,0.125,0.116667,0.241667,0.158333,0.258333,0.383333,0.492594,-0.36,1.653495
volkan,Saturn,1024,1024-123,0.560079,0.133333,0.116667,0.15,0.266667,0.208333,0.458333,0.141667,0.693732,1.04,1.832701
volkan,Saturn,1024,1024-124,-0.938357,0.116667,0.108333,0.166667,0.275,0.183333,0.0,0.583333,0.309261,-1.0,1.769981
volkan,Saturn,1024,1024-125,-1.597581,0.066667,0.141667,0.05,0.191667,0.175,0.0,0.708333,0.190203,-1.6,2.326263
volkan,Saturn,1024,1024-126,-0.841867,0.116667,0.125,0.141667,0.266667,0.183333,0.033333,0.591667,0.304586,-1.0,1.829817
volkan,Saturn,1024,1024-127,-0.289939,0.166667,0.175,0.158333,0.333333,0.258333,0.116667,0.458333,0.422901,-0.36,1.458153
volkan,Saturn,1024,1024-128,1.212432,0.125,0.158333,0.166667,0.325,0.225,0.475,0.05,0.742876,1.4,1.907091
volkan,Saturn,1024,1024-129,-0.611522,0.1,0.133333,0.141667,0.275,0.183333,0.008333,0.575,0.295505,-0.8,1.823002
volkan,Saturn,1024,1024-130,1.19278,0.2,0.166667,0.175,0.341667,0.258333,0.483333,0.075,0.744602,1.16,1.90961
volkan,Saturn,1024,1024-131,0.036004,0.125,0.125,0.191667,0.316667,0.208333,0.291667,0.25,0.583787,0.8,1.520598
volkan,Saturn,1024,1024-132,0.459359,0.1,0.091667,0.091667,0.183333,0.15,0.4,0.308333,0.597658,0.4,1.744546
volkan,Saturn,1024,1024-133,1.932302,0.05,0.033333,0.15,0.183333,0.083333,0.708333,0.016667,0.865492,1.84,3.081548
volkan,Saturn,1024,1024-134,-0.44433,0.133333,0.066667,0.191667,0.258333,0.158333,0.075,0.508333,0.377048,-0.64,1.630247
volkan,Saturn,1024,1024-135,-0.388455,0.166667,0.133333,0.125,0.258333,0.191667,0.033333,0.566667,0.32829,-0.76,1.644727
volkan,Saturn,1024,1024-136,1.419827,0.141667,0.125,0.158333,0.283333,0.208333,0.541667,0.066667,0.784801,1.36,2.265136
volkan,Saturn,1024,1024-137,-0.924784,0.133333,0.108333,0.133333,0.241667,0.175,0.0,0.7,0.236461,-1.6,2.09223
volkan,Saturn,1024,1024-138,2.11632,0.108333,0.033333,0.191667,0.225,0.116667,0.708333,0.0,0.8821,1.76,2.848338
volkan,Saturn,1024,1024-139,0.584726,0.116667,0.1,0.166667,0.266667,0.175,0.458333,0.133333,0.71385,0.8,1.848658
volkan,Saturn,1024,1024-140,0.501021,0.141667,0.125,0.15,0.275,0.191667,0.358333,0.2,0.623939,0.64,1.625384
volkan,Saturn,1024,1024-141,0.627165,0.125,0.108333,0.2,0.308333,0.191667,0.258333,0.3,0.57386,0.44,1.469883
volkan,Saturn,1024,1024-142,0.788706,0.183333,0.133333,0.15,0.283333,0.225,0.441667,0.133333,0.690898,1.0,1.819106
volkan,Saturn,1024,1024-143,-1.001698,0.191667,0.2,0.141667,0.341667,0.283333,0.0,0.591667,0.283402,-1.2,1.829204
volkan,Saturn,1024,1024-144,-1.463705,0.15,0.158333,0.1,0.258333,0.216667,0.0,0.65,0.228472,-1.36,2.140939
volkan,Saturn,1024,1024-145,-0.324913,0.141667,0.133333,0.158333,0.291667,0.216667,0.158333,0.408333,0.475072,-0.12,1.459482
volkan,Saturn,1024,1024-146,0.973946,0.15,0.175,0.175,0.35,0.241667,0.391667,0.116667,0.700396,0.8,1.686169
volkan,Saturn,1024,1024-147,-0.26743,0.15,0.133333,0.183333,0.316667,0.216667,0.166667,0.35,0.483505,-0.04,1.498288
volkan,Saturn,1024,1024-148,-0.356829,0.175,0.166667,0.141667,0.308333,0.25,0.158333,0.425,0.443185,-0.36,1.540754
volkan,Saturn,1024,1024-149,-1.63242,0.058333,0.108333,0.041667,0.15,0.133333,0.0,0.791667,0.164909,-1.8,2.600382
volkan,Saturn,1024,1024-150,0.108571,0.116667,0.116667,0.108333,0.225,0.166667,0.283333,0.358333,0.524979,0.08,1.588459
volkan,Saturn,1024,1024-151,-1.035564,0.108333,0.15,0.1,0.25,0.2,0.033333,0.633333,0.278733,-1.16,1.950097
volkan,Saturn,1024,1024-152,0.358833,0.183333,0.191667,0.166667,0.358333,0.258333,0.375,0.175,0.640329,0.6,1.533003
volkan,Saturn,1024,1024-153,-1.836732,0.083333,0.1,0.041667,0.141667,0.133333,0.0,0.725,0.17306,-1.72,2.556135
volkan,Saturn,1024,1024-154,0.90746,0.141667,0.133333,0.175,0.308333,0.225,0.433333,0.175,0.66889,0.36,1.855113
volkan,Saturn,1024,1024-155,0.611797,0.108333,0.108333,0.108333,0.216667,0.175,0.433333,0.191667,0.647097,0.72,1.809991
volkan,Saturn,1024,1024-156,-1.085474,0.1,0.116667,0.075,0.191667,0.166667,0.0,0.683333,0.230284,-1.4,2.081878
volkan,Saturn,1024,1024-157,-1.189078,0.116667,0.125,0.175,0.3,0.208333,0.0,0.625,0.276616,-1.04,1.950342
volkan,Saturn,1024,1024-158,-0.159013,0.116667,0.1,0.158333,0.258333,0.183333,0.183333,0.441667,0.447166,-0.16,1.596794
volkan,Saturn,1024,1024-159,-1.710433,0.058333,0.1,0.025,0.125,0.125,0.0,0.8,0.155096,-1.76,2.612875
volkan,Saturn,1024,1024-160,-0.786836,0.15,0.133333,0.15,0.283333,0.208333,0.025,0.583333,0.316017,-0.92,1.899837
volkan,Saturn,1024,1024-161,-2.156481,0.0,0.05,0.0,0.05,0.05,0.0,0.916667,0.078309,-2.12,3.527392
volkan,Saturn,1024,1024-162,-0.614817,0.141667,0.108333,0.183333,0.291667,0.191667,0.075,0.5,0.373113,-0.44,1.738507
volkan,Saturn,1024,1024-163,0.513434,0.141667,0.158333,0.133333,0.291667,0.208333,0.4,0.191667,0.653172,0.76,1.714833
volkan,Saturn,1024,1024-164,-1.755263,0.091667,0.116667,0.033333,0.15,0.15,0.0,0.775,0.163889,-1.52,2.633543
volkan,Saturn,1024,1024-165,0.375268,0.166667,0.175,0.108333,0.283333,0.216667,0.366667,0.191667,0.645308,0.8,1.623924
volkan,Saturn,1024,1024-166,-0.368979,0.116667,0.116667,0.15,0.266667,0.191667,0.191667,0.441667,0.441601,-0.04,1.582244
volkan,Saturn,1024,1024-167,-0.433669,0.1,0.075,0.125,0.2,0.15,0.058333,0.575,0.330244,-1.0,1.706811
volkan,Saturn,1024,1024-168,0.144424,0.108333,0.1,0.141667,0.241667,0.166667,0.25,0.325,0.521424,0.32,1.563213
volkan,Saturn,1024,1024-169,0.734074,0.233333,0.216667,0.208333,0.425,0.35,0.333333,0.141667,0.646569,0.72,1.508709
volkan,Saturn,1024,1024-170,-2.060442,0.058333,0.066667,0.041667,0.108333,0.108333,0.0,0.866667,0.126377,-1.92,2.908469
volkan,Saturn,1024,1024-171,-2.302819,0.0,0.016667,0.0,0.016667,0.016667,0.0,0.925,0.086801,-2.12,3.303929
volkan,Saturn,1024,1024-172,-0.315122,0.116667,0.183333,0.175,0.358333,0.208333,0.091667,0.433333,0.428188,-0.44,1.54762
volkan,Saturn,1024,1024-173,-0.647231,0.066667,0.091667,0.116667,0.208333,0.125,0.041667,0.65,0.281812,-1.2,1.991644
volkan,Saturn,1024,1024-174,-1.658396,0.091667,0.1,0.05,0.15,0.141667,0.0,0.791667,0.159544,-1.84,2.749978
volkan,Saturn,1024,1024-175,-0.474327,0.141667,0.133333,0.2,0.333333,0.208333,0.166667,0.383333,0.469703,-0.12,1.509635
volkan,Saturn,1024,1024-176,0.116371,0.125,0.108333,0.125,0.233333,0.183333,0.25,0.308333,0.538453,0.24,1.466047
volkan,Saturn,1024,1024-177,-0.195482,0.183333,0.166667,0.191667,0.358333,0.258333,0.116667,0.4,0.427082,-0.52,1.500307
volkan,Saturn,1024,1024-178,0.170587,0.133333,0.116667,0.158333,0.275,0.183333,0.3,0.333333,0.545341,0.2,1.591324
volkan,Saturn,1024,1024-179,-0.352184,0.166667,0.125,0.225,0.35,0.241667,0.108333,0.483333,0.406391,-0.56,1.656886
volkan,Saturn,1024,1024-180,-0.788933,0.141667,0.091667,0.175,0.266667,0.191667,0.016667,0.658333,0.266857,-1.2,1.975882
volkan,Saturn,1024,1024-181,-1.217064,0.1,0.133333,0.141667,0.275,0.191667,0.0,0.625,0.259072,-1.0,1.970591
volkan,Saturn,1024,1024-182,-0.716231,0.141667,0.133333,0.166667,0.3,0.225,0.016667,0.608333,0.291837,-0.92,1.824764
volkan,Saturn,1024,1024-183,-0.03899,0.133333,0.091667,0.2,0.291667,0.183333,0.216667,0.358333,0.493231,-0.24,1.588142
volkan,Saturn,1024,1024-184,0.154547,0.133333,0.108333,0.15,0.258333,0.191667,0.266667,0.383333,0.509383,0.04,1.60809
volkan,Saturn,1024,1024-185,-0.27275,0.133333,0.116667,0.241667,0.358333,0.2,0.166667,0.358333,0.506367,0.0,1.558924
volkan,Saturn,1024,1024-186,-1.152264,0.125,0.125,0.133333,0.258333,0.208333,0.0,0.691667,0.223404,-1.52,2.224826
volkan,Saturn,1024,1024-187,1.514339,0.15,0.175,0.166667,0.341667,0.258333,0.55,0.033333,0.782165,1.24,2.255611
volkan,Saturn,1024,1024-188,-0.199393,0.158333,0.15,0.141667,0.291667,0.216667,0.25,0.35,0.51901,0.08,1.548675
volkan,Saturn,1024,1024-189,-1.046237,0.133333,0.141667,0.166667,0.308333,0.2,0.008333,0.55,0.321657,-1.0,1.706055
volkan,Saturn,1024,1024-190,0.696606,0.116667,0.166667,0.15,0.316667,0.2,0.4,0.175,0.65398,0.64,1.681689
volkan,Saturn,1024,1024-191,-0.890197,0.158333,0.133333,0.15,0.283333,0.233333,0.025,0.558333,0.329705,-0.72,1.744287
volkan,Saturn,1024,1024-192,-0.583305,0.15,0.15,0.141667,0.291667,0.2,0.033333,0.558333,0.344493,-0.8,1.683476
volkan,Saturn,1024,1024-193,1.315357,0.175,0.166667,0.158333,0.325,0.25,0.45,0.066667,0.732928,1.04,1.961878
volkan,Saturn,1024,1024-194,-0.921093,0.141667,0.158333,0.2,0.358333,0.25,0.008333,0.516667,0.337988,-0.72,1.759443
volkan,Saturn,1024,1024-195,-1.033055,0.183333,0.158333,0.166667,0.325,0.241667,0.008333,0.508333,0.356495,-0.48,1.725422
volkan,Saturn,1024,1024-196,0.791634,0.216667,0.166667,0.208333,0.375,0.283333,0.341667,0.141667,0.648245,0.64,1.543032
volkan,Saturn,1024,1024-197,-1.046091,0.141667,0.158333,0.15,0.308333,0.216667,0.0,0.566667,0.305185,-1.0,1.706497
volkan,Saturn,1024,1024-198,-0.344008,0.091667,0.108333,0.125,0.233333,0.158333,0.091667,0.566667,0.357822,-0.64,1.763257
volkan,Saturn,1024,1024-199,0.002774,0.1,0.108333,0.166667,0.275,0.175,0.133333,0.391667,0.441703,-0.52,1.52397
volkan,Saturn,2026,2026-0,-0.793122,0.116667,0.158333,0.116667,0.275,0.208333,0.025,0.616667,0.280293,-0.92,1.878037
volkan,Saturn,2026,2026-1,0.240571,0.133333,0.141667,0.175,0.316667,0.216667,0.2,0.358333,0.508676,0.0,1.497397
volkan,Saturn,2026,2026-2,-1.896326,0.091667,0.15,0.05,0.2,0.191667,0.0,0.75,0.186597,-1.28,2.304369
volkan,Saturn,2026,2026-3,1.395772,0.133333,0.075,0.2,0.275,0.166667,0.583333,0.025,0.814936,1.72,2.343426
volkan,Saturn,2026,2026-4,0.638295,0.166667,0.158333,0.158333,0.316667,0.233333,0.466667,0.133333,0.702595,1.2,1.733462
volkan,Saturn,2026,2026-5,-0.292047,0.125,0.125,0.141667,0.266667,0.183333,0.158333,0.425,0.44084,-0.16,1.541563
volkan,Saturn,2026,2026-6,-0.311949,0.133333,0.166667,0.2,0.366667,0.241667,0.066667,0.425,0.421616,-0.4,1.354054
volkan,Saturn,2026,2026-7,0.303835,0.141667,0.116667,0.133333,0.25,0.183333,0.25,0.35,0.517633,0.12,1.527235
volkan,Saturn,2026,2026-8,-0.26766,0.108333,0.108333,0.216667,0.325,0.183333,0.133333,0.416667,0.458287,0.2,1.5447
volkan,Saturn,2026,2026-9,-0.225909,0.1,0.066667,0.2,0.266667,0.133333,0.141667,0.433333,0.43696,-0.36,1.657562
volkan,Saturn,2026,2026-10,0.720068,0.166667,0.125,0.158333,0.283333,0.216667,0.458333,0.15,0.699934,1.12,1.838915
volkan,Saturn,2026,2026-11,0.514705,0.166667,0.075,0.175,0.25,0.183333,0.325,0.275,0.612994,0.68,1.662399
volkan,Saturn,2026,2026-12,-0.064128,0.166667,0.175,0.116667,0.291667,0.225,0.233333,0.341667,0.513277,0.0,1.455632
volkan,Saturn,2026,2026-13,-0.085477,0.108333,0.116667,0.1,0.216667,0.158333,0.1,0.533333,0.356384,-0.72,1.658163
volkan,Saturn,2026,2026-14,0.160916,0.15,0.1,0.183333,0.283333,0.233333,0.208333,0.4,0.487642,-0.2,1.593233
volkan,Saturn,2026,2026-15,-0.614018,0.141667,0.133333,0.158333,0.291667,0.208333,0.041667,0.516667,0.325305,-0.68,1.758298
volkan,Saturn,2026,2026-16,-0.40375,0.133333,0.15,0.158333,0.308333,0.216667,0.05,0.5,0.388069,-0.68,1.58754
volkan,Saturn,2026,2026-17,0.54826,0.125,0.183333,0.091667,0.275,0.225,0.316667,0.275,0.577522,0.2,1.469828
volkan,Saturn,2026,2026-18,-0.130483,0.133333,0.133333,0.158333,0.291667,0.208333,0.183333,0.408333,0.465206,-0.52,1.52548
volkan,Saturn,2026,2026-19,-1.374426,0.15,0.166667,0.075,0.241667,0.216667,0.0,0.691667,0.225288,-1.16,2.024949
volkan,Saturn,2026,2026-20,-0.477279,0.1,0.125,0.125,0.25,0.166667,0.075,0.466667,0.376557,-0.68,1.644704
volkan,Saturn,2026,2026-21,0.656622,0.108333,0.1,0.158333,0.258333,0.15,0.391667,0.216667,0.646013,0.56,1.792648
volkan,Saturn,2026,2026-22,-0.232283,0.166667,0.183333,0.141667,0.325,0.266667,0.166667,0.375,0.450445,-0.08,1.449168
volkan,Saturn,2026,2026-23,-0.148733,0.125,0.125,0.15,0.275,0.175,0.158333,0.391667,0.480241,0.12,1.466852
volkan,Saturn,2026,2026-24,0.641837,0.166667,0.133333,0.191667,0.325,0.233333,0.408333,0.141667,0.67894,0.6,1.689149
volkan,Saturn,2026,2026-25,1.82461,0.166667,0.108333,0.241667,0.35,0.208333,0.541667,0.0,0.817727,1.68,2.391557
volkan,Saturn,2026,2026-26,-0.713189,0.141667,0.133333,0.15,0.283333,0.208333,0.091667,0.483333,0.400819,-0.56,1.517307
volkan,Saturn,2026,2026-27,1.348207,0.15,0.158333,0.141667,0.3,0.233333,0.533333,0.083333,0.767079,1.32,2.130532
volkan,Saturn,2026,2026-28,-1.230013,0.125,0.166667,0.083333,0.25,0.216667,0.0,0.666667,0.221962,-1.64,2.102366
volkan,Saturn,2026,2026-29,0.174978,0.15,0.166667,0.166667,0.333333,0.216667,0.191667,0.316667,0.520821,0.28,1.347185
volkan,Saturn,2026,2026-30,-1.16953,0.15,0.175,0.183333,0.358333,0.258333,0.0,0.508333,0.329342,-0.92,1.665351
volkan,Saturn,2026,2026-31,1.351458,0.066667,0.108333,0.141667,0.25,0.158333,0.616667,0.05,0.781967,1.24,2.289274
volkan,Saturn,2026,2026-32,0.833923,0.1,0.125,0.133333,0.258333,0.166667,0.483333,0.125,0.719889,1.08,1.973369
volkan,Saturn,2026,2026-33,1.137717,0.15,0.166667,0.175,0.341667,0.233333,0.416667,0.091667,0.707166,0.8,1.754084
volkan,Saturn,2026,2026-34,-0.885533,0.125,0.158333,0.1,0.258333,0.208333,0.008333,0.633333,0.269357,-1.2,1.858897
volkan,Saturn,2026,2026-35,0.684555,0.15,0.125,0.183333,0.308333,0.216667,0.275,0.291667,0.581238,0.36,1.553647
volkan,Saturn,2026,2026-36,-0.519013,0.175,0.15,0.2,0.35,0.225,0.108333,0.4,0.44754,-0.2,1.555464
volkan,Saturn,2026,2026-37,-0.457385,0.183333,0.166667,0.175,0.341667,0.266667,0.016667,0.533333,0.339636,-0.92,1.636609
volkan,Saturn,2026,2026-38,0.506537,0.116667,0.208333,0.116667,0.325,0.25,0.375,0.175,0.645832,0.92,1.638517
volkan,Saturn,2026,2026-39,0.876718,0.108333,0.158333,0.15,0.308333,0.2,0.45,0.116667,0.693157,0.88,1.759329
volkan,Saturn,2026,2026-40,0.20442,0.108333,0.1,0.208333,0.308333,0.175,0.258333,0.258333,0.571447,0.4,1.549987
volkan,Saturn,2026,2026-41,-0.627987,0.15,0.141667,0.158333,0.3,0.2,0.041667,0.566667,0.346428,-0.68,1.710203
volkan,Saturn,2026,2026-42,-0.825817,0.141667,0.108333,0.208333,0.316667,0.191667,0.041667,0.533333,0.360101,-0.6,1.75177
volkan,Saturn,2026,2026-43,1.444317,0.116667,0.091667,0.166667,0.258333,0.15,0.491667,0.075,0.752133,1.16,2.108535
volkan,Saturn,2026,2026-44,0.593946,0.183333,0.15,0.133333,0.283333,0.233333,0.4,0.2,0.637009,0.68,1.640218
volkan,Saturn,2026,2026-45,0.719728,0.125,0.108333,0.15,0.258333,0.175,0.466667,0.166667,0.692397,1.2,1.871341
volkan,Saturn,2026,2026-46,2.183488,0.133333,0.1,0.108333,0.208333,0.175,0.741667,0.0,0.867917,1.56,2.694988
volkan,Saturn,2026,2026-47,-0.815863,0.133333,0.1,0.175,0.275,0.183333,0.008333,0.6,0.301286,-0.92,1.829782
volkan,Saturn,2026,2026-48,2.559458,0.091667,0.041667,0.125,0.166667,0.1,0.791667,0.0,0.907786,2.12,3.457129
volkan,Saturn,2026,2026-49,3.150908,0.008333,0.0,0.041667,0.041667,0.008333,0.925,0.0,0.949442,2.16,4.192156
volkan,Saturn,2026,2026-50,1.618413,0.125,0.116667,0.116667,0.233333,0.158333,0.625,0.041667,0.805486,1.48,2.390532
volkan,Saturn,2026,2026-51,0.827107,0.116667,0.183333,0.125,0.308333,0.216667,0.4,0.216667,0.648474,0.64,1.662907
volkan,Saturn,2026,2026-52,-0.663822,0.116667,0.116667,0.141667,0.258333,0.175,0.1,0.508333,0.385537,-0.44,1.752458
volkan,Saturn,2026,2026-53,0.994486,0.158333,0.133333,0.158333,0.291667,0.216667,0.55,0.075,0.756554,1.32,2.117358
volkan,Saturn,2026,2026-54,-0.442692,0.158333,0.15,0.15,0.3,0.216667,0.075,0.516667,0.360715,-0.72,1.657543
volkan,Saturn,2026,2026-55,-0.021651,0.15,0.15,0.125,0.275,0.216667,0.2,0.375,0.495814,-0.24,1.47472
volkan,Saturn,2026,2026-56,-0.290433,0.125,0.116667,0.15,0.266667,0.183333,0.233333,0.391667,0.480516,0.08,1.609009
volkan,Saturn,2026,2026-57,0.28383,0.15,0.125,0.141667,0.266667,0.2,0.333333,0.3,0.57892,0.44,1.594357
volkan,Saturn,2026,2026-58,1.288078,0.041667,0.083333,0.125,0.208333,0.1,0.633333,0.025,0.819647,1.44,2.444691
volkan,Saturn,2026,2026-59,-0.555584,0.108333,0.166667,0.166667,0.333333,0.216667,0.116667,0.391667,0.437711,-0.2,1.517062
volkan,Saturn,2026,2026-60,-0.985404,0.133333,0.1,0.208333,0.308333,0.191667,0.025,0.533333,0.34443,-0.52,1.679251
volkan,Saturn,2026,2026-61,-1.002957,0.1,0.091667,0.1,0.191667,0.158333,0.0,0.691667,0.239501,-1.12,1.982615
volkan,Saturn,2026,2026-62,-0.968277,0.1,0.166667,0.116667,0.283333,0.225,0.0,0.616667,0.254653,-1.36,2.028526
volkan,Saturn,2026,2026-63,-1.431103,0.058333,0.116667,0.066667,0.183333,0.141667,0.0,0.766667,0.179303,-1.64,2.478822
volkan,Saturn,2026,2026-64,-0.912934,0.108333,0.141667,0.125,0.266667,0.191667,0.033333,0.566667,0.320007,-0.84,1.721083
volkan,Saturn,2026,2026-65,1.293266,0.216667,0.191667,0.208333,0.4,0.308333,0.425,0.075,0.710861,0.92,1.756539
volkan,Saturn,2026,2026-66,-0.593312,0.125,0.116667,0.133333,0.25,0.175,0.133333,0.416667,0.429466,-0.08,1.591032
volkan,Saturn,2026,2026-67,0.257108,0.116667,0.175,0.125,0.3,0.208333,0.291667,0.283333,0.565639,0.48,1.498707
volkan,Saturn,2026,2026-68,-1.216894,0.083333,0.1,0.091667,0.191667,0.15,0.0,0.716667,0.220407,-1.48,2.326156
volkan,Saturn,2026,2026-69,0.169651,0.166667,0.158333,0.166667,0.325,0.266667,0.233333,0.325,0.514921,0.16,1.471061
volkan,Saturn,2026,2026-70,-1.740781,0.066667,0.066667,0.033333,0.1,0.1,0.0,0.825,0.137818,-1.84,2.859111
volkan,Saturn,2026,2026-71,-0.698756,0.175,0.108333,0.175,0.283333,0.225,0.066667,0.541667,0.340731,-0.92,1.616701
volkan,Saturn,2026,2026-72,2.254539,0.108333,0.041667,0.166667,0.208333,0.125,0.741667,0.0,0.893477,1.72,3.143664
volkan,Saturn,2026,2026-73,-0.58297,0.141667,0.108333,0.125,0.233333,0.175,0.083333,0.558333,0.349465,-0.76,1.765629
volkan,Saturn,2026,2026-74,1.119976,0.175,0.141667,0.175,0.316667,0.25,0.458333,0.075,0.716994,0.64,1.748648
volkan,Saturn,2026,2026-75,0.455054,0.166667,0.166667,0.2,0.366667,0.258333,0.35,0.15,0.664596,0.72,1.548526
volkan,Saturn,2026,2026-76,-0.152986,0.15,0.141667,0.141667,0.283333,0.208333,0.158333,0.408333,0.436567,-0.2,1.548327
volkan,Saturn,2026,2026-77,-0.652107,0.116667,0.166667,0.133333,0.3,0.216667,0.091667,0.491667,0.365368,-0.6,1.632392
volkan,Saturn,2026,2026-78,1.286909,0.183333,0.141667,0.2,0.341667,0.233333,0.483333,0.075,0.738032,0.92,1.933252
volkan,Saturn,2026,2026-79,-0.177383,0.125,0.116667,0.125,0.241667,0.166667,0.166667,0.466667,0.43387,-0.4,1.574502
volkan,Saturn,2026,2026-80,1.527424,0.141667,0.141667,0.15,0.291667,0.2,0.558333,0.033333,0.782328,1.4,2.21268
volkan,Saturn,2026,2026-81,-0.719079,0.125,0.116667,0.15,0.266667,0.2,0.05,0.483333,0.370412,-0.68,1.665428
volkan,Saturn,2026,2026-82,0.057339,0.158333,0.15,0.183333,0.333333,0.225,0.275,0.283333,0.567654,0.36,1.581669
volkan,Saturn,2026,2026-83,0.465499,0.141667,0.15,0.141667,0.291667,0.225,0.316667,0.258333,0.583357,0.36,1.513573
volkan,Saturn,2026,2026-84,0.37316,0.15,0.141667,0.175,0.316667,0.241667,0.283333,0.233333,0.586195,0.28,1.526801
volkan,Saturn,2026,2026-85,-1.233802,0.133333,0.1,0.158333,0.258333,0.191667,0.0,0.675,0.249009,-1.24,2.036634
volkan,Saturn,2026,2026-86,-0.664063,0.175,0.125,0.191667,0.316667,0.241667,0.016667,0.475,0.368214,-0.96,1.613714
volkan,Saturn,2026,2026-87,-0.19598,0.183333,0.158333,0.216667,0.375,0.291667,0.108333,0.325,0.455383,-0.12,1.312905
volkan,Saturn,2026,2026-88,-0.853699,0.158333,0.175,0.175,0.35,0.25,0.016667,0.541667,0.326268,-1.0,1.687924
volkan,Saturn,2026,2026-89,0.677325,0.108333,0.125,0.15,0.275,0.183333,0.358333,0.2,0.643237,0.68,1.624827
volkan,Saturn,2026,2026-90,0.588019,0.125,0.116667,0.158333,0.275,0.166667,0.308333,0.283333,0.588312,0.56,1.595469
volkan,Saturn,2026,2026-91,-1.957084,0.016667,0.05,0.0,0.05,0.05,0.0,0.9,0.100378,-2.08,3.186288
volkan,Saturn,2026,2026-92,-1.805254,0.066667,0.075,0.05,0.125,0.108333,0.0,0.775,0.160732,-1.52,2.652738
volkan,Saturn,2026,2026-93,-1.281563,0.175,0.1,0.216667,0.316667,0.2,0.0,0.575,0.297806,-1.12,1.897113
volkan,Saturn,2026,2026-94,0.11726,0.108333,0.125,0.158333,0.283333,0.191667,0.183333,0.4,0.482979,-0.16,1.560136
volkan,Saturn,2026,2026-95,2.033173,0.116667,0.1,0.133333,0.233333,0.175,0.708333,0.0,0.871888,1.84,3.078006
volkan,Saturn,2026,2026-96,-0.382356,0.133333,0.158333,0.183333,0.341667,0.233333,0.141667,0.408333,0.441373,-0.36,1.522904
volkan,Saturn,2026,2026-97,0.250651,0.141667,0.141667,0.166667,0.308333,0.2,0.25,0.266667,0.567369,0.24,1.50944
volkan,Saturn,2026,2026-98,-1.063112,0.158333,0.158333,0.108333,0.266667,0.208333,0.0,0.666667,0.239547,-1.6,2.153139
volkan,Saturn,2026,2026-99,-1.046836,0.225,0.158333,0.191667,0.35,0.275,0.0,0.55,0.304696,-0.84,1.841734
volkan,Saturn,2026,2026-100,-1.957228,0.008333,0.041667,0.0,0.041667,0.041667,0.0,0.875,0.114093,-1.92,2.850342
volkan,Saturn,2026,2026-101,-0.028344,0.15,0.133333,0.208333,0.341667,0.208333,0.275,0.241667,0.593607,0.76,1.453841
volkan,Saturn,2026,2026-102,0.947217,0.108333,0.133333,0.15,0.283333,0.2,0.5,0.1,0.733346,1.08,1.911567
volkan,Saturn,2026,2026-103,-0.356714,0.133333,0.2,0.116667,0.316667,0.233333,0.15,0.416667,0.430825,-0.48,1.463674
volkan,Saturn,2026,2026-104,1.396453,0.125,0.158333,0.216667,0.375,0.216667,0.433333,0.075,0.726184,1.04,1.870118
volkan,Saturn,2026,2026-105,0.197855,0.158333,0.15,0.2,0.35,0.241667,0.191667,0.375,0.485431,-0.12,1.467209
volkan,Saturn,2026,2026-106,-0.036412,0.075,0.075,0.125,0.2,0.116667,0.283333,0.4,0.516667,0.2,1.701311
volkan,Saturn,2026,2026-107,0.517254,0.125,0.133333,0.166667,0.3,0.216667,0.3,0.3,0.569261,0.28,1.537692
volkan,Saturn,2026,2026-108,0.487378,0.166667,0.158333,0.183333,0.341667,0.25,0.3,0.233333,0.593161,0.4,1.457462
volkan,Saturn,2026,2026-109,1.147806,0.125,0.2,0.2,0.4,0.266667,0.35,0.116667,0.659243,0.56,1.569746
volkan,Saturn,2026,2026-110,-0.801954,0.15,0.175,0.116667,0.291667,0.241667,0.025,0.566667,0.30456,-1.0,1.795718
volkan,Saturn,2026,2026-111,-2.288049,0.008333,0.041667,0.0,0.041667,0.041667,0.0,0.908333,0.094301,-1.88,3.291826
volkan,Saturn,2026,2026-112,0.114747,0.05,0.1,0.208333,0.308333,0.141667,0.283333,0.275,0.576592,0.32,1.585335
volkan,Saturn,2026,2026-113,-0.611675,0.133333,0.158333,0.158333,0.316667,0.216667,0.025,0.541667,0.339575,-0.84,1.655513
volkan,Saturn,2026,2026-114,-0.027177,0.183333,0.15,0.2,0.35,0.275,0.208333,0.325,0.504675,0.44,1.466554
volkan,Saturn,2026,2026-115,1.6643,0.141667,0.158333,0.125,0.283333,0.241667,0.616667,0.016667,0.798652,1.24,2.29382
volkan,Saturn,2026,2026-116,-1.102842,0.083333,0.1,0.058333,0.158333,0.15,0.0,0.75,0.19181,-1.64,2.246666
volkan,Saturn,2026,2026-117,0.764797,0.133333,0.166667,0.133333,0.3,0.216667,0.475,0.108333,0.700763,1.2,1.857668
volkan,Saturn,2026,2026-118,0.945868,0.208333,0.175,0.25,0.425,0.283333,0.375,0.125,0.690897,0.92,1.602063
volkan,Saturn,2026,2026-119,0.460736,0.166667,0.133333,0.166667,0.3,0.233333,0.233333,0.3,0.536591,0.28,1.436359
volkan,Saturn,2026,2026-120,1.118508,0.175,0.108333,0.158333,0.266667,0.225,0.475,0.066667,0.741536,0.96,1.941633
volkan,Saturn,2026,2026-121,-0.458362,0.15,0.15,0.208333,0.358333,0.241667,0.133333,0.408333,0.452471,-0.12,1.45691
volkan,Saturn,2026,2026-122,-0.68151,0.116667,0.158333,0.083333,0.241667,0.183333,0.083333,0.583333,0.338708,-0.52,1.647869
volkan,Saturn,2026,2026-123,1.038983,0.158333,0.166667,0.108333,0.275,0.225,0.508333,0.091667,0.719669,1.08,2.006991
volkan,Saturn,2026,2026-124,0.7203,0.141667,0.125,0.116667,0.241667,0.175,0.516667,0.125,0.729765,1.08,1.958619
volkan,Saturn,2026,2026-125,1.390378,0.05,0.116667,0.158333,0.275,0.125,0.558333,0.058333,0.774709,1.36,2.18126
volkan,Saturn,2026,2026-126,0.21229,0.133333,0.116667,0.225,0.341667,0.208333,0.291667,0.266667,0.572675,0.16,1.432196
volkan,Saturn,2026,2026-127,1.623563,0.141667,0.1,0.166667,0.266667,0.175,0.575,0.016667,0.818077,1.56,2.458646
volkan,Saturn,2026,2026-128,-0.28208,0.108333,0.15,0.15,0.3,0.225,0.191667,0.408333,0.459694,-0.08,1.475849
volkan,Saturn,2026,2026-129,-1.060329,0.166667,0.15,0.191667,0.341667,0.241667,0.0,0.566667,0.309588,-0.88,1.787366
volkan,Saturn,2026,2026-130,-2.037089,0.05,0.091667,0.008333,0.1,0.1,0.0,0.791667,0.140894,-1.88,2.896707
volkan,Saturn,2026,2026-131,-1.101401,0.158333,0.133333,0.191667,0.325,0.233333,0.0,0.608333,0.289353,-0.72,1.821254
volkan,Saturn,2026,2026-132,0.818504,0.116667,0.083333,0.108333,0.191667,0.133333,0.441667,0.216667,0.662878,0.68,1.842987
volkan,Saturn,2026,2026-133,-1.464929,0.041667,0.1,0.025,0.125,0.108333,0.0,0.8,0.160753,-1.6,2.498949
volkan,Saturn,2026,2026-134,-0.452364,0.141667,0.175,0.133333,0.308333,0.241667,0.025,0.516667,0.325567,-0.96,1.526132
volkan,Saturn,2026,2026-135,2.106584,0.083333,0.066667,0.116667,0.183333,0.116667,0.775,0.0,0.896612,2.04,3.241967
volkan,Saturn,2026,2026-136,0.846796,0.1,0.091667,0.166667,0.258333,0.133333,0.366667,0.216667,0.639366,0.4,1.641702
volkan,Saturn,2026,2026-137,1.790985,0.091667,0.083333,0.125,0.208333,0.125,0.725,0.008333,0.871267,1.88,2.901062
volkan,Saturn,2026,2026-138,-0.991562,0.075,0.125,0.116667,0.241667,0.166667,0.008333,0.691667,0.242905,-1.08,2.106097
volkan,Saturn,2026,2026-139,-2.459975,0.016667,0.041667,0.0,0.041667,0.041667,0.0,0.908333,0.091278,-1.92,3.445801
volkan,Saturn,2026,2026-140,1.516381,0.125,0.141667,0.158333,0.3,0.208333,0.591667,0.041667,0.789288,1.48,2.237623
volkan,Saturn,2026,2026-141,-1.416943,0.1,0.141667,0.083333,0.225,0.175,0.0,0.725,0.210753,-1.16,2.415203
volkan,Saturn,2026,2026-142,0.090924,0.125,0.116667,0.133333,0.25,0.191667,0.208333,0.391667,0.464068,-0.2,1.538877
volkan,Saturn,2026,2026-143,0.217093,0.116667,0.15,0.15,0.3,0.208333,0.3,0.291667,0.562825,0.4,1.616609
volkan,Saturn,2026,2026-144,-0.948896,0.116667,0.075,0.125,0.2,0.158333,0.008333,0.725,0.215217,-1.68,2.20721
volkan,Saturn,2026,2026-145,1.552633,0.116667,0.175,0.091667,0.266667,0.191667,0.575,0.066667,0.758549,1.0,2.054046
volkan,Saturn,2026,2026-146,1.549338,0.141667,0.1,0.183333,0.283333,0.166667,0.558333,0.025,0.816502,1.8,2.461394
volkan,Saturn,2026,2026-147,0.551444,0.091667,0.091667,0.2,0.291667,0.15,0.308333,0.283333,0.576378,0.36,1.612899
volkan,Saturn,2026,2026-148,-0.029491,0.091667,0.125,0.116667,0.241667,0.158333,0.216667,0.383333,0.489329,0.16,1.528269
volkan,Saturn,2026,2026-149,0.191437,0.133333,0.15,0.183333,0.333333,0.216667,0.3,0.241667,0.590376,0.6,1.493072
volkan,Saturn,2026,2026-150,-1.095908,0.158333,0.15,0.108333,0.258333,0.225,0.008333,0.616667,0.276532,-0.88,1.763494
volkan,Saturn,2026,2026-151,-0.239064,0.175,0.116667,0.216667,0.333333,0.208333,0.183333,0.333333,0.521401,0.44,1.454404
volkan,Saturn,2026,2026-152,-0.104933,0.133333,0.133333,0.125,0.258333,0.208333,0.216667,0.358333,0.485057,0.04,1.545038
volkan,Saturn,2026,2026-153,-0.852233,0.108333,0.1,0.2,0.3,0.166667,0.016667,0.566667,0.331628,-0.84,1.773032
volkan,Saturn,2026,2026-154,0.849215,0.083333,0.141667,0.125,0.266667,0.166667,0.5,0.133333,0.705697,1.0,1.93927
volkan,Saturn,2026,2026-155,-1.426481,0.108333,0.125,0.058333,0.183333,0.15,0.0,0.758333,0.184535,-1.56,2.494228
volkan,Saturn,2026,2026-156,-0.453419,0.091667,0.083333,0.133333,0.216667,0.158333,0.058333,0.575,0.329419,-1.04,1.757202
volkan,Saturn,2026,2026-157,-2.252878,0.033333,0.116667,0.0,0.116667,0.116667,0.0,0.841667,0.123982,-1.72,3.14868
volkan,Saturn,2026,2026-158,0.496819,0.15,0.141667,0.166667,0.308333,0.216667,0.341667,0.241667,0.603486,0.32,1.562583
volkan,Saturn,2026,2026-159,0.742605,0.166667,0.1,0.208333,0.308333,0.208333,0.291667,0.283333,0.586603,0.28,1.549947
volkan,Saturn,2026,2026-160,0.621292,0.1,0.133333,0.166667,0.3,0.191667,0.383333,0.2,0.641541,0.8,1.756819
volkan,Saturn,2026,2026-161,2.918087,0.058333,0.025,0.066667,0.091667,0.058333,0.85,0.0,0.935921,2.12,3.970497
volkan,Saturn,2026,2026-162,0.939791,0.116667,0.108333,0.166667,0.275,0.183333,0.491667,0.158333,0.710496,0.92,1.924884
volkan,Saturn,2026,2026-163,-0.941991,0.166667,0.116667,0.175,0.291667,0.216667,0.016667,0.6,0.293785,-1.2,1.925992
volkan,Saturn,2026,2026-164,2.66354,0.05,0.016667,0.125,0.141667,0.05,0.825,0.0,0.923435,2.12,3.536109
volkan,Saturn,2026,2026-165,-0.920318,0.141667,0.166667,0.183333,0.35,0.266667,0.025,0.533333,0.332974,-0.92,1.794464
volkan,Saturn,2026,2026-166,0.788739,0.125,0.066667,0.175,0.241667,0.158333,0.508333,0.15,0.718637,0.92,2.039317
volkan,Saturn,2026,2026-167,0.743128,0.166667,0.108333,0.166667,0.275,0.216667,0.45,0.133333,0.687725,1.08,1.777035
volkan,Saturn,2026,2026-168,-0.879723,0.166667,0.15,0.183333,0.333333,0.233333,0.0,0.591667,0.302639,-1.16,1.786822
volkan,Saturn,2026,2026-169,1.395349,0.133333,0.183333,0.158333,0.341667,0.258333,0.566667,0.033333,0.785323,1.12,2.221215
volkan,Saturn,2026,2026-170,0.354594,0.15,0.133333,0.15,0.283333,0.183333,0.275,0.325,0.557541,0.24,1.491993
volkan,Saturn,2026,2026-171,0.570955,0.158333,0.158333,0.15,0.308333,0.225,0.25,0.341667,0.542875,0.12,1.484298
volkan,Saturn,2026,2026-172,-0.675733,0.141667,0.183333,0.191667,0.375,0.241667,0.033333,0.466667,0.367033,-0.6,1.526071
volkan,Saturn,2026,2026-173,1.302633,0.166667,0.15,0.166667,0.316667,0.225,0.408333,0.108333,0.713072,0.96,1.810095
volkan,Saturn,2026,2026-174,-0.860938,0.083333,0.15,0.125,0.275,0.183333,0.05,0.566667,0.320742,-0.68,1.740161
volkan,Saturn,2026,2026-175,-1.779159,0.058333,0.066667,0.033333,0.1,0.091667,0.0,0.816667,0.133384,-1.96,2.962042
volkan,Saturn,2026,2026-176,1.425127,0.116667,0.116667,0.158333,0.275,0.191667,0.591667,0.033333,0.799506,1.64,2.295479
volkan,Saturn,2026,2026-177,-0.426729,0.075,0.091667,0.158333,0.25,0.133333,0.05,0.541667,0.348963,-0.8,1.73853
volkan,Saturn,2026,2026-178,0.04337,0.108333,0.133333,0.141667,0.275,0.208333,0.25,0.308333,0.522736,0.24,1.510893
volkan,Saturn,2026,2026-179,1.922757,0.116667,0.075,0.175,0.25,0.133333,0.683333,0.0,0.870918,1.8,2.963139
volkan,Saturn,2026,2026-180,1.136491,0.175,0.158333,0.133333,0.291667,0.225,0.433333,0.158333,0.683428,0.88,1.829366
volkan,Saturn,2026,2026-181,0.632709,0.191667,0.158333,0.183333,0.341667,0.241667,0.441667,0.108333,0.716885,1.16,1.865805
volkan,Saturn,2026,2026-182,1.069914,0.141667,0.158333,0.141667,0.3,0.216667,0.466667,0.166667,0.686976,1.04,1.863884
volkan,Saturn,2026,2026-183,-0.727509,0.125,0.141667,0.133333,0.275,0.191667,0.008333,0.625,0.263479,-1.2,1.90175
volkan,Saturn,2026,2026-184,0.753089,0.1,0.083333,0.116667,0.2,0.133333,0.458333,0.15,0.695633,1.0,1.961662
volkan,Saturn,2026,2026-185,1.109937,0.166667,0.158333,0.2,0.358333,0.241667,0.433333,0.116667,0.695008,1.04,1.751488
volkan,Saturn,2026,2026-186,0.755422,0.141667,0.166667,0.125,0.291667,0.25,0.35,0.216667,0.624522,0.56,1.570179
volkan,Saturn,2026,2026-187,-0.204135,0.116667,0.091667,0.208333,0.3,0.175,0.075,0.458333,0.41333,-0.56,1.47003
volkan,Saturn,2026,2026-188,-3.747414,0.0,0.0,0.0,0.0,0.0,0.0,1.0,0.03084,-2.24,4.832965
volkan,Saturn,2026,2026-189,0.557303,0.2,0.125,0.175,0.3,0.225,0.325,0.191667,0.609245,0.48,1.505363
volkan,Saturn,2026,2026-190,0.114876,0.116667,0.116667,0.166667,0.283333,0.15,0.216667,0.366667,0.513464,-0.08,1.491643
volkan,Saturn,2026,2026-191,-0.369554,0.2,0.166667,0.183333,0.35,0.275,0.083333,0.475,0.3836,-0.64,1.620451
volkan,Saturn,2026,2026-192,0.778099,0.125,0.075,0.166667,0.241667,0.15,0.433333,0.15,0.696989,0.92,1.85031
volkan,Saturn,2026,2026-193,0.265703,0.075,0.133333,0.125,0.258333,0.158333,0.3,0.233333,0.588625,0.76,1.509988
volkan,Saturn,2026,2026-194,0.203956,0.108333,0.133333,0.1,0.233333,0.183333,0.4,0.216667,0.634287,0.72,1.625227
volkan,Saturn,2026,2026-195,-1.483591,0.116667,0.15,0.075,0.225,0.2,0.0,0.683333,0.219067,-1.2,2.089836
volkan,Saturn,2026,2026-196,-1.459323,0.158333,0.166667,0.083333,0.25,0.208333,0.0,0.691667,0.218938,-1.28,2.23768
volkan,Saturn,2026,2026-197,0.370536,0.108333,0.125,0.166667,0.291667,0.191667,0.208333,0.3,0.552619,0.28,1.447039
volkan,Saturn,2026,2026-198,0.076057,0.166667,0.141667,0.175,0.316667,0.225,0.258333,0.283333,0.56007,0.28,1.461397
volkan,Saturn,2026,2026-199,0.138741,0.125,0.125,0.175,0.3,0.216667,0.191667,0.358333,0.485701,-0.48,1.389684
volkan,Factory,42,42-0,0.304717,0.0,0.0,0.441667,0.441667,0.0,0.075,0.0,0.809988,1.72,1.45805
volkan,Factory,42,42-1,-1.039984,0.0,0.291667,0.0,0.291667,0.291667,0.0,0.483333,0.303463,-1.04,0.917984
volkan,Factory,42,42-2,0.750451,0.0,0.0,0.0,0.0,0.0,0.916667,0.0,0.874598,1.68,1.952785
volkan,Factory,42,42-3,0.940565,0.0,0.0,0.0,0.0,0.0,1.0,0.0,0.909802,1.84,2.323898
volkan,Factory,42,42-4,-1.951035,0.0,0.0,0.0,0.0,0.0,0.0,1.0,0.134255,-1.48,2.090369
volkan,Factory,42,42-5,-1.30218,0.0,0.033333,0.0,0.033333,0.033333,0.0,0.708333,0.216187,-1.36,1.432846
volkan,Factory,42,42-6,0.12784,0.0,0.0,0.991667,0.991667,0.0,0.0,0.0,0.779745,1.28,1.265174
volkan,Factory,42,42-7,-0.316243,0.741667,0.608333,0.3,0.908333,0.908333,0.0,0.0,0.540025,-0.04,0.333149
volkan,Factory,42,42-8,-0.016801,0.433333,0.0,1.0,1.0,0.433333,0.0,0.0,0.706161,0.92,0.877866
volkan,Factory,42,42-9,-0.853044,0.066667,0.4,0.0,0.4,0.4,0.0,0.308333,0.359138,-0.6,0.619138
volkan,Factory,42,42-10,0.879398,0.0,0.0,0.0,0.0,0.0,1.0,0.0,0.903637,2.04,2.257065
volkan,Factory,42,42-11,0.777792,0.0,0.0,0.0,0.0,0.0,1.0,0.0,0.901333,2.12,2.241459
volkan,Factory,42,42-12,0.066031,0.0,0.0,1.0,1.0,0.0,0.0,0.0,0.764064,1.28,1.176364
volkan,Factory,42,42-13,1.127241,0.0,0.0,0.0,0.0,0.0,1.0,0.0,0.928547,2.2,2.597575
volkan,Factory,42,42-14,0.467509,0.0,0.0,0.0,0.0,0.0,0.441667,0.0,0.845133,1.84,1.712509
volkan,Factory,42,42-15,-0.859292,0.158333,0.383333,0.0,0.383333,0.383333,0.0,0.441667,0.33269,-1.08,0.807683
volkan,Factory,42,42-16,0.368751,0.0,0.0,0.05,0.05,0.0,0.0,0.0,0.815328,1.4,1.486084
volkan,Factory,42,42-17,-0.958883,0.116667,0.358333,0.0,0.358333,0.358333,0.0,0.391667,0.340914,-0.64,0.719643
volkan,Factory,42,42-18,0.87845,0.0,0.0,0.0,0.0,0.0,1.0,0.0,0.897911,1.96,2.191784
volkan,Factory,42,42-19,-0.049926,0.225,0.0,1.0,1.0,0.225,0.0,0.0,0.713567,0.96,0.914741
volkan,Factory,42,42-20,-0.184862,1.0,0.0,1.0,1.0,1.0,0.0,0.0,0.666938,0.88,0.695471
volkan,Factory,42,42-21,-0.68093,0.241667,0.575,0.0,0.575,0.575,0.0,0.233333,0.408496,-0.52,0.486314
volkan,Factory,42,42-22,1.222541,0.0,0.0,0.0,0.0,0.0,1.0,0.0,0.929924,2.04,2.607541
volkan,Factory,42,42-23,-0.154529,0.575,0.0,1.0,1.0,0.575,0.0,0.0,0.695786,1.0,0.829137
volkan,Factory,42,42-24,-0.428328,0.475,0.616667,0.141667,0.758333,0.758333,0.0,0.016667,0.490235,-0.28,0.319583
volkan,Factory,42,42-25,-0.352134,0.65,0.533333,0.391667,0.925,0.925,0.0,0.0,0.546842,0.12,0.37036
volkan,Factory,42,42-26,0.532309,0.0,0.0,0.0,0.0,0.0,0.591667,0.0,0.85806,1.88,1.816643
volkan,Factory,42,42-27,0.365444,0.0,0.0,0.183333,0.183333,0.0,0.0,0.0,0.816763,1.4,1.496777
volkan,Factory,42,42-28,0.412733,0.0,0.0,0.008333,0.008333,0.0,0.191667,0.0,0.833131,1.56,1.612733
volkan,Factory,42,42-29,0.430821,0.0,0.0,0.0,0.0,0.0,0.358333,0.0,0.837439,1.68,1.645488
volkan,Factory,42,42-30,2.141648,0.0,0.0,0.0,0.0,0.0,1.0,0.0,0.97197,2.12,3.578981
volkan,Factory,42,42-31,-0.406415,0.758333,0.516667,0.383333,0.9,0.9,0.0,0.0,0.550195,0.16,0.353186
volkan,Factory,42,42-32,-0.512243,0.691667,0.758333,0.15,0.908333,0.908333,0.0,0.0,0.529828,0.16,0.304807
volkan,Factory,42,42-33,-0.813773,0.3,0.45,0.0,0.45,0.45,0.0,0.316667,0.378493,-0.64,0.612509
volkan,Factory,42,42-34,0.615979,0.0,0.0,0.0,0.0,0.0,0.866667,0.0,0.871449,1.92,1.925979
volkan,Factory,42,42-35,1.128972,0.0,0.0,0.0,0.0,0.0,1.0,0.0,0.924114,1.92,2.516306
volkan,Factory,42,42-36,-0.113947,0.983333,0.008333,0.991667,1.0,0.983333,0.0,0.0,0.647186,0.72,0.608719
volkan,Factory,42,42-37,-0.840156,0.125,0.525,0.0,0.525,0.525,0.0,0.316667,0.375307,-0.64,0.563284
volkan,Factory,42,42-38,-0.824481,0.258333,0.566667,0.0,0.566667,0.566667,0.0,0.183333,0.413554,-0.28,0.423499
volkan,Factory,42,42-39,0.650593,0.0,0.0,0.0,0.0,0.0,0.733333,0.0,0.878165,2.04,2.000926
volkan,Factory,42,42-40,0.743254,0.0,0.0,0.0,0.0,0.0,1.0,0.0,0.88606,1.92,2.067921
volkan,Factory,42,42-41,0.543154,0.0,0.0,0.0,0.0,0.0,0.283333,0.0,0.841698,1.6,1.678154
volkan,Factory,42,42-42,-0.66551,0.408333,0.55,0.0,0.55,0.55,0.0,0.233333,0.420572,-0.52,0.497343
volkan,Factory,42,42-43,0.232161,0.0,0.0,0.3,0.3,0.0,0.341667,0.0,0.827374,1.96,1.584828
volkan,Factory,42,42-44,0.116686,0.0,0.0,1.0,1.0,0.0,0.0,0.0,0.75715,1.2,1.137686
volkan,Factory,42,42-45,0.218689,0.0,0.0,1.0,1.0,0.0,0.0,0.0,0.759237,1.2,1.149355
volkan,Factory,42,42-46,0.871429,0.0,0.0,0.0,0.0,0.0,1.0,0.0,0.890286,1.92,2.112762
volkan,Factory,42,42-47,0.223596,0.0,0.0,1.0,1.0,0.0,0.0,0.0,0.760034,1.04,1.153596
volkan,Factory,42,42-48,0.678914,0.0,0.0,0.0,0.0,0.0,0.883333,0.0,0.882296,1.92,2.029247
volkan,Factory,42,42-49,0.067579,0.0,0.0,0.866667,0.866667,0.0,0.0,0.0,0.766166,1.56,1.192579
volkan,Factory,42,42-50,0.289119,0.0,0.0,1.0,1.0,0.0,0.0,0.0,0.769098,1.08,1.203786
volkan,Factory,42,42-51,0.631288,0.0,0.0,0.0,0.0,0.0,0.575,0.0,0.852289,1.6,1.756955
volkan,Factory,42,42-52,-1.457156,0.0,0.0,0.0,0.0,0.0,0.0,0.8,0.182905,-1.52,1.681489
volkan,Factory,42,42-53,-0.319671,1.0,0.291667,0.708333,1.0,1.0,0.0,0.0,0.622591,0.76,0.502995
volkan,Factory,42,42-54,-0.470373,0.825,0.533333,0.466667,1.0,1.0,0.0,0.0,0.572372,0.4,0.332424
volkan,Factory,42,42-55,-0.638878,0.725,0.983333,0.0,0.983333,0.983333,0.0,0.0,0.522475,0.36,0.210338
volkan,Factory,42,42-56,-0.275142,0.841667,0.6,0.4,1.0,1.0,0.0,0.0,0.576567,0.24,0.355653
volkan,Factory,42,42-57,1.494941,0.0,0.0,0.0,0.0,0.0,1.0,0.0,0.947057,2.0,2.910608
volkan,Factory,42,42-58,-0.865831,0.366667,0.641667,0.0,0.641667,0.641667,0.0,0.116667,0.436472,-0.2,0.355888
volkan,Factory,42,42-59,0.968278,0.0,0.0,0.0,0.0,0.0,1.0,0.0,0.908707,1.96,2.314612
volkan,Factory,42,42-60,-1.68287,0.0,0.0,0.0,0.0,0.0,0.0,0.941667,0.141386,-1.8,2.04387
volkan,Factory,42,42-61,-0.334885,0.533333,0.7,0.091667,0.791667,0.791667,0.0,0.016667,0.494374,-0.4,0.336674
volkan,Factory,42,42-62,0.162753,0.0,0.0,1.0,1.0,0.0,0.0,0.0,0.758993,1.24,1.14842
volkan,Factory,42,42-63,0.586222,0.0,0.0,0.0,0.0,0.0,0.541667,0.0,0.853229,1.72,1.767889
volkan,Factory,42,42-64,0.711227,0.0,0.0,0.0,0.0,0.0,0.966667,0.0,0.876346,1.84,1.972893
volkan,Factory,42,42-65,0.793347,0.0,0.0,0.0,0.0,0.0,1.0,0.0,0.89213,1.92,2.129014
volkan,Factory,42,42-66,-0.348725,1.0,0.441667,0.558333,1.0,1.0,0.0,0.0,0.599291,0.64,0.405608
volkan,Factory,42,42-67,-0.462352,0.875,0.366667,0.633333,1.0,1.0,0.0,0.0,0.603739,0.56,0.439069
volkan,Factory,42,42-68,0.857976,0.0,0.0,0.0,0.0,0.0,1.0,0.0,0.887391,1.68,2.073976
volkan,Factory,42,42-69,-0.191304,0.725,0.0,1.0,1.0,0.725,0.0,0.0,0.693464,1.12,0.817029
volkan,Factory,42,42-70,-1.275686,0.0,0.058333,0.0,0.058333,0.058333,0.0,0.766667,0.207799,-1.56,1.506353
volkan,Factory,42,42-71,-1.133287,0.0,0.233333,0.0,0.233333,0.233333,0.0,0.516667,0.284201,-0.96,1.007954
volkan,Factory,42,42-72,-0.919452,0.2,0.508333,0.0,0.508333,0.508333,0.0,0.283333,0.381112,-0.48,0.534838
volkan,Factory,42,42-73,0.497161,0.0,0.0,0.0,0.0,0.0,0.408333,0.0,0.847509,1.72,1.721494
volkan,Factory,42,42-74,0.142426,0.0,0.0,0.725,0.725,0.0,0.0,0.0,0.782818,1.56,1.287092
volkan,Factory,42,42-75,0.690485,0.0,0.0,0.0,0.0,0.0,0.616667,0.0,0.856554,1.56,1.791485
volkan,Factory,42,42-76,-0.427253,0.816667,0.633333,0.366667,1.0,1.0,0.0,0.0,0.566906,0.28,0.321907
volkan,Factory,42,42-77,0.15854,0.0,0.0,0.883333,0.883333,0.0,0.0,0.0,0.781565,1.4,1.276206
volkan,Factory,42,42-78,0.62559,0.0,0.0,0.0,0.0,0.0,0.841667,0.0,0.871321,1.76,1.922257
volkan,Factory,42,42-79,-0.309347,0.908333,0.483333,0.516667,1.0,1.0,0.0,0.0,0.597861,0.48,0.4127
volkan,Factory,42,42-80,0.456775,0.0,0.0,0.516667,0.516667,0.0,0.0,0.0,0.800429,1.24,1.390109
volkan,Factory,42,42-81,-0.661926,0.475,0.675,0.0,0.675,0.675,0.0,0.0,0.473298,0.04,0.336763
volkan,Factory,42,42-82,-0.363054,0.566667,0.425,0.366667,0.791667,0.791667,0.0,0.066667,0.513889,-0.4,0.424593
volkan,Factory,42,42-83,-0.381738,0.733333,0.658333,0.341667,1.0,1.0,0.0,0.0,0.546158,0.2,0.297856
volkan,Factory,42,42-84,-1.19584,0.0,0.075,0.0,0.075,0.075,0.0,0.666667,0.228779,-1.48,1.37384
volkan,Factory,42,42-85,0.486972,0.0,0.0,0.0,0.0,0.0,0.541667,0.0,0.852351,1.76,1.759639
volkan,Factory,42,42-86,-0.469402,0.975,0.416667,0.583333,1.0,1.0,0.0,0.0,0.592066,0.64,0.375401
volkan,Factory,42,42-87,0.012494,0.891667,0.183333,0.816667,1.0,0.891667,0.0,0.0,0.646797,0.32,0.611827
volkan,Factory,42,42-88,0.480747,0.0,0.0,0.141667,0.141667,0.0,0.0,0.0,0.807743,1.2,1.43608
volkan,Factory,42,42-89,0.446531,0.0,0.0,0.0,0.0,0.0,0.291667,0.0,0.835191,1.6,1.628531
volkan,Factory,42,42-90,0.665385,0.0,0.0,0.0,0.0,0.0,0.475,0.0,0.846423,1.44,1.710385
volkan,Factory,42,42-91,-0.098485,0.466667,0.0,1.0,1.0,0.466667,0.0,0.0,0.687463,0.72,0.794848
volkan,Factory,42,42-92,-0.423298,1.0,0.775,0.225,1.0,1.0,0.0,0.0,0.582806,0.68,0.335368
volkan,Factory,42,42-93,-0.079718,0.0,0.0,1.0,1.0,0.0,0.0,0.0,0.727338,1.2,0.981615
volkan,Factory,42,42-94,-1.687334,0.0,0.0,0.0,0.0,0.0,0.0,0.941667,0.148526,-1.6,1.955334
volkan,Factory,42,42-95,-1.447112,0.0,0.0,0.0,0.0,0.0,0.0,0.808333,0.204133,-1.32,1.505446
volkan,Factory,42,42-96,-1.3227,0.0,0.058333,0.0,0.058333,0.058333,0.0,0.758333,0.214612,-1.24,1.421033
volkan,Factory,42,42-97,-0.997247,0.033333,0.283333,0.0,0.283333,0.283333,0.0,0.516667,0.294861,-1.04,0.961097
volkan,Factory,42,42-98,0.399774,0.0,0.0,0.091667,0.091667,0.0,0.0,0.0,0.813965,1.48,1.477774
volkan,Factory,42,42-99,-0.905479,0.108333,0.308333,0.0,0.308333,0.308333,0.0,0.525,0.296017,-1.36,0.998292
volkan,Factory,42,42-100,-0.378163,0.591667,0.575,0.308333,0.883333,0.883333,0.0,0.0,0.524828,0.04,0.302837
volkan,Factory,42,42-101,1.299228,0.0,0.0,0.0,0.0,0.0,1.0,0.0,0.939262,2.24,2.781895
volkan,Factory,42,42-102,-0.356264,0.491667,0.483333,0.258333,0.741667,0.741667,0.0,0.058333,0.4941,-0.4,0.424104
volkan,Factory,42,42-103,0.737516,0.0,0.0,0.0,0.0,0.0,1.0,0.0,0.889909,2.0,2.109516
volkan,Factory,42,42-104,-0.933618,0.1,0.366667,0.0,0.366667,0.366667,0.0,0.416667,0.322304,-1.08,0.845561
volkan,Factory,42,42-105,-0.205438,0.825,0.0,1.0,1.0,0.825,0.0,0.0,0.682835,0.92,0.768229
volkan,Factory,42,42-106,-0.950022,0.083333,0.316667,0.0,0.316667,0.316667,0.0,0.466667,0.320796,-0.8,0.817852
volkan,Factory,42,42-107,-0.339033,1.0,0.0,1.0,1.0,1.0,0.0,0.0,0.657296,1.08,0.651967
volkan,Factory,42,42-108,0.840308,0.0,0.0,0.0,0.0,0.0,1.0,0.0,0.875216,1.6,1.952641
volkan,Factory,42,42-109,-1.72732,0.0,0.0,0.0,0.0,0.0,0.0,0.941667,0.127979,-2.08,2.24632
volkan,Factory,42,42-110,0.434424,0.0,0.0,0.025,0.025,0.0,0.275,0.0,0.836099,1.76,1.638757
volkan,Factory,42,42-111,0.237736,0.0,0.0,1.0,1.0,0.0,0.0,0.0,0.76381,1.16,1.175069
volkan,Factory,42,42-112,-0.59415,0.616667,0.6,0.275,0.875,0.875,0.0,0.0,0.51737,0.16,0.321532
volkan,Factory,42,42-113,-1.446058,0.0,0.0,0.0,0.0,0.0,0.0,0.791667,0.188732,-1.4,1.630058
volkan,Factory,42,42-114,0.07213,0.0,0.0,0.85,0.85,0.0,0.0,0.0,0.780522,1.6,1.27113
volkan,Factory,42,42-115,-0.529493,0.741667,0.975,0.025,1.0,1.0,0.0,0.0,0.537891,0.4,0.208912
volkan,Factory,42,42-116,0.232676,0.0,0.0,0.333333,0.333333,0.0,0.0,0.0,0.809769,1.56,1.454676
volkan,Factory,42,42-117,0.021852,0.0,0.0,0.725,0.725,0.0,0.0,0.0,0.775274,1.56,1.243852
volkan,Factory,42,42-118,1.601779,0.0,0.0,0.0,0.0,0.0,1.0,0.0,0.95624,2.24,3.122779
volkan,Factory,42,42-119,-0.239356,1.0,0.0,1.0,1.0,1.0,0.0,0.0,0.666927,1.08,0.694978
volkan,Factory,42,42-120,-1.023497,0.0,0.366667,0.0,0.366667,0.366667,0.0,0.391667,0.33489,-0.8,0.746497
volkan,Factory,42,42-121,0.179276,0.0,0.0,1.0,1.0,0.0,0.0,0.0,0.766001,1.16,1.186609
volkan,Factory,42,42-122,0.219997,0.0,0.0,1.0,1.0,0.0,0.0,0.0,0.774441,1.16,1.233997
volkan,Factory,42,42-123,1.359188,0.0,0.0,0.0,0.0,0.0,1.0,0.0,0.943543,2.24,2.855521
volkan,Factory,42,42-124,0.835111,0.0,0.0,0.0,0.0,0.0,1.0,0.0,0.904064,2.04,2.264445
volkan,Factory,42,42-125,0.356871,0.0,0.0,0.225,0.225,0.0,0.0,0.0,0.812017,1.56,1.466871
volkan,Factory,42,42-126,1.463303,0.0,0.0,0.0,0.0,0.0,1.0,0.0,0.944161,2.08,2.86297
volkan,Factory,42,42-127,-1.188763,0.0,0.175,0.0,0.175,0.175,0.0,0.658333,0.259584,-1.0,1.143763
volkan,Factory,42,42-128,-0.639752,0.675,0.925,0.0,0.925,0.925,0.0,0.0,0.509,0.2,0.18442
volkan,Factory,42,42-129,-0.926576,0.033333,0.358333,0.0,0.358333,0.358333,0.0,0.458333,0.313165,-1.04,0.873471
volkan,Factory,42,42-130,-0.38981,0.566667,0.625,0.191667,0.816667,0.816667,0.0,0.0,0.50214,-0.28,0.346025
volkan,Factory,42,42-131,-1.376686,0.0,0.016667,0.0,0.016667,0.016667,0.0,0.766667,0.192302,-1.56,1.622353
volkan,Factory,42,42-132,0.635151,0.0,0.0,0.0,0.0,0.0,0.783333,0.0,0.875664,1.96,1.974818
volkan,Factory,42,42-133,-0.222223,0.958333,0.175,0.825,1.0,0.958333,0.0,0.0,0.656634,0.84,0.652777
volkan,Factory,42,42-134,-1.470806,0.0,0.0,0.0,0.0,0.0,0.0,0.766667,0.195285,-1.4,1.609806
volkan,Factory,42,42-135,-1.015579,0.0,0.35,0.0,0.35,0.35,0.0,0.441667,0.323075,-0.68,0.799579
volkan,Factory,42,42-136,0.313514,0.0,0.0,0.608333,0.608333,0.0,0.0,0.0,0.798925,1.44,1.381847
volkan,Factory,42,42-137,0.838127,0.0,0.0,0.0,0.0,0.0,1.0,0.0,0.895056,1.76,2.152127
volkan,Factory,42,42-138,1.996731,0.0,0.0,0.0,0.0,0.0,1.0,0.0,0.96949,2.28,3.503398
volkan,Factory,42,42-139,2.913862,0.0,0.0,0.0,0.0,0.0,1.0,0.0,0.987571,2.28,4.424196
volkan,Factory,42,42-140,0.414409,0.0,0.0,0.0,0.0,0.0,0.591667,0.0,0.855914,2.0,1.803076
volkan,Factory,42,42-141,-0.989538,0.041667,0.3,0.0,0.3,0.3,0.0,0.533333,0.292904,-1.2,0.98791
volkan,Factory,42,42-142,-2.132046,0.0,0.0,0.0,0.0,0.0,0.0,1.0,0.087903,-2.0,2.65638
volkan,Factory,42,42-143,0.267711,0.0,0.0,1.0,1.0,0.0,0.0,0.0,0.759882,0.96,1.152711
volkan,Factory,42,42-144,-0.812941,0.175,0.358333,0.0,0.358333,0.358333,0.0,0.441667,0.334748,-0.88,0.777078
volkan,Factory,42,42-145,-0.415357,0.825,0.716667,0.283333,1.0,1.0,0.0,0.0,0.561299,0.24,0.311851
volkan,Factory,42,42-146,-0.612097,0.508333,0.858333,0.0,0.858333,0.858333,0.0,0.0,0.494761,0.2,0.264798
volkan,Factory,42,42-147,-0.140791,0.891667,0.05,0.95,1.0,0.891667,0.0,0.0,0.662462,0.72,0.677542
volkan,Factory,42,42-148,1.06598,0.0,0.0,0.0,0.0,0.0,1.0,0.0,0.923418,2.04,2.51598
volkan,Factory,42,42-149,0.157049,0.0,0.0,1.0,1.0,0.0,0.0,0.0,0.737699,0.92,1.035049
volkan,Factory,42,42-150,-0.158635,0.7,0.091667,0.908333,1.0,0.7,0.0,0.0,0.665319,0.68,0.692698
volkan,Factory,42,42-151,-1.035654,0.0,0.225,0.0,0.225,0.225,0.0,0.583333,0.268046,-1.24,1.123987
volkan,Factory,42,42-152,-1.674683,0.0,0.0,0.0,0.0,0.0,0.0,0.858333,0.149767,-1.64,1.99235
volkan,Factory,42,42-153,-0.486308,0.858333,0.608333,0.391667,1.0,1.0,0.0,0.0,0.569235,0.52,0.306313
volkan,Factory,42,42-154,-0.053783,0.0,0.0,1.0,1.0,0.0,0.0,0.0,0.733183,1.36,1.011551
volkan,Factory,42,42-155,1.76793,0.0,0.0,0.0,0.0,0.0,1.0,0.0,0.963069,2.28,3.301263
volkan,Factory,42,42-156,0.130275,0.0,0.0,1.0,1.0,0.0,0.0,0.0,0.762188,1.4,1.165608
volkan,Factory,42,42-157,0.98274,0.0,0.0,0.0,0.0,0.0,1.0,0.0,0.907358,1.84,2.298406
volkan,Factory,42,42-158,-0.499296,0.6,0.675,0.166667,0.841667,0.841667,0.0,0.0,0.514121,0.0,0.318474
volkan,Factory,42,42-159,-1.184944,0.0,0.233333,0.0,0.233333,0.233333,0.0,0.575,0.273015,-0.96,1.079944
volkan,Factory,42,42-160,-0.965117,0.016667,0.241667,0.0,0.241667,0.241667,0.0,0.55,0.281719,-1.24,1.040113
volkan,Factory,42,42-161,-0.725226,0.35,0.691667,0.0,0.691667,0.691667,0.0,0.116667,0.449654,-0.2,0.340068
volkan,Factory,42,42-162,2.12847,0.0,0.0,0.0,0.0,0.0,1.0,0.0,0.973929,2.28,3.668803
volkan,Factory,42,42-163,-0.821387,0.383333,0.641667,0.0,0.641667,0.641667,0.0,0.133333,0.432949,-0.2,0.399824
volkan,Factory,42,42-164,0.838489,0.0,0.0,0.0,0.0,0.0,1.0,0.0,0.904312,1.96,2.265489
volkan,Factory,42,42-165,-0.902927,0.075,0.3,0.0,0.3,0.3,0.0,0.5,0.307056,-1.08,0.903488
volkan,Factory,42,42-166,0.931573,0.0,0.0,0.0,0.0,0.0,1.0,0.0,0.891926,1.52,2.114906
volkan,Factory,42,42-167,0.384951,0.0,0.0,0.116667,0.116667,0.0,0.0,0.0,0.81438,1.48,1.480951
volkan,Factory,42,42-168,-0.156638,0.766667,0.175,0.825,1.0,0.766667,0.0,0.0,0.661022,0.56,0.674362
volkan,Factory,42,42-169,-0.040763,0.95,0.2,0.8,1.0,0.95,0.0,0.0,0.635081,0.64,0.557571
volkan,Factory,42,42-170,-0.654788,0.375,0.65,0.0,0.65,0.65,0.0,0.216667,0.430062,-0.56,0.479364
volkan,Factory,42,42-171,0.446072,0.0,0.0,0.0,0.0,0.0,0.558333,0.0,0.855591,1.84,1.791072
volkan,Factory,42,42-172,-0.454983,0.333333,0.691667,0.066667,0.758333,0.758333,0.0,0.0,0.467901,-0.16,0.288994
volkan,Factory,42,42-173,-1.225606,0.0,0.1,0.0,0.1,0.1,0.0,0.616667,0.251061,-1.16,1.207272
volkan,Factory,42,42-174,-1.277938,0.0,0.083333,0.0,0.083333,0.083333,0.0,0.708333,0.220364,-1.24,1.410604
volkan,Factory,42,42-175,0.172588,0.0,0.0,1.0,1.0,0.0,0.0,0.0,0.752676,1.08,1.113588
volkan,Factory,42,42-176,1.579091,0.0,0.0,0.0,0.0,0.0,1.0,0.0,0.951603,2.08,3.012425
volkan,Factory,42,42-177,0.159992,0.191667,0.0,1.0,1.0,0.191667,0.0,0.0,0.719014,0.84,0.941658
volkan,Factory,42,42-178,-0.118638,0.891667,0.108333,0.891667,1.0,0.891667,0.0,0.0,0.651001,0.64,0.627362
volkan,Factory,42,42-179,0.285826,0.0,0.0,0.125,0.125,0.0,0.275,0.0,0.827894,1.76,1.580826
volkan,Factory,42,42-180,1.306002,0.0,0.0,0.0,0.0,0.0,1.0,0.0,0.930316,2.0,2.617668
volkan,Factory,42,42-181,0.219383,0.758333,0.0,1.0,1.0,0.758333,0.0,0.0,0.691507,0.84,0.812049
volkan,Factory,42,42-182,-0.410927,0.783333,0.625,0.375,1.0,1.0,0.0,0.0,0.557074,0.32,0.288475
volkan,Factory,42,42-183,1.106289,0.0,0.0,0.0,0.0,0.0,1.0,0.0,0.912592,1.84,2.359955
volkan,Factory,42,42-184,0.428756,0.0,0.0,0.091667,0.091667,0.0,0.275,0.0,0.828968,1.68,1.588756
volkan,Factory,42,42-185,1.535756,0.0,0.0,0.0,0.0,0.0,1.0,0.0,0.953713,2.28,3.067756
volkan,Factory,42,42-186,0.183234,0.0,0.0,0.991667,0.991667,0.0,0.0,0.0,0.768478,1.4,1.201234
volkan,Factory,42,42-187,-1.224469,0.0,0.141667,0.0,0.141667,0.141667,0.0,0.666667,0.245346,-1.16,1.238136
volkan,Factory,42,42-188,-1.368159,0.0,0.033333,0.0,0.033333,0.033333,0.0,0.708333,0.218076,-1.28,1.436159
volkan,Factory,42,42-189,1.650928,0.0,0.0,0.0,0.0,0.0,1.0,0.0,0.954898,2.08,3.085261
volkan,Factory,42,42-190,1.723666,0.0,0.0,0.0,0.0,0.0,1.0,0.0,0.962271,2.36,3.289332
volkan,Factory,42,42-191,-0.179519,0.8,0.391667,0.608333,1.0,0.941667,0.0,0.0,0.610606,0.32,0.467845
volkan,Factory,42,42-192,-0.383187,1.0,0.016667,0.983333,1.0,1.0,0.0,0.0,0.636386,1.0,0.560146
volkan,Factory,42,42-193,1.461444,0.0,0.0,0.0,0.0,0.0,1.0,0.0,0.952523,2.36,3.050111
volkan,Factory,42,42-194,-1.107046,0.0,0.141667,0.0,0.141667,0.141667,0.0,0.658333,0.249263,-1.32,1.226712
volkan,Factory,42,42-195,-0.894727,0.075,0.3,0.0,0.3,0.3,0.0,0.55,0.287734,-1.48,1.050518
volkan,Factory,42,42-196,0.643327,0.0,0.0,0.0,0.0,0.0,0.85,0.0,0.886593,2.12,2.084993
volkan,Factory,42,42-197,-0.394605,0.641667,0.625,0.308333,0.933333,0.933333,0.0,0.0,0.536058,0.0,0.295529
volkan,Factory,42,42-198,-0.005122,0.291667,0.0,1.0,1.0,0.291667,0.0,0.0,0.709886,1.16,0.896211
volkan,Factory,42,42-199,-0.163443,1.0,0.125,0.875,1.0,1.0,0.0,0.0,0.65428,0.72,0.64189
volkan,Factory,137,137-0,-0.83988,0.175,0.416667,0.0,0.416667,0.416667,0.0,0.358333,0.357325,-0.72,0.654422
volkan,Factory,137,137-1,-0.732168,0.166667,0.491667,0.0,0.491667,0.491667,0.0,0.241667,0.383434,-0.52,0.550445
volkan,Factory,137,137-2,-0.626851,0.283333,0.466667,0.0,0.466667,0.466667,0.0,0.325,0.392859,-0.76,0.614469
volkan,Factory,137,137-3,0.00625,0.2,0.0,1.0,1.0,0.2,0.0,0.0,0.714135,0.96,0.916584
volkan,Factory,137,137-4,-0.570385,0.641667,0.633333,0.291667,0.925,0.925,0.0,0.0,0.532347,0.24,0.286058
volkan,Factory,137,137-5,-1.007635,0.0,0.208333,0.0,0.208333,0.208333,0.0,0.616667,0.251781,-1.56,1.249968
volkan,Factory,137,137-6,0.22413,0.0,0.0,1.0,1.0,0.0,0.0,0.0,0.77525,1.2,1.238797
volkan,Factory,137,137-7,-0.680806,0.383333,0.641667,0.0,0.641667,0.641667,0.0,0.083333,0.452282,-0.12,0.366688
volkan,Factory,137,137-8,-1.975848,0.0,0.0,0.0,0.0,0.0,0.0,1.0,0.126124,-1.6,2.168848
volkan,Factory,137,137-9,1.958634,0.0,0.0,0.0,0.0,0.0,1.0,0.0,0.966478,2.24,3.409301
volkan,Factory,137,137-10,1.619418,0.0,0.0,0.0,0.0,0.0,1.0,0.0,0.950856,2.0,2.988085
volkan,Factory,137,137-11,-1.046955,0.0,0.191667,0.0,0.191667,0.191667,0.0,0.491667,0.305478,-0.68,0.872288
volkan,Factory,137,137-12,-0.352262,1.0,0.091667,0.908333,1.0,1.0,0.0,0.0,0.627188,0.88,0.520738
volkan,Factory,137,137-13,-0.039214,0.925,0.075,0.925,1.0,0.925,0.0,0.0,0.65155,0.52,0.628453
volkan,Factory,137,137-14,0.968455,0.0,0.0,0.0,0.0,0.0,1.0,0.0,0.913204,2.04,2.379788
volkan,Factory,137,137-15,-2.598075,0.0,0.0,0.0,0.0,0.0,0.0,1.0,0.057848,-2.0,3.128742
volkan,Factory,137,137-16,-0.838116,0.183333,0.533333,0.0,0.533333,0.533333,0.0,0.275,0.390989,-0.44,0.51214
volkan,Factory,137,137-17,0.165563,0.0,0.0,0.583333,0.583333,0.0,0.0,0.0,0.795364,1.6,1.361229
volkan,Factory,137,137-18,-1.815344,0.0,0.0,0.0,0.0,0.0,0.0,0.983333,0.127135,-1.84,2.217011
volkan,Factory,137,137-19,-0.640166,0.45,0.808333,0.0,0.808333,0.808333,0.0,0.0,0.484679,0.16,0.289517
volkan,Factory,137,137-20,-0.300888,1.0,0.608333,0.391667,1.0,1.0,0.0,0.0,0.59789,0.52,0.402112
volkan,Factory,137,137-21,-0.448263,0.833333,0.625,0.375,1.0,1.0,0.0,0.0,0.56484,0.28,0.319158
volkan,Factory,137,137-22,-1.043383,0.0,0.341667,0.0,0.341667,0.341667,0.0,0.483333,0.310094,-0.8,0.86905
volkan,Factory,137,137-23,1.046346,0.0,0.0,0.0,0.0,0.0,1.0,0.0,0.916301,2.08,2.420013
volkan,Factory,137,137-24,-0.594046,0.35,0.775,0.008333,0.783333,0.783333,0.0,0.0,0.465789,0.0,0.23438
volkan,Factory,137,137-25,0.783179,0.0,0.0,0.0,0.0,0.0,1.0,0.0,0.865199,1.44,1.860512
volkan,Factory,137,137-26,-0.373046,1.0,0.375,0.625,1.0,1.0,0.0,0.0,0.618204,0.6,0.485954
volkan,Factory,137,137-27,0.152686,0.0,0.0,0.858333,0.858333,0.0,0.0,0.0,0.783836,1.44,1.290019
volkan,Factory,137,137-28,-0.453875,0.566667,0.575,0.241667,0.816667,0.816667,0.0,0.0,0.508714,-0.16,0.355817
volkan,Factory,137,137-29,1.015703,0.0,0.0,0.0,0.0,0.0,1.0,0.0,0.916218,1.88,2.404703
volkan,Factory,137,137-30,0.314326,0.0,0.0,0.066667,0.066667,0.0,0.3,0.0,0.838056,1.92,1.655659
volkan,Factory,137,137-31,-0.949702,0.066667,0.341667,0.0,0.341667,0.341667,0.0,0.466667,0.322809,-0.8,0.808075
volkan,Factory,137,137-32,0.720263,0.0,0.0,0.0,0.0,0.0,0.983333,0.0,0.891875,2.12,2.141596
volkan,Factory,137,137-33,2.65798,0.0,0.0,0.0,0.0,0.0,1.0,0.0,0.984621,2.32,4.20698
volkan,Factory,137,137-34,-1.741191,0.0,0.0,0.0,0.0,0.0,0.0,0.958333,0.146363,-1.52,1.961858
volkan,Factory,137,137-35,-0.080598,0.0,0.0,1.0,1.0,0.0,0.0,0.0,0.735822,1.44,1.025735
volkan,Factory,137,137-36,0.022184,0.0,0.0,0.95,0.95,0.0,0.0,0.0,0.775549,1.52,1.243851
volkan,Factory,137,137-37,-0.198292,0.925,0.208333,0.791667,1.0,0.925,0.0,0.0,0.645417,0.6,0.605041
volkan,Factory,137,137-38,0.913303,0.0,0.0,0.0,0.0,0.0,1.0,0.0,0.907035,1.96,2.298969
volkan,Factory,137,137-39,-0.192114,0.741667,0.45,0.55,1.0,1.0,0.0,0.0,0.581917,0.24,0.390145
volkan,Factory,137,137-40,0.840026,0.0,0.0,0.0,0.0,0.0,1.0,0.0,0.874867,1.6,1.950359
volkan,Factory,137,137-41,0.635433,0.0,0.0,0.0,0.0,0.0,0.916667,0.0,0.887223,2.0,2.081099
volkan,Factory,137,137-42,-0.996261,0.033333,0.325,0.0,0.325,0.325,0.0,0.475,0.315041,-0.84,0.849677
volkan,Factory,137,137-43,-1.106161,0.0,0.183333,0.0,0.183333,0.183333,0.0,0.6,0.268303,-1.04,1.098494
volkan,Factory,137,137-44,1.787637,0.0,0.0,0.0,0.0,0.0,1.0,0.0,0.961669,2.12,3.256303
volkan,Factory,137,137-45,-0.190261,1.0,0.341667,0.658333,1.0,1.0,0.0,0.0,0.616477,0.52,0.479406
volkan,Factory,137,137-46,0.101085,0.0,0.0,1.0,1.0,0.0,0.0,0.0,0.755817,1.2,1.130418
volkan,Factory,137,137-47,1.554169,0.0,0.0,0.0,0.0,0.0,1.0,0.0,0.954774,2.28,3.091835
volkan,Factory,137,137-48,0.664131,0.0,0.0,0.0,0.0,0.0,0.833333,0.0,0.882918,2.08,2.044131
volkan,Factory,137,137-49,-0.630889,0.791667,1.0,0.0,1.0,1.0,0.0,0.0,0.539897,0.6,0.207148
volkan,Factory,137,137-50,-0.331603,0.733333,0.691667,0.308333,1.0,1.0,0.0,0.0,0.552836,0.16,0.326419
volkan,Factory,137,137-51,1.076932,0.0,0.0,0.0,0.0,0.0,1.0,0.0,0.914236,1.84,2.381599
volkan,Factory,137,137-52,1.370465,0.0,0.0,0.0,0.0,0.0,1.0,0.0,0.941529,2.16,2.810132
volkan,Factory,137,137-53,-0.338788,1.0,0.425,0.575,1.0,1.0,0.0,0.0,0.616126,0.6,0.477545
volkan,Factory,137,137-54,1.3345,0.0,0.0,0.0,0.0,0.0,1.0,0.0,0.941775,2.16,2.814166
volkan,Factory,137,137-55,-0.37606,1.0,0.558333,0.441667,1.0,1.0,0.0,0.0,0.585784,0.64,0.348606
volkan,Factory,137,137-56,0.191903,0.0,0.0,0.391667,0.391667,0.0,0.308333,0.0,0.821206,2.04,1.549236
volkan,Factory,137,137-57,-1.292154,0.0,0.075,0.0,0.075,0.075,0.0,0.666667,0.227758,-1.44,1.384487
volkan,Factory,137,137-58,-0.223985,0.966667,0.25,0.75,1.0,0.966667,0.0,0.0,0.648516,0.68,0.618348
volkan,Factory,137,137-59,0.499185,0.0,0.0,0.0,0.0,0.0,0.275,0.0,0.836863,1.52,1.639185
volkan,Factory,137,137-60,0.37522,0.0,0.0,0.033333,0.033333,0.0,0.0,0.0,0.81565,1.4,1.487886
volkan,Factory,137,137-61,0.742053,0.0,0.0,0.0,0.0,0.0,0.991667,0.0,0.878185,1.8,1.986386
volkan,Factory,137,137-62,-0.721375,0.25,0.641667,0.0,0.641667,0.641667,0.0,0.05,0.435571,-0.08,0.335521
volkan,Factory,137,137-63,-0.202698,1.0,0.225,0.775,1.0,1.0,0.0,0.0,0.642365,0.64,0.590302
volkan,Factory,137,137-64,-0.106074,0.691667,0.191667,0.808333,1.0,0.691667,0.0,0.0,0.657268,0.6,0.657926
volkan,Factory,137,137-65,1.702647,0.0,0.0,0.0,0.0,0.0,1.0,0.0,0.958703,2.12,3.174314
volkan,Factory,137,137-66,-1.218646,0.0,0.091667,0.0,0.091667,0.091667,0.0,0.7,0.242924,-1.04,1.235313
volkan,Factory,137,137-67,-0.292621,0.908333,0.425,0.575,1.0,1.0,0.0,0.0,0.598928,0.32,0.418693
volkan,Factory,137,137-68,-0.121263,0.8,0.158333,0.841667,1.0,0.8,0.0,0.0,0.6572,0.56,0.656403
volkan,Factory,137,137-69,3.110762,0.0,0.0,0.0,0.0,0.0,1.0,0.0,0.990199,2.36,4.670762
volkan,Factory,137,137-70,0.607553,0.0,0.0,0.0,0.0,0.0,0.858333,0.0,0.890043,2.28,2.129886
volkan,Factory,137,137-71,-0.057651,0.891667,0.341667,0.658333,1.0,0.891667,0.0,0.0,0.637684,0.56,0.571016
volkan,Factory,137,137-72,0.04985,0.0,0.0,1.0,1.0,0.0,0.0,0.0,0.730643,1.0,0.99885
volkan,Factory,137,137-73,-1.56946,0.0,0.0,0.0,0.0,0.0,0.0,0.883333,0.159304,-1.6,1.87946
volkan,Factory,137,137-74,0.103745,0.0,0.0,0.883333,0.883333,0.0,0.0,0.0,0.774912,1.32,1.241078
volkan,Factory,137,137-75,1.292329,0.0,0.0,0.0,0.0,0.0,1.0,0.0,0.939598,2.2,2.781329
volkan,Factory,137,137-76,-0.193478,1.0,0.458333,0.541667,1.0,1.0,0.0,0.0,0.612859,0.4,0.463856
volkan,Factory,137,137-77,-0.482773,0.516667,0.616667,0.2,0.816667,0.816667,0.0,0.0,0.499593,0.0,0.324074
volkan,Factory,137,137-78,-0.320344,0.675,0.666667,0.266667,0.933333,0.933333,0.0,0.0,0.534842,-0.08,0.312046
volkan,Factory,137,137-79,0.822072,0.0,0.0,0.0,0.0,0.0,1.0,0.0,0.898696,1.92,2.201405
volkan,Factory,137,137-80,0.605951,0.0,0.0,0.0,0.0,0.0,0.5,0.0,0.854198,1.68,1.773284
volkan,Factory,137,137-81,1.128074,0.0,0.0,0.0,0.0,0.0,1.0,0.0,0.928293,2.12,2.591408
volkan,Factory,137,137-82,0.204276,0.0,0.0,1.0,1.0,0.0,0.0,0.0,0.759238,1.12,1.14961
volkan,Factory,137,137-83,0.745318,0.0,0.0,0.0,0.0,0.0,1.0,0.0,0.894049,2.12,2.160651
volkan,Factory,137,137-84,-0.890788,0.1,0.491667,0.0,0.491667,0.491667,0.0,0.3,0.364304,-0.68,0.61063
volkan,Factory,137,137-85,0.138789,0.0,0.0,0.983333,0.983333,0.0,0.0,0.0,0.766672,1.36,1.193789
volkan,Factory,137,137-86,-1.118181,0.0,0.25,0.0,0.25,0.25,0.0,0.483333,0.299999,-0.84,0.928181
volkan,Factory,137,137-87,-0.632498,0.233333,0.616667,0.0,0.616667,0.616667,0.0,0.025,0.438192,-0.08,0.354332
volkan,Factory,137,137-88,-0.884575,0.225,0.583333,0.0,0.583333,0.583333,0.0,0.25,0.401875,-0.24,0.46035
volkan,Factory,137,137-89,-0.121239,0.525,0.0,1.0,1.0,0.525,0.0,0.0,0.689841,1.0,0.801094
volkan,Factory,137,137-90,1.080744,0.0,0.0,0.0,0.0,0.0,1.0,0.0,0.913946,1.76,2.374078
volkan,Factory,137,137-91,0.415538,0.0,0.0,0.0,0.0,0.0,0.266667,0.0,0.835799,1.72,1.634872
volkan,Factory,137,137-92,-1.122452,0.0,0.3,0.0,0.3,0.3,0.0,0.441667,0.314277,-0.6,0.839118
volkan,Factory,137,137-93,0.608223,0.0,0.0,0.0,0.0,0.0,0.791667,0.0,0.875547,1.96,1.971223
volkan,Factory,137,137-94,2.18768,0.0,0.0,0.0,0.0,0.0,1.0,0.0,0.974934,2.28,3.704013
volkan,Factory,137,137-95,1.339749,0.0,0.0,0.0,0.0,0.0,1.0,0.0,0.938047,2.04,2.737082
volkan,Factory,137,137-96,0.715568,0.0,0.0,0.0,0.0,0.0,0.958333,0.0,0.884519,1.92,2.050901
volkan,Factory,137,137-97,1.20599,0.0,0.0,0.0,0.0,0.0,1.0,0.0,0.924808,1.92,2.524657
volkan,Factory,137,137-98,1.233436,0.0,0.0,0.0,0.0,0.0,1.0,0.0,0.922898,1.8,2.494103
volkan,Factory,137,137-99,0.341164,0.0,0.0,0.658333,0.658333,0.0,0.0,0.0,0.795085,1.08,1.358497
volkan,Factory,137,137-100,-0.340886,0.933333,0.633333,0.366667,1.0,1.0,0.0,0.0,0.585344,0.32,0.361898
volkan,Factory,137,137-101,2.087957,0.0,0.0,0.0,0.0,0.0,1.0,0.0,0.971869,2.28,3.590957
volkan,Factory,137,137-102,0.368075,0.0,0.0,0.425,0.425,0.0,0.0,0.0,0.806511,1.52,1.431075
volkan,Factory,137,137-103,1.291066,0.0,0.0,0.0,0.0,0.0,1.0,0.0,0.93068,1.96,2.620066
volkan,Factory,137,137-104,0.010497,0.191667,0.0,1.0,1.0,0.191667,0.0,0.0,0.712224,0.8,0.90783
volkan,Factory,137,137-105,2.161759,0.0,0.0,0.0,0.0,0.0,1.0,0.0,0.973951,2.28,3.665759
volkan,Factory,137,137-106,-3.001345,0.0,0.0,0.0,0.0,0.0,0.0,1.0,0.036752,-2.28,3.697345
volkan,Factory,137,137-107,-0.262965,0.908333,0.433333,0.566667,1.0,1.0,0.0,0.0,0.594067,0.4,0.397579
volkan,Factory,137,137-108,-2.964778,0.0,0.0,0.0,0.0,0.0,0.0,1.0,0.038876,-2.28,3.642445
volkan,Factory,137,137-109,1.678688,0.0,0.0,0.0,0.0,0.0,1.0,0.0,0.957922,2.16,3.158688
volkan,Factory,137,137-110,-0.57792,0.691667,0.991667,0.008333,1.0,1.0,0.0,0.0,0.523608,0.48,0.170631
volkan,Factory,137,137-111,1.266303,0.0,0.0,0.0,0.0,0.0,1.0,0.0,0.936923,2.2,2.733637
volkan,Factory,137,137-112,-0.473743,0.608333,0.641667,0.2,0.841667,0.841667,0.0,0.0,0.51642,-0.04,0.320022
volkan,Factory,137,137-113,-0.641194,0.283333,0.558333,0.0,0.558333,0.558333,0.0,0.233333,0.409199,-0.52,0.484684
volkan,Factory,137,137-114,-0.389012,0.908333,0.508333,0.491667,1.0,1.0,0.0,0.0,0.583233,0.36,0.36364
volkan,Factory,137,137-115,-0.249659,1.0,0.608333,0.391667,1.0,1.0,0.0,0.0,0.593541,0.48,0.381007
volkan,Factory,137,137-116,1.255613,0.0,0.0,0.0,0.0,0.0,1.0,0.0,0.931584,2.0,2.63328
volkan,Factory,137,137-117,-0.686074,0.258333,0.625,0.0,0.625,0.625,0.0,0.158333,0.423169,-0.4,0.429269
volkan,Factory,137,137-118,-1.848787,0.0,0.0,0.0,0.0,0.0,0.0,1.0,0.117997,-2.04,2.34312
volkan,Factory,137,137-119,-0.31704,1.0,0.366667,0.633333,1.0,1.0,0.0,0.0,0.611925,0.6,0.459626
volkan,Factory,137,137-120,1.942559,0.0,0.0,0.0,0.0,0.0,1.0,0.0,0.968011,2.28,3.453226
volkan,Factory,137,137-121,2.226408,0.0,0.0,0.0,0.0,0.0,1.0,0.0,0.976443,2.32,3.776075
volkan,Factory,137,137-122,0.103639,0.4,0.0,1.0,1.0,0.4,0.0,0.0,0.695363,0.56,0.831306
volkan,Factory,137,137-123,-1.255067,0.0,0.05,0.0,0.05,0.05,0.0,0.783333,0.18442,-1.68,1.690067
volkan,Factory,137,137-124,-1.5471,0.0,0.0,0.0,0.0,0.0,0.0,0.875,0.162119,-1.72,1.8701
volkan,Factory,137,137-125,0.111437,0.0,0.0,1.0,1.0,0.0,0.0,0.0,0.73035,1.16,0.997771
volkan,Factory,137,137-126,0.22928,0.0,0.0,0.433333,0.433333,0.0,0.0,0.0,0.802832,1.48,1.40728
volkan,Factory,137,137-127,-0.903158,0.075,0.333333,0.0,0.333333,0.333333,0.0,0.308333,0.350475,-0.76,0.673851
volkan,Factory,137,137-128,-0.146796,0.95,0.35,0.65,1.0,0.95,0.0,0.0,0.63599,0.76,0.563204
volkan,Factory,137,137-129,1.006923,0.0,0.0,0.0,0.0,0.0,1.0,0.0,0.917466,2.12,2.43559
volkan,Factory,137,137-130,-0.146176,0.775,0.508333,0.491667,1.0,0.958333,0.0,0.0,0.592048,0.04,0.429588
volkan,Factory,137,137-131,-0.314946,0.958333,0.3,0.7,1.0,1.0,0.0,0.0,0.626023,0.52,0.5228
volkan,Factory,137,137-132,0.600451,0.0,0.0,0.0,0.0,0.0,0.0,0.0,0.829003,1.24,1.579784
volkan,Factory,137,137-133,-1.159657,0.0,0.208333,0.0,0.208333,0.208333,0.0,0.508333,0.283408,-0.84,1.000324
volkan,Factory,137,137-134,0.151749,0.0,0.0,0.333333,0.333333,0.0,0.0,0.0,0.808079,1.6,1.444416
volkan,Factory,137,137-135,0.33816,0.0,0.0,0.925,0.925,0.0,0.0,0.0,0.791704,1.24,1.335493
volkan,Factory,137,137-136,0.007584,0.191667,0.0,1.0,1.0,0.191667,0.0,0.0,0.711771,1.0,0.904917
volkan,Factory,137,137-137,-0.298613,0.475,0.533333,0.208333,0.741667,0.741667,0.0,0.041667,0.486906,-0.52,0.407597
volkan,Factory,137,137-138,-0.029487,0.266667,0.0,1.0,1.0,0.266667,0.0,0.0,0.709378,0.92,0.893513
volkan,Factory,137,137-139,1.095607,0.0,0.0,0.0,0.0,0.0,1.0,0.0,0.913231,1.84,2.365607
volkan,Factory,137,137-140,-2.407855,0.0,0.0,0.0,0.0,0.0,0.0,1.0,0.070847,-2.04,2.932521
volkan,Factory,137,137-141,0.970356,0.0,0.0,0.0,0.0,0.0,1.0,0.0,0.908719,2.08,2.329023
volkan,Factory,137,137-142,-0.054668,0.908333,0.05,0.95,1.0,0.908333,0.0,0.0,0.667134,0.48,0.698665
volkan,Factory,137,137-143,-0.557724,0.283333,0.55,0.025,0.575,0.575,0.0,0.233333,0.417958,-0.6,0.496847
volkan,Factory,137,137-144,0.202865,0.0,0.0,0.508333,0.508333,0.0,0.0,0.0,0.802393,1.72,1.407865
volkan,Factory,137,137-145,0.618659,0.0,0.0,0.0,0.0,0.0,0.666667,0.0,0.855617,1.56,1.783659
volkan,Factory,137,137-146,0.938405,0.0,0.0,0.0,0.0,0.0,1.0,0.0,0.914468,2.08,2.397738
volkan,Factory,137,137-147,-0.393954,0.525,0.675,0.2,0.875,0.875,0.0,0.0,0.506322,-0.08,0.310136
volkan,Factory,137,137-148,-0.800885,0.225,0.666667,0.0,0.666667,0.666667,0.0,0.158333,0.421466,-0.28,0.38532
volkan,Factory,137,137-149,0.07057,0.0,0.0,0.8,0.8,0.0,0.0,0.0,0.768584,1.68,1.206904
volkan,Factory,137,137-150,-1.028025,0.0,0.283333,0.0,0.283333,0.283333,0.0,0.55,0.284767,-1.24,1.041025
volkan,Factory,137,137-151,1.687123,0.0,0.0,0.0,0.0,0.0,1.0,0.0,0.955139,2.16,3.095789
volkan,Factory,137,137-152,3.708529,0.0,0.0,0.0,0.0,0.0,1.0,0.0,0.99474,2.36,5.299196
volkan,Factory,137,137-153,-0.882556,0.133333,0.408333,0.0,0.408333,0.408333,0.0,0.341667,0.358485,-0.68,0.643207
volkan,Factory,137,137-154,1.694662,0.0,0.0,0.0,0.0,0.0,1.0,0.0,0.958253,2.12,3.163662
volkan,Factory,137,137-155,0.723206,0.0,0.0,0.0,0.0,0.0,0.783333,0.0,0.869052,1.76,1.904539
volkan,Factory,137,137-156,-0.04033,0.083333,0.0,1.0,1.0,0.083333,0.0,0.0,0.723048,1.12,0.96067
volkan,Factory,137,137-157,0.950618,0.0,0.0,0.0,0.0,0.0,1.0,0.0,0.905627,1.96,2.276951
volkan,Factory,137,137-158,0.986405,0.0,0.0,0.0,0.0,0.0,1.0,0.0,0.908263,1.96,2.313405
volkan,Factory,137,137-159,0.374409,0.0,0.0,0.725,0.725,0.0,0.0,0.0,0.793473,1.28,1.347075
volkan,Factory,137,137-160,-0.601175,1.0,0.833333,0.166667,1.0,1.0,0.0,0.0,0.573964,1.0,0.298492
volkan,Factory,137,137-161,0.175896,0.0,0.0,0.891667,0.891667,0.0,0.0,0.0,0.773814,1.48,1.233229
volkan,Factory,137,137-162,-1.11499,0.0,0.283333,0.0,0.283333,0.283333,0.0,0.516667,0.288989,-1.08,1.003324
volkan,Factory,137,137-163,0.681243,0.0,0.0,0.0,0.0,0.0,0.9,0.0,0.883924,2.12,2.058576
volkan,Factory,137,137-164,-0.269201,1.0,0.15,0.85,1.0,1.0,0.0,0.0,0.654803,0.72,0.643799
volkan,Factory,137,137-165,1.059224,0.0,0.0,0.0,0.0,0.0,1.0,0.0,0.915523,1.76,2.391891
volkan,Factory,137,137-166,0.116911,0.0,0.0,0.666667,0.666667,0.0,0.0,0.0,0.788082,1.6,1.316245
volkan,Factory,137,137-167,-0.122426,0.858333,0.5,0.5,1.0,0.95,0.0,0.0,0.60847,0.16,0.463185
volkan,Factory,137,137-168,-0.840159,0.275,0.425,0.0,0.425,0.425,0.0,0.333333,0.37441,-0.64,0.635238
volkan,Factory,137,137-169,0.574944,0.0,0.0,0.0,0.0,0.0,0.508333,0.0,0.856879,1.84,1.803277
volkan,Factory,137,137-170,0.247893,0.0,0.0,0.325,0.325,0.0,0.0,0.0,0.811969,1.64,1.469893
volkan,Factory,137,137-171,-0.282704,0.958333,0.45,0.55,1.0,1.0,0.0,0.0,0.595194,0.4,0.392354
volkan,Factory,137,137-172,-0.014739,0.0,0.0,1.0,1.0,0.0,0.0,0.0,0.735642,1.2,1.023928
volkan,Factory,137,137-173,0.97984,0.0,0.0,0.0,0.0,0.0,1.0,0.0,0.913825,2.04,2.38484
volkan,Factory,137,137-174,-0.173795,1.0,0.4,0.6,1.0,1.0,0.0,0.0,0.607298,0.52,0.441205
volkan,Factory,137,137-175,-0.935282,0.025,0.191667,0.0,0.191667,0.191667,0.0,0.583333,0.27835,-1.24,1.047685
volkan,Factory,137,137-176,0.668167,0.0,0.0,0.0,0.0,0.0,0.908333,0.0,0.883209,2.04,2.046833
volkan,Factory,137,137-177,0.213525,0.0,0.0,0.941667,0.941667,0.0,0.0,0.0,0.78258,1.36,1.281858
volkan,Factory,137,137-178,-1.329987,0.0,0.025,0.0,0.025,0.025,0.0,0.708333,0.22509,-1.2,1.35432
volkan,Factory,137,137-179,2.848663,0.0,0.0,0.0,0.0,0.0,1.0,0.0,0.986705,2.28,4.352996
volkan,Factory,137,137-180,-0.531019,0.891667,0.733333,0.266667,1.0,1.0,0.0,0.0,0.555844,0.6,0.232535
volkan,Factory,137,137-181,-0.074551,0.908333,0.375,0.625,1.0,0.908333,0.0,0.0,0.6228,0.32,0.508782
volkan,Factory,137,137-182,-1.524811,0.0,0.0,0.0,0.0,0.0,0.0,0.775,0.193207,-1.32,1.596811
volkan,Factory,137,137-183,-0.136188,0.85,0.175,0.825,1.0,0.85,0.0,0.0,0.653693,0.6,0.640479
volkan,Factory,137,137-184,-0.68768,0.291667,0.483333,0.0,0.483333,0.483333,0.0,0.258333,0.397989,-0.6,0.544034
volkan,Factory,137,137-185,-0.527871,0.475,0.641667,0.15,0.791667,0.791667,0.0,0.025,0.484792,-0.2,0.34656
volkan,Factory,137,137-186,-1.152544,0.0,0.191667,0.0,0.191667,0.191667,0.0,0.6,0.25329,-1.28,1.209877
volkan,Factory,137,137-187,-0.413452,0.991667,0.275,0.725,1.0,1.0,0.0,0.0,0.604637,0.6,0.427939
volkan,Factory,137,137-188,-0.552106,0.85,0.816667,0.183333,1.0,1.0,0.0,0.0,0.557531,0.44,0.271193
volkan,Factory,137,137-189,-0.644944,0.375,0.716667,0.0,0.716667,0.716667,0.0,0.116667,0.443047,-0.28,0.347736
volkan,Factory,137,137-190,-0.623048,0.241667,0.5,0.0,0.5,0.5,0.0,0.341667,0.378041,-0.96,0.658242
volkan,Factory,137,137-191,-1.278609,0.0,0.05,0.0,0.05,0.05,0.0,0.725,0.200897,-1.6,1.569609
volkan,Factory,137,137-192,-1.920888,0.0,0.0,0.0,0.0,0.0,0.0,1.0,0.105351,-2.0,2.449222
volkan,Factory,137,137-193,-0.632742,0.741667,0.966667,0.0,0.966667,0.966667,0.0,0.0,0.530832,0.32,0.257175
volkan,Factory,137,137-194,1.825612,0.0,0.0,0.0,0.0,0.0,1.0,0.0,0.9666,2.4,3.420612
volkan,Factory,137,137-195,0.521098,0.0,0.0,0.0,0.0,0.0,0.25,0.0,0.836287,1.56,1.637098
volkan,Factory,137,137-196,-0.49011,0.525,0.766667,0.066667,0.833333,0.833333,0.0,0.0,0.493036,-0.16,0.274328
volkan,Factory,137,137-197,-1.231114,0.0,0.175,0.0,0.175,0.175,0.0,0.525,0.275746,-0.88,1.051447
volkan,Factory,137,137-198,-0.165171,0.741667,0.308333,0.691667,1.0,0.8,0.0,0.0,0.63054,0.28,0.548265
volkan,Factory,137,137-199,0.03401,0.0,0.0,1.0,1.0,0.0,0.0,0.0,0.742118,1.32,1.05801
volkan,Factory,369,369-0,0.231976,0.0,0.0,0.541667,0.541667,0.0,0.0,0.0,0.799837,1.6,1.388643
volkan,Factory,369,369-1,0.030686,0.0,0.0,0.833333,0.833333,0.0,0.0,0.0,0.77107,1.76,1.221353
volkan,Factory,369,369-2,1.22262,0.0,0.0,0.0,0.0,0.0,1.0,0.0,0.93471,2.12,2.68762
volkan,Factory,369,369-3,-0.670696,0.141667,0.416667,0.0,0.416667,0.416667,0.0,0.308333,0.370245,-0.84,0.615332
volkan,Factory,369,369-4,0.230225,0.0,0.0,0.575,0.575,0.0,0.0,0.0,0.798283,1.36,1.378225
volkan,Factory,369,369-5,0.256787,0.0,0.0,1.0,1.0,0.0,0.0,0.0,0.779091,1.28,1.26112
volkan,Factory,369,369-6,-0.722373,0.225,0.541667,0.0,0.541667,0.541667,0.0,0.258333,0.38951,-0.8,0.549139
volkan,Factory,369,369-7,0.237807,0.0,0.0,0.458333,0.458333,0.0,0.0,0.0,0.799248,1.48,1.384807
volkan,Factory,369,369-8,0.032378,0.0,0.0,1.0,1.0,0.0,0.0,0.0,0.744894,1.36,1.074712
volkan,Factory,369,369-9,1.926765,0.0,0.0,0.0,0.0,0.0,1.0,0.0,0.967741,2.24,3.440431
volkan,Factory,369,369-10,0.841279,0.0,0.0,0.0,0.0,0.0,1.0,0.0,0.895553,2.0,2.167945
volkan,Factory,369,369-11,-3.155046,0.0,0.0,0.0,0.0,0.0,0.0,1.0,0.030442,-2.36,3.911046
volkan,Factory,369,369-12,-0.487376,1.0,0.708333,0.291667,1.0,1.0,0.0,0.0,0.570279,0.8,0.284957
volkan,Factory,369,369-13,0.128524,0.0,0.0,1.0,1.0,0.0,0.0,0.0,0.775182,1.4,1.238858
volkan,Factory,369,369-14,-2.890421,0.0,0.0,0.0,0.0,0.0,0.0,1.0,0.05144,-1.76,3.216421
volkan,Factory,369,369-15,-2.602773,0.0,0.0,0.0,0.0,0.0,0.0,1.0,0.053771,-2.28,3.285106
volkan,Factory,369,369-16,0.18643,0.0,0.0,1.0,1.0,0.0,0.0,0.0,0.757253,1.24,1.13843
volkan,Factory,369,369-17,-1.667763,0.0,0.0,0.0,0.0,0.0,0.0,0.85,0.161993,-1.44,1.84543
volkan,Factory,369,369-18,1.434687,0.0,0.0,0.0,0.0,0.0,1.0,0.0,0.9508,2.32,3.009687
volkan,Factory,369,369-19,-0.661515,0.341667,0.525,0.0,0.525,0.525,0.0,0.233333,0.401351,-0.68,0.52048
volkan,Factory,369,369-20,-0.158063,0.016667,0.0,1.0,1.0,0.016667,0.0,0.0,0.720499,1.36,0.94727
volkan,Factory,369,369-21,1.071875,0.0,0.0,0.0,0.0,0.0,1.0,0.0,0.921459,2.12,2.491209
volkan,Factory,369,369-22,-0.335319,0.691667,0.716667,0.208333,0.925,0.925,0.0,0.0,0.530353,0.08,0.302294
volkan,Factory,369,369-23,1.114239,0.0,0.0,0.0,0.0,0.0,1.0,0.0,0.91462,1.84,2.385239
volkan,Factory,369,369-24,-0.500427,0.666667,0.483333,0.333333,0.816667,0.816667,0.0,0.0,0.524466,-0.12,0.363858
volkan,Factory,369,369-25,-0.467771,0.583333,0.783333,0.183333,0.966667,0.966667,0.0,0.0,0.517357,0.12,0.245705
volkan,Factory,369,369-26,1.125826,0.0,0.0,0.0,0.0,0.0,1.0,0.0,0.910694,1.84,2.345493
volkan,Factory,369,369-27,-0.43343,0.608333,0.616667,0.375,0.991667,0.991667,0.0,0.0,0.545183,0.24,0.321424
volkan,Factory,369,369-28,-1.038158,0.0,0.475,0.0,0.475,0.475,0.0,0.35,0.343769,-0.68,0.701825
volkan,Factory,369,369-29,0.22191,0.0,0.0,0.375,0.375,0.0,0.033333,0.0,0.805356,1.76,1.429244
volkan,Factory,369,369-30,0.488949,0.0,0.0,0.0,0.0,0.0,0.291667,0.0,0.841057,1.56,1.669282
volkan,Factory,369,369-31,-0.099903,0.908333,0.1,0.9,1.0,0.908333,0.0,0.0,0.651043,0.56,0.628097
volkan,Factory,369,369-32,-0.424318,0.5,0.683333,0.208333,0.891667,0.891667,0.0,0.0,0.502883,-0.04,0.268667
volkan,Factory,369,369-33,-1.962954,0.0,0.0,0.0,0.0,0.0,0.0,1.0,0.114075,-1.68,2.296288
volkan,Factory,369,369-34,-0.578553,0.516667,0.808333,0.016667,0.825,0.825,0.0,0.0,0.485718,-0.04,0.276048
volkan,Factory,369,369-35,-0.138219,0.341667,0.0,1.0,1.0,0.341667,0.0,0.0,0.706108,1.16,0.877448
volkan,Factory,369,369-36,-0.55189,0.516667,0.6,0.1,0.7,0.7,0.0,0.05,0.479982,-0.2,0.376437
volkan,Factory,369,369-37,0.626275,0.0,0.0,0.0,0.0,0.0,0.841667,0.0,0.877031,1.92,1.981275
volkan,Factory,369,369-38,-0.013418,0.0,0.0,1.0,1.0,0.0,0.0,0.0,0.733406,1.24,1.012915
volkan,Factory,369,369-39,0.367813,0.0,0.0,0.05,0.05,0.0,0.658333,0.0,0.850083,1.88,1.747146
volkan,Factory,369,369-40,0.511879,0.0,0.0,0.266667,0.266667,0.0,0.0,0.0,0.807617,0.96,1.436546
volkan,Factory,369,369-41,-0.60238,0.525,0.908333,0.0,0.908333,0.908333,0.0,0.0,0.48366,0.2,0.205548
volkan,Factory,369,369-42,-0.545278,0.333333,0.533333,0.083333,0.616667,0.616667,0.0,0.208333,0.429467,-0.6,0.503093
volkan,Factory,369,369-43,-1.148539,0.0,0.2,0.0,0.2,0.2,0.0,0.583333,0.250116,-1.56,1.272539
volkan,Factory,369,369-44,-0.64239,0.266667,0.475,0.0,0.475,0.475,0.0,0.316667,0.386727,-0.84,0.625449
volkan,Factory,369,369-45,-0.123988,0.916667,0.116667,0.883333,1.0,0.916667,0.0,0.0,0.662359,0.48,0.678679
volkan,Factory,369,369-46,0.446608,0.0,0.0,0.308333,0.308333,0.0,0.0,0.0,0.806186,1.32,1.427275
volkan,Factory,369,369-47,-0.857714,0.166667,0.441667,0.0,0.441667,0.441667,0.0,0.366667,0.350105,-0.84,0.709809
volkan,Factory,369,369-48,0.029596,0.141667,0.0,1.0,1.0,0.141667,0.0,0.0,0.726975,0.84,0.981596
volkan,Factory,369,369-49,-1.521616,0.0,0.0,0.0,0.0,0.0,0.0,0.808333,0.172237,-1.68,1.793949
volkan,Factory,369,369-50,-1.174665,0.0,0.125,0.0,0.125,0.125,0.0,0.716667,0.217343,-1.72,1.478665
volkan,Factory,369,369-51,0.216574,0.0,0.0,0.2,0.2,0.0,0.033333,0.0,0.821161,1.76,1.530241
volkan,Factory,369,369-52,1.454491,0.0,0.0,0.0,0.0,0.0,1.0,0.0,0.949933,2.32,2.989158
volkan,Factory,369,369-53,0.726874,0.0,0.0,0.0,0.0,0.0,0.266667,0.0,0.845602,1.4,1.702541
volkan,Factory,369,369-54,-0.642818,0.416667,0.75,0.0,0.75,0.75,0.0,0.058333,0.466205,-0.12,0.299303
volkan,Factory,369,369-55,0.861417,0.0,0.0,0.0,0.0,0.0,1.0,0.0,0.892022,1.8,2.124084
volkan,Factory,369,369-56,0.15782,0.0,0.0,0.483333,0.483333,0.0,0.0,0.0,0.798981,1.56,1.386487
volkan,Factory,369,369-57,-0.616591,0.333333,0.691667,0.0,0.691667,0.691667,0.0,0.15,0.43413,-0.44,0.372697
volkan,Factory,369,369-58,-1.032616,0.0,0.141667,0.0,0.141667,0.141667,0.0,0.7,0.22184,-1.84,1.453282
volkan,Factory,369,369-59,0.092656,0.0,0.0,1.0,1.0,0.0,0.0,0.0,0.758935,1.08,1.148656
volkan,Factory,369,369-60,-0.398194,0.908333,0.525,0.475,1.0,1.0,0.0,0.0,0.587725,0.52,0.362642
volkan,Factory,369,369-61,-1.820899,0.0,0.0,0.0,0.0,0.0,0.0,0.991667,0.142632,-1.64,2.038899
volkan,Factory,369,369-62,0.172438,0.0,0.0,1.0,1.0,0.0,0.0,0.0,0.753303,1.08,1.116771
volkan,Factory,369,369-63,-1.604932,0.0,0.0,0.0,0.0,0.0,0.0,0.883333,0.151511,-1.8,1.985266
volkan,Factory,369,369-64,-0.547018,0.591667,0.841667,0.1,0.941667,0.941667,0.0,0.0,0.507766,0.2,0.22638
volkan,Factory,369,369-65,0.849584,0.0,0.0,0.0,0.0,0.0,1.0,0.0,0.901463,2.0,2.231584
volkan,Factory,369,369-66,-0.917635,0.025,0.25,0.0,0.25,0.25,0.0,0.575,0.27917,-1.2,1.06192
volkan,Factory,369,369-67,1.020256,0.0,0.0,0.0,0.0,0.0,1.0,0.0,0.915541,2.04,2.410923
volkan,Factory,369,369-68,0.653268,0.0,0.0,0.0,0.0,0.0,0.0,0.0,0.83042,1.28,1.590601
volkan,Factory,369,369-69,-1.243689,0.0,0.091667,0.0,0.091667,0.091667,0.0,0.725,0.215696,-1.4,1.441023
volkan,Factory,369,369-70,1.151157,0.0,0.0,0.0,0.0,0.0,1.0,0.0,0.923637,1.96,2.513823
volkan,Factory,369,369-71,-0.469619,0.708333,0.8,0.141667,0.941667,0.941667,0.0,0.0,0.528614,0.08,0.254825
volkan,Factory,369,369-72,-0.662576,0.141667,0.408333,0.0,0.408333,0.408333,0.0,0.35,0.355595,-0.88,0.683846
volkan,Factory,369,369-73,0.43348,0.0,0.0,0.0,0.0,0.0,0.075,0.0,0.829483,1.52,1.584813
volkan,Factory,369,369-74,1.53104,0.0,0.0,0.0,0.0,0.0,1.0,0.0,0.945777,1.96,2.878373
volkan,Factory,369,369-75,0.597911,0.0,0.0,0.0,0.0,0.0,0.841667,0.0,0.870608,1.92,1.920578
volkan,Factory,369,369-76,0.068143,0.0,0.0,1.0,1.0,0.0,0.0,0.0,0.758088,1.32,1.143143
volkan,Factory,369,369-77,0.518152,0.0,0.0,0.0,0.0,0.0,0.316667,0.0,0.839294,1.56,1.657152
volkan,Factory,369,369-78,0.768912,0.0,0.0,0.0,0.0,0.0,1.0,0.0,0.884328,1.76,2.042912
volkan,Factory,369,369-79,2.208458,0.0,0.0,0.0,0.0,0.0,1.0,0.0,0.975638,2.32,3.740124
volkan,Factory,369,369-80,0.609541,0.0,0.0,0.0,0.0,0.0,0.725,0.0,0.87176,1.96,1.936541
volkan,Factory,369,369-81,0.102991,0.025,0.0,1.0,1.0,0.025,0.0,0.0,0.7179,1.04,0.934991
volkan,Factory,369,369-82,1.185387,0.0,0.0,0.0,0.0,0.0,1.0,0.0,0.927706,2.04,2.576054
volkan,Factory,369,369-83,-0.666769,0.233333,0.433333,0.0,0.433333,0.433333,0.0,0.416667,0.360404,-0.88,0.705944
volkan,Factory,369,369-84,1.195109,0.0,0.0,0.0,0.0,0.0,1.0,0.0,0.931515,2.16,2.640775
volkan,Factory,369,369-85,2.089352,0.0,0.0,0.0,0.0,0.0,1.0,0.0,0.974121,2.4,3.684352
volkan,Factory,369,369-86,-0.859006,0.133333,0.391667,0.0,0.391667,0.391667,0.0,0.358333,0.35054,-0.76,0.689271
volkan,Factory,369,369-87,0.806216,0.0,0.0,0.0,0.0,0.0,1.0,0.0,0.893615,2.04,2.152883
volkan,Factory,369,369-88,0.84898,0.0,0.0,0.0,0.0,0.0,1.0,0.0,0.901196,2.08,2.233313
volkan,Factory,369,369-89,-1.191223,0.0,0.141667,0.0,0.141667,0.141667,0.0,0.6,0.256756,-1.2,1.174889
volkan,Factory,369,369-90,-2.083709,0.0,0.0,0.0,0.0,0.0,0.0,1.0,0.094337,-2.04,2.593709
volkan,Factory,369,369-91,2.871627,0.0,0.0,0.0,0.0,0.0,1.0,0.0,0.98769,2.36,4.43796
volkan,Factory,369,369-92,-2.061716,0.0,0.0,0.0,0.0,0.0,0.0,1.0,0.091212,-2.0,2.615383
volkan,Factory,369,369-93,1.454118,0.0,0.0,0.0,0.0,0.0,1.0,0.0,0.945002,2.16,2.876785
volkan,Factory,369,369-94,1.793163,0.0,0.0,0.0,0.0,0.0,1.0,0.0,0.959639,2.16,3.205829
volkan,Factory,369,369-95,-1.086711,0.0,0.2,0.0,0.2,0.2,0.0,0.575,0.278587,-1.08,1.046377
volkan,Factory,369,369-96,-0.429271,1.0,0.85,0.15,1.0,1.0,0.0,0.0,0.580758,0.76,0.326729
volkan,Factory,369,369-97,-1.847038,0.0,0.0,0.0,0.0,0.0,0.0,0.983333,0.117319,-1.92,2.305038
volkan,Factory,369,369-98,-0.573374,0.3,0.441667,0.058333,0.5,0.5,0.0,0.333333,0.391211,-0.96,0.64535
volkan,Factory,369,369-99,-2.606954,0.0,0.0,0.0,0.0,0.0,0.0,1.0,0.051777,-2.24,3.31062
volkan,Factory,369,369-100,2.447595,0.0,0.0,0.0,0.0,0.0,1.0,0.0,0.981393,2.36,4.017261
volkan,Factory,369,369-101,-0.774114,0.166667,0.408333,0.0,0.408333,0.408333,0.0,0.275,0.368365,-0.64,0.610076
volkan,Factory,369,369-102,-0.419893,0.358333,0.4,0.141667,0.541667,0.541667,0.0,0.208333,0.432785,-0.64,0.51647
volkan,Factory,369,369-103,-2.045843,0.0,0.0,0.0,0.0,0.0,0.0,1.0,0.089309,-2.08,2.660843
volkan,Factory,369,369-104,0.862104,0.0,0.0,0.0,0.0,0.0,1.0,0.0,0.896375,1.84,2.170104
volkan,Factory,369,369-105,0.328284,0.0,0.0,0.616667,0.616667,0.0,0.0,0.0,0.798404,1.56,1.380617
volkan,Factory,369,369-106,1.034031,0.0,0.0,0.0,0.0,0.0,1.0,0.0,0.912904,1.88,2.366031
volkan,Factory,369,369-107,0.175197,0.608333,0.0,1.0,1.0,0.608333,0.0,0.0,0.710936,0.68,0.907197
volkan,Factory,369,369-108,-0.222364,1.0,0.483333,0.516667,1.0,1.0,0.0,0.0,0.601579,0.48,0.416303
volkan,Factory,369,369-109,-0.133694,0.175,0.0,1.0,1.0,0.175,0.0,0.0,0.710971,1.24,0.90064
volkan,Factory,369,369-110,1.801781,0.0,0.0,0.0,0.0,0.0,1.0,0.0,0.960256,2.0,3.207781
volkan,Factory,369,369-111,0.499768,0.0,0.0,0.0,0.0,0.0,0.291667,0.0,0.836146,1.52,1.633768
volkan,Factory,369,369-112,-1.014326,0.0,0.291667,0.0,0.291667,0.291667,0.0,0.375,0.328146,-0.64,0.759992
volkan,Factory,369,369-113,0.3677,0.0,0.0,0.633333,0.633333,0.0,0.0,0.0,0.795571,1.32,1.362366
volkan,Factory,369,369-114,0.269233,0.0,0.0,0.816667,0.816667,0.0,0.0,0.0,0.777332,1.4,1.253566
volkan,Factory,369,369-115,-0.678598,0.308333,0.583333,0.0,0.583333,0.583333,0.0,0.1,0.424916,-0.28,0.398129
volkan,Factory,369,369-116,-0.072946,0.0,0.0,1.0,1.0,0.0,0.0,0.0,0.744084,1.36,1.069054
volkan,Factory,369,369-117,-0.994879,0.016667,0.2,0.0,0.2,0.2,0.0,0.558333,0.267976,-1.44,1.14355
volkan,Factory,369,369-118,0.93942,0.0,0.0,0.0,0.0,0.0,1.0,0.0,0.907762,1.96,2.30542
volkan,Factory,369,369-119,0.77847,0.0,0.0,0.0,0.0,0.0,1.0,0.0,0.895769,1.84,2.165137
volkan,Factory,369,369-120,-1.518781,0.0,0.0,0.0,0.0,0.0,0.0,0.808333,0.187881,-1.44,1.637781
volkan,Factory,369,369-121,-1.423723,0.0,0.0,0.0,0.0,0.0,0.0,0.733333,0.201237,-1.48,1.554389
volkan,Factory,369,369-122,0.978785,0.0,0.0,0.0,0.0,0.0,1.0,0.0,0.909815,1.92,2.336785
volkan,Factory,369,369-123,1.339497,0.0,0.0,0.0,0.0,0.0,1.0,0.0,0.938466,2.04,2.745497
volkan,Factory,369,369-124,-2.13659,0.0,0.0,0.0,0.0,0.0,0.0,1.0,0.097332,-1.92,2.546924
volkan,Factory,369,369-125,1.078108,0.0,0.0,0.0,0.0,0.0,1.0,0.0,0.926473,2.24,2.571775
volkan,Factory,369,369-126,0.699484,0.0,0.0,0.0,0.0,0.0,0.966667,0.0,0.898023,2.16,2.205151
volkan,Factory,369,369-127,1.275301,0.0,0.0,0.0,0.0,0.0,1.0,0.0,0.933497,1.96,2.658301
volkan,Factory,369,369-128,0.425079,0.0,0.0,0.008333,0.008333,0.0,0.266667,0.0,0.831429,1.76,1.604745
volkan,Factory,369,369-129,1.955968,0.0,0.0,0.0,0.0,0.0,1.0,0.0,0.968029,2.2,3.447301
volkan,Factory,369,369-130,0.703888,0.0,0.0,0.0,0.0,0.0,0.858333,0.0,0.870426,1.68,1.912888
volkan,Factory,369,369-131,0.513951,0.0,0.0,0.0,0.0,0.0,0.575,0.0,0.853229,1.68,1.765284
volkan,Factory,369,369-132,0.491925,0.0,0.0,0.0,0.0,0.0,0.191667,0.0,0.836628,1.64,1.638592
volkan,Factory,369,369-133,-1.561684,0.0,0.0,0.0,0.0,0.0,0.0,0.883333,0.152651,-1.68,1.935351
volkan,Factory,369,369-134,0.245354,0.0,0.0,0.258333,0.258333,0.0,0.225,0.0,0.825198,1.88,1.567687
volkan,Factory,369,369-135,2.197761,0.0,0.0,0.0,0.0,0.0,1.0,0.0,0.975741,2.28,3.740427
volkan,Factory,369,369-136,1.47046,0.0,0.0,0.0,0.0,0.0,1.0,0.0,0.946911,2.12,2.913127
volkan,Factory,369,369-137,-0.726608,0.216667,0.558333,0.0,0.558333,0.558333,0.0,0.233333,0.406957,-0.4,0.478244
volkan,Factory,369,369-138,1.069092,0.0,0.0,0.0,0.0,0.0,1.0,0.0,0.929427,2.28,2.616758
volkan,Factory,369,369-139,0.504925,0.0,0.0,0.0,0.0,0.0,0.375,0.0,0.84115,1.68,1.675591
volkan,Factory,369,369-140,-1.515391,0.0,0.0,0.0,0.0,0.0,0.0,0.816667,0.182607,-1.4,1.676058
volkan,Factory,369,369-141,-0.557669,1.0,0.333333,0.666667,1.0,1.0,0.0,0.0,0.596398,0.76,0.392998
volkan,Factory,369,369-142,-1.805564,0.0,0.0,0.0,0.0,0.0,0.0,0.983333,0.113657,-2.08,2.373564
volkan,Factory,369,369-143,1.00057,0.0,0.0,0.0,0.0,0.0,1.0,0.0,0.913115,2.04,2.379237
volkan,Factory,369,369-144,-0.293508,1.0,0.0,1.0,1.0,1.0,0.0,0.0,0.656703,1.0,0.649159
volkan,Factory,369,369-145,-1.197497,0.0,0.116667,0.0,0.116667,0.116667,0.0,0.708333,0.221686,-1.56,1.420497
volkan,Factory,369,369-146,0.355825,0.0,0.0,0.033333,0.033333,0.0,0.416667,0.0,0.845674,1.92,1.715825
volkan,Factory,369,369-147,0.060891,0.183333,0.0,1.0,1.0,0.183333,0.0,0.0,0.720908,0.76,0.952225
volkan,Factory,369,369-148,-0.734187,0.133333,0.325,0.0,0.325,0.325,0.0,0.391667,0.34117,-1.0,0.744404
volkan,Factory,369,369-149,1.042388,0.0,0.0,0.0,0.0,0.0,1.0,0.0,0.909634,1.92,2.327055
volkan,Factory,369,369-150,0.567493,0.0,0.0,0.0,0.0,0.0,0.216667,0.0,0.839274,1.48,1.655493
volkan,Factory,369,369-151,-0.326013,0.916667,0.358333,0.641667,1.0,1.0,0.0,0.0,0.600474,0.4,0.420489
volkan,Factory,369,369-152,0.159952,0.0,0.0,0.891667,0.891667,0.0,0.0,0.0,0.778663,1.52,1.259619
volkan,Factory,369,369-153,1.172015,0.0,0.0,0.0,0.0,0.0,1.0,0.0,0.924875,1.96,2.528682
volkan,Factory,369,369-154,-2.277682,0.0,0.0,0.0,0.0,0.0,0.0,1.0,0.087329,-1.8,2.632682
volkan,Factory,369,369-155,1.339122,0.0,0.0,0.0,0.0,0.0,1.0,0.0,0.941425,2.24,2.815789
volkan,Factory,369,369-156,-0.957434,0.016667,0.291667,0.0,0.291667,0.291667,0.0,0.475,0.304485,-1.12,0.923352
volkan,Factory,369,369-157,-0.400505,0.658333,0.533333,0.275,0.808333,0.808333,0.0,0.0,0.522757,-0.2,0.37334
volkan,Factory,369,369-158,0.853967,0.0,0.0,0.0,0.0,0.0,1.0,0.0,0.886406,1.68,2.0643
volkan,Factory,369,369-159,-0.344609,0.733333,0.733333,0.241667,0.975,0.975,0.0,0.0,0.543331,0.08,0.283182
volkan,Factory,369,369-160,1.494031,0.0,0.0,0.0,0.0,0.0,1.0,0.0,0.951274,2.28,3.019031
volkan,Factory,369,369-161,-0.807596,0.175,0.458333,0.0,0.458333,0.458333,0.0,0.35,0.358838,-0.76,0.668438
volkan,Factory,369,369-162,-0.239289,0.866667,0.541667,0.458333,1.0,1.0,0.0,0.0,0.576965,0.16,0.352355
volkan,Factory,369,369-163,-2.746209,0.0,0.0,0.0,0.0,0.0,0.0,1.0,0.048041,-2.16,3.372542
volkan,Factory,369,369-164,1.19522,0.0,0.0,0.0,0.0,0.0,1.0,0.0,0.929844,2.08,2.615553
volkan,Factory,369,369-165,-1.211251,0.0,0.166667,0.0,0.166667,0.166667,0.0,0.608333,0.251503,-1.2,1.210918
volkan,Factory,369,369-166,1.643909,0.0,0.0,0.0,0.0,0.0,1.0,0.0,0.956938,2.24,3.137576
volkan,Factory,369,369-167,0.721479,0.0,0.0,0.0,0.0,0.0,0.983333,0.0,0.881232,1.84,2.011813
volkan,Factory,369,369-168,1.403925,0.0,0.0,0.0,0.0,0.0,1.0,0.0,0.943396,2.24,2.857925
volkan,Factory,369,369-169,-0.526088,0.708333,0.825,0.058333,0.883333,0.883333,0.0,0.0,0.524158,0.08,0.286796
volkan,Factory,369,369-170,0.524277,0.0,0.0,0.0,0.0,0.0,0.016667,0.0,0.837288,1.36,1.639277
volkan,Factory,369,369-171,-0.449724,0.658333,0.683333,0.258333,0.941667,0.941667,0.0,0.0,0.531613,0.04,0.301754
volkan,Factory,369,369-172,-0.098782,0.7,0.008333,0.991667,1.0,0.7,0.0,0.0,0.674734,0.68,0.733885
volkan,Factory,369,369-173,0.053851,0.758333,0.208333,0.791667,1.0,0.758333,0.0,0.0,0.651418,0.28,0.634518
volkan,Factory,369,369-174,0.199838,0.0,0.0,0.283333,0.283333,0.0,0.0,0.0,0.80874,1.56,1.445504
volkan,Factory,369,369-175,-0.54819,0.716667,0.975,0.025,1.0,1.0,0.0,0.0,0.517323,0.32,0.173117
volkan,Factory,369,369-176,0.356066,0.0,0.0,0.1,0.1,0.0,0.15,0.0,0.830553,1.72,1.596399
volkan,Factory,369,369-177,1.05976,0.0,0.0,0.0,0.0,0.0,1.0,0.0,0.927559,2.24,2.586093
volkan,Factory,369,369-178,-0.585372,0.408333,0.6,0.025,0.625,0.625,0.0,0.2,0.437407,-0.6,0.485985
volkan,Factory,369,369-179,-1.391402,0.0,0.008333,0.0,0.008333,0.008333,0.0,0.766667,0.207827,-1.16,1.463069
volkan,Factory,369,369-180,0.254504,0.0,0.0,0.791667,0.791667,0.0,0.0,0.0,0.794439,1.48,1.352838
volkan,Factory,369,369-181,0.227448,0.0,0.0,0.433333,0.433333,0.0,0.0,0.0,0.807036,1.56,1.435115
volkan,Factory,369,369-182,0.533,0.0,0.0,0.0,0.0,0.0,0.625,0.0,0.861984,1.92,1.845667
volkan,Factory,369,369-183,0.016653,0.216667,0.0,1.0,1.0,0.216667,0.0,0.0,0.728963,0.96,0.99332
volkan,Factory,369,369-184,-0.127383,0.891667,0.083333,0.916667,1.0,0.891667,0.0,0.0,0.646863,0.64,0.609617
volkan,Factory,369,369-185,-1.489992,0.0,0.0,0.0,0.0,0.0,0.0,0.775,0.18587,-1.6,1.686325
volkan,Factory,369,369-186,-0.581476,0.491667,0.766667,0.041667,0.808333,0.808333,0.0,0.008333,0.483546,-0.12,0.311025
volkan,Factory,369,369-187,-0.244752,0.566667,0.475,0.333333,0.808333,0.808333,0.0,0.0,0.522188,-0.36,0.427366
volkan,Factory,369,369-188,-0.858205,0.2,0.533333,0.0,0.533333,0.533333,0.0,0.258333,0.3957,-0.28,0.46409
volkan,Factory,369,369-189,0.12465,0.0,0.0,1.0,1.0,0.0,0.0,0.0,0.759795,1.32,1.15265
volkan,Factory,369,369-190,0.378446,0.0,0.0,0.008333,0.008333,0.0,0.2,0.0,0.833587,1.72,1.617446
volkan,Factory,369,369-191,0.139139,0.0,0.0,1.0,1.0,0.0,0.0,0.0,0.74299,1.08,1.062472
volkan,Factory,369,369-192,-0.411408,0.658333,0.575,0.316667,0.891667,0.891667,0.0,0.0,0.528908,-0.04,0.339221
volkan,Factory,369,369-193,0.001881,0.25,0.0,1.0,1.0,0.25,0.0,0.0,0.721504,1.0,0.954548
volkan,Factory,369,369-194,0.438737,0.0,0.0,0.0,0.0,0.0,0.0,0.0,0.824735,1.48,1.551404
volkan,Factory,369,369-195,-2.863164,0.0,0.0,0.0,0.0,0.0,0.0,1.0,0.04152,-2.28,3.563831
volkan,Factory,369,369-196,-0.392589,0.766667,0.8,0.2,1.0,1.0,0.0,0.0,0.537563,0.32,0.221119
volkan,Factory,369,369-197,-1.7188,0.0,0.0,0.0,0.0,0.0,0.0,0.9,0.134732,-2.0,2.185467
volkan,Factory,369,369-198,0.501067,0.0,0.0,0.0,0.0,0.0,0.0,0.0,0.828334,1.4,1.575067
volkan,Factory,369,369-199,-2.175564,0.0,0.0,0.0,0.0,0.0,0.0,1.0,0.102675,-1.72,2.450231
volkan,Factory,1024,1024-0,-0.453679,0.825,0.508333,0.491667,1.0,1.0,0.0,0.0,0.567888,0.36,0.343609
volkan,Factory,1024,1024-1,-0.139218,0.341667,0.0,1.0,1.0,0.341667,0.0,0.0,0.700501,1.0,0.851449
volkan,Factory,1024,1024-2,2.417348,0.0,0.0,0.0,0.0,0.0,1.0,0.0,0.980912,2.36,3.991014
volkan,Factory,1024,1024-3,0.083214,0.0,0.0,1.0,1.0,0.0,0.0,0.0,0.764005,1.48,1.175548
volkan,Factory,1024,1024-4,1.48629,0.0,0.0,0.0,0.0,0.0,1.0,0.0,0.946204,2.04,2.892957
volkan,Factory,1024,1024-5,0.45974,0.0,0.0,0.025,0.025,0.0,0.0,0.0,0.822168,1.28,1.533073
volkan,Factory,1024,1024-6,-0.213213,1.0,0.225,0.775,1.0,1.0,0.0,0.0,0.63958,0.64,0.577454
volkan,Factory,1024,1024-7,-0.65551,0.283333,0.6,0.0,0.6,0.6,0.0,0.2,0.419339,-0.48,0.460721
volkan,Factory,1024,1024-8,-0.363281,0.966667,0.5,0.5,1.0,1.0,0.0,0.0,0.594704,0.52,0.387271
volkan,Factory,1024,1024-9,0.450501,0.0,0.0,0.0,0.0,0.0,0.075,0.0,0.832071,1.52,1.603501
volkan,Factory,1024,1024-10,-1.466925,0.0,0.0,0.0,0.0,0.0,0.0,0.758333,0.200623,-1.28,1.533592
volkan,Factory,1024,1024-11,-0.372172,0.866667,0.691667,0.308333,1.0,1.0,0.0,0.0,0.562457,0.36,0.283407
volkan,Factory,1024,1024-12,1.562737,0.0,0.0,0.0,0.0,0.0,1.0,0.0,0.955735,2.28,3.114737
volkan,Factory,1024,1024-13,0.762199,0.0,0.0,0.0,0.0,0.0,1.0,0.0,0.891983,1.92,2.123199
volkan,Factory,1024,1024-14,0.246562,0.0,0.0,0.416667,0.416667,0.0,0.0,0.0,0.801305,1.52,1.397229
volkan,Factory,1024,1024-15,-0.340309,0.85,0.658333,0.341667,1.0,1.0,0.0,0.0,0.563163,0.32,0.282117
volkan,Factory,1024,1024-16,-0.891364,0.183333,0.383333,0.0,0.383333,0.383333,0.0,0.4,0.350183,-0.6,0.682197
volkan,Factory,1024,1024-17,2.037654,0.0,0.0,0.0,0.0,0.0,1.0,0.0,0.969621,2.16,3.497987
volkan,Factory,1024,1024-18,0.591213,0.0,0.0,0.0,0.0,0.0,0.35,0.0,0.849317,1.64,1.734213
volkan,Factory,1024,1024-19,-1.030628,0.0,0.208333,0.0,0.208333,0.208333,0.0,0.616667,0.262118,-1.36,1.162961
volkan,Factory,1024,1024-20,-0.837841,0.166667,0.45,0.0,0.45,0.45,0.0,0.316667,0.369835,-0.56,0.606727
volkan,Factory,1024,1024-21,-0.519407,0.391667,0.55,0.1,0.65,0.65,0.0,0.15,0.449596,-0.48,0.423705
volkan,Factory,1024,1024-22,-0.45672,1.0,0.425,0.575,1.0,1.0,0.0,0.0,0.598966,0.64,0.403613
volkan,Factory,1024,1024-23,0.597314,0.0,0.0,0.0,0.0,0.0,0.625,0.0,0.85724,1.72,1.800981
volkan,Factory,1024,1024-24,1.160834,0.0,0.0,0.0,0.0,0.0,1.0,0.0,0.930682,2.12,2.624834
volkan,Factory,1024,1024-25,-0.094463,0.966667,0.458333,0.541667,1.0,0.966667,0.0,0.0,0.606379,0.4,0.436537
volkan,Factory,1024,1024-26,1.098646,0.0,0.0,0.0,0.0,0.0,1.0,0.0,0.917364,2.04,2.435979
volkan,Factory,1024,1024-27,-1.234635,0.0,0.125,0.0,0.125,0.125,0.0,0.7,0.237268,-1.32,1.306635
volkan,Factory,1024,1024-28,0.524817,0.0,0.0,0.0,0.0,0.0,0.491667,0.0,0.852554,1.88,1.773151
volkan,Factory,1024,1024-29,0.662467,0.0,0.0,0.0,0.0,0.0,0.866667,0.0,0.885486,2.04,2.0678
volkan,Factory,1024,1024-30,1.173854,0.0,0.0,0.0,0.0,0.0,1.0,0.0,0.932588,2.04,2.652854
volkan,Factory,1024,1024-31,1.003531,0.0,0.0,0.0,0.0,0.0,1.0,0.0,0.913222,1.96,2.375531
volkan,Factory,1024,1024-32,0.949154,0.0,0.0,0.0,0.0,0.0,1.0,0.0,0.916232,2.12,2.415821
volkan,Factory,1024,1024-33,-1.982724,0.0,0.0,0.0,0.0,0.0,0.0,1.0,0.104571,-2.0,2.468058
volkan,Factory,1024,1024-34,-0.512017,0.841667,0.783333,0.216667,1.0,1.0,0.0,0.0,0.555688,0.6,0.245788
volkan,Factory,1024,1024-35,-1.617087,0.0,0.0,0.0,0.0,0.0,0.0,0.883333,0.151804,-1.84,1.981087
volkan,Factory,1024,1024-36,-0.252073,1.0,0.0,1.0,1.0,1.0,0.0,0.0,0.651151,0.92,0.62526
volkan,Factory,1024,1024-37,-1.935859,0.0,0.0,0.0,0.0,0.0,0.0,1.0,0.10528,-2.16,2.505526
volkan,Factory,1024,1024-38,0.876777,0.0,0.0,0.0,0.0,0.0,1.0,0.0,0.897806,1.8,2.182443
volkan,Factory,1024,1024-39,-0.385024,0.666667,0.783333,0.183333,0.966667,0.966667,0.0,0.0,0.535261,0.04,0.264325
volkan,Factory,1024,1024-40,0.952162,0.0,0.0,0.0,0.0,0.0,1.0,0.0,0.90892,2.0,2.322495
volkan,Factory,1024,1024-41,-0.694434,0.6,0.75,0.058333,0.808333,0.808333,0.0,0.0,0.506985,0.16,0.323113
volkan,Factory,1024,1024-42,-0.121534,0.833333,0.0,1.0,1.0,0.833333,0.0,0.0,0.672601,0.76,0.723132
volkan,Factory,1024,1024-43,0.806678,0.0,0.0,0.0,0.0,0.0,1.0,0.0,0.895457,1.96,2.169011
volkan,Factory,1024,1024-44,-0.9207,0.041667,0.275,0.0,0.275,0.275,0.0,0.583333,0.280628,-1.36,1.067475
volkan,Factory,1024,1024-45,-1.944503,0.0,0.0,0.0,0.0,0.0,0.0,1.0,0.118627,-1.72,2.273169
volkan,Factory,1024,1024-46,2.42525,0.0,0.0,0.0,0.0,0.0,1.0,0.0,0.980701,2.32,3.97625
volkan,Factory,1024,1024-47,-1.629288,0.0,0.0,0.0,0.0,0.0,0.0,0.9,0.141724,-1.8,2.052288
volkan,Factory,1024,1024-48,0.371418,0.0,0.0,0.85,0.85,0.0,0.0,0.0,0.78998,1.12,1.325418
volkan,Factory,1024,1024-49,0.901256,0.0,0.0,0.0,0.0,0.0,1.0,0.0,0.90846,2.04,2.321923
volkan,Factory,1024,1024-50,0.545248,0.0,0.0,0.0,0.0,0.0,0.733333,0.0,0.862079,1.76,1.840581
volkan,Factory,1024,1024-51,-1.769431,0.0,0.0,0.0,0.0,0.0,0.0,0.975,0.133972,-1.8,2.138765
volkan,Factory,1024,1024-52,0.660271,0.0,0.0,0.0,0.0,0.0,0.891667,0.0,0.870036,1.68,1.912271
volkan,Factory,1024,1024-53,0.355437,0.0,0.0,0.166667,0.166667,0.0,0.0,0.0,0.815902,1.48,1.492103
volkan,Factory,1024,1024-54,0.715129,0.0,0.0,0.0,0.0,0.0,0.925,0.0,0.864693,1.56,1.859129
volkan,Factory,1024,1024-55,-2.183124,0.0,0.0,0.0,0.0,0.0,0.0,1.0,0.087528,-1.92,2.638791
volkan,Factory,1024,1024-56,-0.067843,0.5,0.0,1.0,1.0,0.5,0.0,0.0,0.691842,0.84,0.810824
volkan,Factory,1024,1024-57,-0.675636,0.183333,0.491667,0.0,0.491667,0.491667,0.0,0.316667,0.377777,-0.64,0.595403
volkan,Factory,1024,1024-58,-1.359565,0.0,0.058333,0.0,0.058333,0.058333,0.0,0.75,0.206882,-1.44,1.512565
volkan,Factory,1024,1024-59,-0.119658,0.933333,0.025,0.975,1.0,0.933333,0.0,0.0,0.669032,0.76,0.706675
volkan,Factory,1024,1024-60,-1.509762,0.0,0.0,0.0,0.0,0.0,0.0,0.841667,0.166598,-1.84,1.868429
volkan,Factory,1024,1024-61,-0.053294,0.716667,0.1,0.9,1.0,0.716667,0.0,0.0,0.663635,0.6,0.68604
volkan,Factory,1024,1024-62,-0.899341,0.075,0.325,0.0,0.325,0.325,0.0,0.466667,0.320428,-0.96,0.833773
volkan,Factory,1024,1024-63,-0.333747,0.875,0.633333,0.366667,1.0,1.0,0.0,0.0,0.570456,0.36,0.305023
volkan,Factory,1024,1024-64,-0.226425,1.0,0.15,0.85,1.0,1.0,0.0,0.0,0.633314,0.84,0.547909
volkan,Factory,1024,1024-65,-1.99674,0.0,0.0,0.0,0.0,0.0,0.0,1.0,0.095445,-2.12,2.58174
volkan,Factory,1024,1024-66,-0.072562,0.966667,0.008333,0.991667,1.0,0.966667,0.0,0.0,0.662682,0.64,0.677771
volkan,Factory,1024,1024-67,0.486877,0.0,0.0,0.0,0.0,0.0,0.691667,0.0,0.867593,2.04,1.906544
volkan,Factory,1024,1024-68,-0.683814,0.216667,0.575,0.0,0.575,0.575,0.0,0.216667,0.404362,-0.52,0.481995
volkan,Factory,1024,1024-69,-0.028345,0.633333,0.183333,0.816667,1.0,0.633333,0.0,0.0,0.663109,0.56,0.683988
volkan,Factory,1024,1024-70,0.225393,0.0,0.0,1.0,1.0,0.0,0.0,0.0,0.741996,1.04,1.057393
volkan,Factory,1024,1024-71,0.272283,0.0,0.0,0.3,0.3,0.0,0.091667,0.0,0.815275,1.72,1.49295
volkan,Factory,1024,1024-72,-0.66278,0.316667,0.608333,0.0,0.608333,0.608333,0.0,0.208333,0.427439,-0.36,0.457519
volkan,Factory,1024,1024-73,-0.075206,0.783333,0.075,0.925,1.0,0.783333,0.0,0.0,0.659632,0.6,0.665794
volkan,Factory,1024,1024-74,-0.458991,0.766667,0.741667,0.258333,1.0,1.0,0.0,0.0,0.548081,0.28,0.289871
volkan,Factory,1024,1024-75,0.190854,0.0,0.0,1.0,1.0,0.0,0.0,0.0,0.777401,1.4,1.251521
volkan,Factory,1024,1024-76,2.172069,0.0,0.0,0.0,0.0,0.0,1.0,0.0,0.974684,2.28,3.692736
volkan,Factory,1024,1024-77,1.061123,0.0,0.0,0.0,0.0,0.0,1.0,0.0,0.911724,1.88,2.352123
volkan,Factory,1024,1024-78,0.513334,0.0,0.0,0.0,0.0,0.0,0.141667,0.0,0.835367,1.56,1.627334
volkan,Factory,1024,1024-79,0.467789,0.0,0.0,0.0,0.0,0.0,0.3,0.0,0.840353,1.68,1.666122
volkan,Factory,1024,1024-80,-0.119441,0.0,0.0,0.925,0.925,0.0,0.0,0.0,0.761682,1.6,1.168225
volkan,Factory,1024,1024-81,0.257175,0.0,0.0,0.933333,0.933333,0.0,0.0,0.0,0.780389,1.12,1.269175
volkan,Factory,1024,1024-82,0.520727,0.0,0.0,0.0,0.0,0.0,0.65,0.0,0.861093,1.92,1.842393
volkan,Factory,1024,1024-83,0.275461,0.0,0.0,0.316667,0.316667,0.0,0.0,0.0,0.814031,1.64,1.481794
volkan,Factory,1024,1024-84,2.118684,0.0,0.0,0.0,0.0,0.0,1.0,0.0,0.974464,2.36,3.692684
volkan,Factory,1024,1024-85,-0.480852,0.475,0.616667,0.1,0.716667,0.716667,0.0,0.108333,0.467631,-0.36,0.364876
volkan,Factory,1024,1024-86,0.653347,0.0,0.0,0.0,0.0,0.0,0.925,0.0,0.874891,1.88,1.95468
volkan,Factory,1024,1024-87,-0.620066,0.566667,0.958333,0.008333,0.966667,0.966667,0.0,0.0,0.514857,0.36,0.244991
volkan,Factory,1024,1024-88,0.843938,0.0,0.0,0.0,0.0,0.0,1.0,0.0,0.900855,2.04,2.229271
volkan,Factory,1024,1024-89,-0.260361,0.875,0.833333,0.166667,1.0,1.0,0.0,0.0,0.55825,0.32,0.262396
volkan,Factory,1024,1024-90,-1.307344,0.0,0.033333,0.0,0.033333,0.033333,0.0,0.833333,0.177636,-1.84,1.747344
volkan,Factory,1024,1024-91,0.52292,0.0,0.0,0.0,0.0,0.0,0.741667,0.0,0.871522,2.04,1.935254
volkan,Factory,1024,1024-92,-0.040401,0.0,0.0,1.0,1.0,0.0,0.0,0.0,0.732234,1.28,1.006599
volkan,Factory,1024,1024-93,-1.844562,0.0,0.0,0.0,0.0,0.0,0.0,0.991667,0.141645,-1.52,2.020895
volkan,Factory,1024,1024-94,0.138788,0.0,0.0,1.0,1.0,0.0,0.0,0.0,0.734772,1.16,1.019788
volkan,Factory,1024,1024-95,0.282639,0.0,0.0,1.0,1.0,0.0,0.0,0.0,0.781504,1.16,1.274972
volkan,Factory,1024,1024-96,0.365249,0.0,0.0,0.108333,0.108333,0.0,0.425,0.0,0.838101,1.88,1.659249
volkan,Factory,1024,1024-97,0.169047,0.0,0.0,0.475,0.475,0.0,0.0,0.0,0.802542,1.68,1.409381
volkan,Factory,1024,1024-98,-1.388095,0.0,0.008333,0.0,0.008333,0.008333,0.0,0.75,0.206653,-1.4,1.510095
volkan,Factory,1024,1024-99,0.944657,0.0,0.0,0.0,0.0,0.0,1.0,0.0,0.919327,2.2,2.46599
volkan,Factory,1024,1024-100,0.052692,0.0,0.0,1.0,1.0,0.0,0.0,0.0,0.738943,1.32,1.041359
volkan,Factory,1024,1024-101,-0.434545,0.425,0.533333,0.091667,0.625,0.625,0.0,0.066667,0.456484,-0.36,0.403682
volkan,Factory,1024,1024-102,-0.314861,1.0,0.133333,0.866667,1.0,1.0,0.0,0.0,0.626197,0.84,0.516806
volkan,Factory,1024,1024-103,0.09447,0.0,0.0,1.0,1.0,0.0,0.0,0.0,0.740605,1.08,1.050803
volkan,Factory,1024,1024-104,-0.276964,1.0,0.433333,0.566667,1.0,1.0,0.0,0.0,0.616187,0.64,0.477036
volkan,Factory,1024,1024-105,1.162645,0.0,0.0,0.0,0.0,0.0,1.0,0.0,0.929498,2.2,2.614311
volkan,Factory,1024,1024-106,0.252362,0.0,0.0,0.933333,0.933333,0.0,0.0,0.0,0.784107,1.4,1.290695
volkan,Factory,1024,1024-107,-0.848234,0.183333,0.583333,0.0,0.583333,0.583333,0.0,0.175,0.405063,-0.2,0.431048
volkan,Factory,1024,1024-108,0.229203,0.0,0.0,1.0,1.0,0.0,0.0,0.0,0.774457,1.12,1.23387
volkan,Factory,1024,1024-109,-0.803285,0.133333,0.433333,0.0,0.433333,0.433333,0.0,0.266667,0.374307,-0.44,0.572076
volkan,Factory,1024,1024-110,-0.190562,0.875,0.275,0.725,1.0,0.875,0.0,0.0,0.640412,0.44,0.584438
volkan,Factory,1024,1024-111,-0.19398,1.0,0.108333,0.891667,1.0,1.0,0.0,0.0,0.646747,0.68,0.607687
volkan,Factory,1024,1024-112,-0.433928,1.0,0.141667,0.858333,1.0,1.0,0.0,0.0,0.616518,0.88,0.475405
volkan,Factory,1024,1024-113,0.289044,0.0,0.0,0.158333,0.158333,0.0,0.041667,0.0,0.821377,1.68,1.530378
volkan,Factory,1024,1024-114,0.537074,0.0,0.0,0.0,0.0,0.0,0.625,0.0,0.851431,1.6,1.752074
volkan,Factory,1024,1024-115,0.298362,0.0,0.0,0.808333,0.808333,0.0,0.0,0.0,0.794831,1.28,1.354695
volkan,Factory,1024,1024-116,1.177182,0.0,0.0,0.0,0.0,0.0,1.0,0.0,0.932508,2.12,2.658515
volkan,Factory,1024,1024-117,1.564602,0.0,0.0,0.0,0.0,0.0,1.0,0.0,0.951878,2.12,3.014935
volkan,Factory,1024,1024-118,0.700849,0.0,0.0,0.0,0.0,0.0,0.966667,0.0,0.883552,1.88,2.040516
volkan,Factory,1024,1024-119,-1.447227,0.0,0.0,0.0,0.0,0.0,0.0,0.783333,0.187293,-1.4,1.650227
volkan,Factory,1024,1024-120,0.2584,0.0,0.0,0.541667,0.541667,0.0,0.0,0.0,0.801607,1.6,1.401066
volkan,Factory,1024,1024-121,-2.292643,0.0,0.0,0.0,0.0,0.0,0.0,1.0,0.083686,-1.84,2.696643
volkan,Factory,1024,1024-122,0.040694,0.0,0.0,1.0,1.0,0.0,0.0,0.0,0.744438,1.08,1.071361
volkan,Factory,1024,1024-123,0.560079,0.0,0.0,0.0,0.0,0.0,0.758333,0.0,0.869789,1.88,1.913413
volkan,Factory,1024,1024-124,-0.938357,0.058333,0.358333,0.0,0.358333,0.358333,0.0,0.466667,0.322867,-0.88,0.813049
volkan,Factory,1024,1024-125,-1.597581,0.0,0.0,0.0,0.0,0.0,0.0,0.841667,0.154393,-1.84,1.968248
volkan,Factory,1024,1024-126,-0.841867,0.1,0.35,0.0,0.35,0.35,0.0,0.483333,0.321263,-1.2,0.858827
volkan,Factory,1024,1024-127,-0.289939,0.833333,0.391667,0.608333,1.0,1.0,0.0,0.0,0.588067,0.28,0.385707
volkan,Factory,1024,1024-128,1.212432,0.0,0.0,0.0,0.0,0.0,1.0,0.0,0.936101,2.24,2.720765
volkan,Factory,1024,1024-129,-0.611522,0.141667,0.383333,0.0,0.383333,0.383333,0.0,0.416667,0.343898,-1.08,0.779924
volkan,Factory,1024,1024-130,1.19278,0.0,0.0,0.0,0.0,0.0,1.0,0.0,0.935241,2.16,2.706113
volkan,Factory,1024,1024-131,0.036004,0.0,0.0,0.908333,0.908333,0.0,0.0,0.0,0.7681,1.56,1.201004
volkan,Factory,1024,1024-132,0.459359,0.0,0.0,0.0,0.0,0.0,0.183333,0.0,0.833294,1.6,1.613359
volkan,Factory,1024,1024-133,1.932302,0.0,0.0,0.0,0.0,0.0,1.0,0.0,0.966274,2.24,3.398969
volkan,Factory,1024,1024-134,-0.44433,0.691667,0.741667,0.25,0.991667,0.991667,0.0,0.0,0.536661,0.24,0.275507
volkan,Factory,1024,1024-135,-0.388455,0.733333,0.691667,0.283333,0.975,0.975,0.0,0.0,0.546385,0.08,0.333721
volkan,Factory,1024,1024-136,1.419827,0.0,0.0,0.0,0.0,0.0,1.0,0.0,0.941181,2.0,2.79416
volkan,Factory,1024,1024-137,-0.924784,0.1,0.291667,0.0,0.291667,0.291667,0.0,0.575,0.283421,-1.48,1.085161
volkan,Factory,1024,1024-138,2.11632,0.0,0.0,0.0,0.0,0.0,1.0,0.0,0.973866,2.24,3.661654
volkan,Factory,1024,1024-139,0.584726,0.0,0.0,0.0,0.0,0.0,0.508333,0.0,0.849917,1.68,1.742726
volkan,Factory,1024,1024-140,0.501021,0.0,0.0,0.0,0.0,0.0,0.325,0.0,0.845384,1.68,1.702687
volkan,Factory,1024,1024-141,0.627165,0.0,0.0,0.0,0.0,0.0,0.808333,0.0,0.864759,1.72,1.861165
volkan,Factory,1024,1024-142,0.788706,0.0,0.0,0.0,0.0,0.0,1.0,0.0,0.878634,1.6,1.983706
volkan,Factory,1024,1024-143,-1.001698,0.0,0.216667,0.0,0.216667,0.216667,0.0,0.558333,0.28456,-1.08,1.009698
volkan,Factory,1024,1024-144,-1.463705,0.0,0.0,0.0,0.0,0.0,0.0,0.775,0.177912,-1.76,1.779705
volkan,Factory,1024,1024-145,-0.324913,1.0,0.516667,0.483333,1.0,1.0,0.0,0.0,0.602097,0.56,0.416421
volkan,Factory,1024,1024-146,0.973946,0.0,0.0,0.0,0.0,0.0,1.0,0.0,0.905027,1.8,2.264279
volkan,Factory,1024,1024-147,-0.26743,0.683333,0.733333,0.266667,1.0,1.0,0.0,0.0,0.54699,0.08,0.320776
volkan,Factory,1024,1024-148,-0.356829,1.0,0.208333,0.791667,1.0,1.0,0.0,0.0,0.620905,0.68,0.496171
volkan,Factory,1024,1024-149,-1.63242,0.0,0.0,0.0,0.0,0.0,0.0,0.925,0.150362,-1.68,1.959087
volkan,Factory,1024,1024-150,0.108571,0.0,0.0,0.741667,0.741667,0.0,0.0,0.0,0.790171,1.44,1.328237
volkan,Factory,1024,1024-151,-1.035564,0.0,0.275,0.0,0.275,0.275,0.0,0.433333,0.313817,-0.76,0.839898
volkan,Factory,1024,1024-152,0.358833,0.0,0.0,0.066667,0.066667,0.0,0.0,0.0,0.820197,1.52,1.521166
volkan,Factory,1024,1024-153,-1.836732,0.0,0.0,0.0,0.0,0.0,0.0,0.991667,0.127356,-1.8,2.184065
volkan,Factory,1024,1024-154,0.90746,0.0,0.0,0.0,0.0,0.0,1.0,0.0,0.871743,1.28,1.91746
volkan,Factory,1024,1024-155,0.611797,0.0,0.0,0.0,0.0,0.0,0.616667,0.0,0.862451,1.72,1.845464
volkan,Factory,1024,1024-156,-1.085474,0.0,0.158333,0.0,0.158333,0.158333,0.0,0.6,0.249742,-1.52,1.254807
volkan,Factory,1024,1024-157,-1.189078,0.0,0.116667,0.0,0.116667,0.116667,0.0,0.7,0.219344,-1.56,1.440745
volkan,Factory,1024,1024-158,-0.159013,1.0,0.0,1.0,1.0,1.0,0.0,0.0,0.65703,0.84,0.651654
volkan,Factory,1024,1024-159,-1.710433,0.0,0.0,0.0,0.0,0.0,0.0,0.95,0.120495,-2.08,2.309767
volkan,Factory,1024,1024-160,-0.786836,0.216667,0.458333,0.0,0.458333,0.458333,0.0,0.333333,0.372348,-0.76,0.647374
volkan,Factory,1024,1024-161,-2.156481,0.0,0.0,0.0,0.0,0.0,0.0,1.0,0.09223,-2.04,2.633815
volkan,Factory,1024,1024-162,-0.614817,0.35,0.691667,0.0,0.691667,0.691667,0.0,0.066667,0.450441,-0.24,0.329445
volkan,Factory,1024,1024-163,0.513434,0.0,0.0,0.0,0.0,0.0,0.675,0.0,0.8618,1.88,1.843101
volkan,Factory,1024,1024-164,-1.755263,0.0,0.0,0.0,0.0,0.0,0.0,0.958333,0.134528,-1.76,2.099263
volkan,Factory,1024,1024-165,0.375268,0.0,0.0,0.1,0.1,0.0,0.066667,0.0,0.818817,1.6,1.511935
volkan,Factory,1024,1024-166,-0.368979,0.866667,0.558333,0.441667,1.0,1.0,0.0,0.0,0.581348,0.48,0.355749
volkan,Factory,1024,1024-167,-0.433669,1.0,0.45,0.55,1.0,1.0,0.0,0.0,0.6008,0.76,0.412331
volkan,Factory,1024,1024-168,0.144424,0.0,0.0,0.658333,0.658333,0.0,0.0,0.0,0.790203,1.48,1.328757
volkan,Factory,1024,1024-169,0.734074,0.0,0.0,0.0,0.0,0.0,0.9,0.0,0.871207,1.72,1.921074
volkan,Factory,1024,1024-170,-2.060442,0.0,0.0,0.0,0.0,0.0,0.0,1.0,0.094149,-2.0,2.578776
volkan,Factory,1024,1024-171,-2.302819,0.0,0.0,0.0,0.0,0.0,0.0,1.0,0.073559,-2.12,2.903485
volkan,Factory,1024,1024-172,-0.315122,0.541667,0.483333,0.266667,0.75,0.75,0.0,0.016667,0.500659,-0.4,0.409073
volkan,Factory,1024,1024-173,-0.647231,0.6,0.825,0.0,0.825,0.825,0.0,0.0,0.50135,0.04,0.303887
volkan,Factory,1024,1024-174,-1.658396,0.0,0.0,0.0,0.0,0.0,0.0,0.933333,0.145995,-1.84,2.021396
volkan,Factory,1024,1024-175,-0.474327,0.441667,0.541667,0.133333,0.675,0.675,0.0,0.066667,0.469503,-0.4,0.397671
volkan,Factory,1024,1024-176,0.116371,0.0,0.0,0.425,0.425,0.0,0.0,0.0,0.798839,1.52,1.382704
volkan,Factory,1024,1024-177,-0.195482,0.591667,0.0,1.0,1.0,0.591667,0.0,0.0,0.675813,0.8,0.738851
volkan,Factory,1024,1024-178,0.170587,0.425,0.0,1.0,1.0,0.425,0.0,0.0,0.706283,0.64,0.883253
volkan,Factory,1024,1024-179,-0.352184,0.933333,0.358333,0.641667,1.0,1.0,0.0,0.0,0.600712,0.52,0.416107
volkan,Factory,1024,1024-180,-0.788933,0.283333,0.475,0.0,0.475,0.475,0.0,0.358333,0.375461,-0.76,0.651371
volkan,Factory,1024,1024-181,-1.217064,0.0,0.2,0.0,0.2,0.2,0.0,0.475,0.301291,-0.6,0.893731
volkan,Factory,1024,1024-182,-0.716231,0.383333,0.616667,0.0,0.616667,0.616667,0.0,0.183333,0.428508,-0.4,0.402621
volkan,Factory,1024,1024-183,-0.03899,0.6,0.1,0.9,1.0,0.6,0.0,0.0,0.663743,0.48,0.688343
volkan,Factory,1024,1024-184,0.154547,0.0,0.0,1.0,1.0,0.0,0.0,0.0,0.763111,1.24,1.17088
volkan,Factory,1024,1024-185,-0.27275,0.75,0.708333,0.258333,0.966667,0.966667,0.0,0.0,0.542522,-0.08,0.295792
volkan,Factory,1024,1024-186,-1.152264,0.0,0.191667,0.0,0.191667,0.191667,0.0,0.658333,0.238432,-1.44,1.324264
volkan,Factory,1024,1024-187,1.514339,0.0,0.0,0.0,0.0,0.0,1.0,0.0,0.948788,2.04,2.944005
volkan,Factory,1024,1024-188,-0.199393,0.616667,0.0,1.0,1.0,0.616667,0.0,0.0,0.686114,1.04,0.783941
volkan,Factory,1024,1024-189,-1.046237,0.0,0.191667,0.0,0.191667,0.191667,0.0,0.516667,0.274057,-1.28,1.08457
volkan,Factory,1024,1024-190,0.696606,0.0,0.0,0.0,0.0,0.0,0.391667,0.0,0.849219,1.36,1.729606
volkan,Factory,1024,1024-191,-0.890197,0.166667,0.491667,0.0,0.491667,0.491667,0.0,0.258333,0.384548,-0.32,0.520131
volkan,Factory,1024,1024-192,-0.583305,0.4,0.625,0.008333,0.633333,0.633333,0.0,0.016667,0.456215,-0.08,0.391994
volkan,Factory,1024,1024-193,1.315357,0.0,0.0,0.0,0.0,0.0,1.0,0.0,0.941114,2.28,2.816357
volkan,Factory,1024,1024-194,-0.921093,0.083333,0.325,0.0,0.325,0.325,0.0,0.375,0.33603,-0.84,0.749411
volkan,Factory,1024,1024-195,-1.033055,0.0,0.3,0.0,0.3,0.3,0.0,0.508333,0.303179,-0.8,0.909722
volkan,Factory,1024,1024-196,0.791634,0.0,0.0,0.0,0.0,0.0,0.975,0.0,0.883079,1.88,2.040301
volkan,Factory,1024,1024-197,-1.046091,0.0,0.2,0.0,0.2,0.2,0.0,0.616667,0.255117,-1.36,1.210091
volkan,Factory,1024,1024-198,-0.344008,0.875,0.558333,0.441667,1.0,1.0,0.0,0.0,0.580692,0.32,0.358994
volkan,Factory,1024,1024-199,0.002774,0.716667,0.166667,0.833333,1.0,0.716667,0.0,0.0,0.656174,0.56,0.653774
volkan,Factory,2026,2026-0,-0.793122,0.25,0.533333,0.0,0.533333,0.533333,0.0,0.225,0.401137,-0.52,0.482395
volkan,Factory,2026,2026-1,0.240571,0.0,0.0,1.0,1.0,0.0,0.0,0.0,0.763695,1.16,1.174238
volkan,Factory,2026,2026-2,-1.896326,0.0,0.0,0.0,0.0,0.0,0.0,1.0,0.1231,-1.84,2.251993
volkan,Factory,2026,2026-3,1.395772,0.0,0.0,0.0,0.0,0.0,1.0,0.0,0.943665,2.16,2.847438
volkan,Factory,2026,2026-4,0.638295,0.0,0.0,0.0,0.0,0.0,0.916667,0.0,0.890453,2.16,2.121961
volkan,Factory,2026,2026-5,-0.292047,0.641667,0.65,0.316667,0.966667,0.966667,0.0,0.0,0.538109,0.0,0.315587
volkan,Factory,2026,2026-6,-0.311949,1.0,0.608333,0.391667,1.0,1.0,0.0,0.0,0.59005,0.52,0.367717
volkan,Factory,2026,2026-7,0.303835,0.0,0.0,0.191667,0.191667,0.0,0.0,0.0,0.809257,1.32,1.446835
volkan,Factory,2026,2026-8,-0.26766,0.608333,0.0,1.0,1.0,0.608333,0.0,0.0,0.694467,1.24,0.821673
volkan,Factory,2026,2026-9,-0.225909,1.0,0.3,0.7,1.0,1.0,0.0,0.0,0.633537,0.64,0.551758
volkan,Factory,2026,2026-10,0.720068,0.0,0.0,0.0,0.0,0.0,0.983333,0.0,0.891616,2.04,2.129734
volkan,Factory,2026,2026-11,0.514705,0.0,0.0,0.0,0.0,0.0,0.516667,0.0,0.848348,1.68,1.729039
volkan,Factory,2026,2026-12,-0.064128,0.441667,0.0,1.0,1.0,0.441667,0.0,0.0,0.702006,0.92,0.861539
volkan,Factory,2026,2026-13,-0.085477,0.0,0.0,1.0,1.0,0.0,0.0,0.0,0.728753,1.36,0.989523
volkan,Factory,2026,2026-14,0.160916,0.0,0.0,1.0,1.0,0.0,0.0,0.0,0.785215,1.28,1.296916
volkan,Factory,2026,2026-15,-0.614018,0.683333,1.0,0.0,1.0,1.0,0.0,0.0,0.503412,0.48,0.14886
volkan,Factory,2026,2026-16,-0.40375,0.516667,0.483333,0.225,0.708333,0.708333,0.0,0.075,0.481038,-0.4,0.415375
volkan,Factory,2026,2026-17,0.54826,0.0,0.0,0.0,0.0,0.0,0.408333,0.0,0.845334,1.76,1.712594
volkan,Factory,2026,2026-18,-0.130483,0.108333,0.0,1.0,1.0,0.108333,0.0,0.0,0.718429,1.2,0.937517
volkan,Factory,2026,2026-19,-1.374426,0.0,0.033333,0.0,0.033333,0.033333,0.0,0.7,0.223343,-1.04,1.363093
volkan,Factory,2026,2026-20,-0.477279,0.616667,0.8,0.2,1.0,1.0,0.0,0.0,0.525351,0.28,0.235302
volkan,Factory,2026,2026-21,0.656622,0.0,0.0,0.0,0.0,0.0,0.85,0.0,0.878144,1.92,1.990955
volkan,Factory,2026,2026-22,-0.232283,1.0,0.008333,0.991667,1.0,1.0,0.0,0.0,0.648949,0.88,0.615717
volkan,Factory,2026,2026-23,-0.148733,0.066667,0.0,1.0,1.0,0.066667,0.0,0.0,0.717216,1.4,0.931601
volkan,Factory,2026,2026-24,0.641837,0.0,0.0,0.0,0.0,0.0,0.783333,0.0,0.874443,1.84,1.954837
volkan,Factory,2026,2026-25,1.82461,0.0,0.0,0.0,0.0,0.0,1.0,0.0,0.964705,2.24,3.34761
volkan,Factory,2026,2026-26,-0.713189,0.291667,0.591667,0.0,0.591667,0.591667,0.0,0.225,0.418074,-0.52,0.481329
volkan,Factory,2026,2026-27,1.348207,0.0,0.0,0.0,0.0,0.0,1.0,0.0,0.939071,2.12,2.76654
volkan,Factory,2026,2026-28,-1.230013,0.0,0.058333,0.0,0.058333,0.058333,0.0,0.75,0.211164,-1.48,1.471013
volkan,Factory,2026,2026-29,0.174978,0.0,0.0,0.975,0.975,0.0,0.0,0.0,0.778278,1.4,1.257644
volkan,Factory,2026,2026-30,-1.16953,0.0,0.133333,0.0,0.133333,0.133333,0.0,0.675,0.236062,-1.4,1.316863
volkan,Factory,2026,2026-31,1.351458,0.0,0.0,0.0,0.0,0.0,1.0,0.0,0.930768,1.76,2.609125
volkan,Factory,2026,2026-32,0.833923,0.0,0.0,0.0,0.0,0.0,1.0,0.0,0.889208,1.84,2.094923
volkan,Factory,2026,2026-33,1.137717,0.0,0.0,0.0,0.0,0.0,1.0,0.0,0.934089,2.36,2.699717
volkan,Factory,2026,2026-34,-0.885533,0.091667,0.383333,0.0,0.383333,0.383333,0.0,0.475,0.319182,-1.12,0.864019
volkan,Factory,2026,2026-35,0.684555,0.0,0.0,0.0,0.0,0.0,0.95,0.0,0.885883,2.0,2.071555
volkan,Factory,2026,2026-36,-0.519013,0.466667,0.708333,0.058333,0.766667,0.766667,0.0,0.0,0.47591,-0.04,0.288434
volkan,Factory,2026,2026-37,-0.457385,0.491667,0.625,0.083333,0.708333,0.708333,0.0,0.0,0.476123,-0.12,0.329456
volkan,Factory,2026,2026-38,0.506537,0.0,0.0,0.0,0.0,0.0,0.65,0.0,0.854868,1.8,1.785537
volkan,Factory,2026,2026-39,0.876718,0.0,0.0,0.0,0.0,0.0,1.0,0.0,0.891824,1.84,2.124718
volkan,Factory,2026,2026-40,0.20442,0.0,0.0,1.0,1.0,0.0,0.0,0.0,0.758928,1.08,1.14842
volkan,Factory,2026,2026-41,-0.627987,0.35,0.775,0.0,0.775,0.775,0.0,0.033333,0.459126,-0.16,0.306229
volkan,Factory,2026,2026-42,-0.825817,0.416667,0.658333,0.0,0.658333,0.658333,0.0,0.075,0.439207,-0.08,0.328303
volkan,Factory,2026,2026-43,1.444317,0.0,0.0,0.0,0.0,0.0,1.0,0.0,0.947063,2.24,2.922317
volkan,Factory,2026,2026-44,0.593946,0.0,0.0,0.0,0.0,0.0,0.75,0.0,0.858601,1.72,1.810613
volkan,Factory,2026,2026-45,0.719728,0.0,0.0,0.0,0.0,0.0,0.85,0.0,0.876035,1.92,1.972395
volkan,Factory,2026,2026-46,2.183488,0.0,0.0,0.0,0.0,0.0,1.0,0.0,0.974205,2.24,3.677488
volkan,Factory,2026,2026-47,-0.815863,0.158333,0.433333,0.0,0.433333,0.433333,0.0,0.341667,0.358543,-0.8,0.66834
volkan,Factory,2026,2026-48,2.559458,0.0,0.0,0.0,0.0,0.0,1.0,0.0,0.981969,2.28,4.048458
volkan,Factory,2026,2026-49,3.150908,0.0,0.0,0.0,0.0,0.0,1.0,0.0,0.990628,2.32,4.710575
volkan,Factory,2026,2026-50,1.618413,0.0,0.0,0.0,0.0,0.0,1.0,0.0,0.958354,2.32,3.182746
volkan,Factory,2026,2026-51,0.827107,0.0,0.0,0.0,0.0,0.0,1.0,0.0,0.896994,1.96,2.179107
volkan,Factory,2026,2026-52,-0.663822,0.233333,0.425,0.0,0.425,0.425,0.0,0.291667,0.380139,-0.64,0.596372
volkan,Factory,2026,2026-53,0.994486,0.0,0.0,0.0,0.0,0.0,1.0,0.0,0.919512,2.2,2.471152
volkan,Factory,2026,2026-54,-0.442692,0.758333,0.791667,0.166667,0.958333,0.958333,0.0,0.0,0.53206,0.08,0.253609
volkan,Factory,2026,2026-55,-0.021651,0.0,0.0,1.0,1.0,0.0,0.0,0.0,0.72699,1.12,0.980016
volkan,Factory,2026,2026-56,-0.290433,0.941667,0.491667,0.508333,1.0,1.0,0.0,0.0,0.596408,0.48,0.397784
volkan,Factory,2026,2026-57,0.28383,0.0,0.0,0.108333,0.108333,0.0,0.15,0.0,0.825393,1.72,1.55983
volkan,Factory,2026,2026-58,1.288078,0.0,0.0,0.0,0.0,0.0,1.0,0.0,0.933771,1.96,2.672744
volkan,Factory,2026,2026-59,-0.555584,0.35,0.508333,0.016667,0.525,0.525,0.0,0.191667,0.420963,-0.6,0.467175
volkan,Factory,2026,2026-60,-0.985404,0.016667,0.5,0.0,0.5,0.5,0.0,0.258333,0.378542,-0.4,0.527724
volkan,Factory,2026,2026-61,-1.002957,0.0,0.341667,0.0,0.341667,0.341667,0.0,0.491667,0.299249,-1.0,0.944623
volkan,Factory,2026,2026-62,-0.968277,0.058333,0.291667,0.0,0.291667,0.291667,0.0,0.508333,0.294522,-1.2,0.992478
volkan,Factory,2026,2026-63,-1.431103,0.0,0.0,0.0,0.0,0.0,0.0,0.816667,0.178142,-1.76,1.760103
volkan,Factory,2026,2026-64,-0.912934,0.183333,0.458333,0.0,0.458333,0.458333,0.0,0.333333,0.381131,-0.28,0.547358
volkan,Factory,2026,2026-65,1.293266,0.0,0.0,0.0,0.0,0.0,1.0,0.0,0.932683,2.04,2.652599
volkan,Factory,2026,2026-66,-0.593312,0.516667,0.791667,0.091667,0.883333,0.883333,0.0,0.0,0.497544,0.36,0.291723
volkan,Factory,2026,2026-67,0.257108,0.0,0.0,0.391667,0.391667,0.0,0.0,0.0,0.803604,1.48,1.411108
volkan,Factory,2026,2026-68,-1.216894,0.0,0.075,0.0,0.075,0.075,0.0,0.65,0.241987,-1.12,1.259227
volkan,Factory,2026,2026-69,0.169651,0.0,0.0,0.3,0.3,0.0,0.0,0.0,0.810807,1.68,1.460317
volkan,Factory,2026,2026-70,-1.740781,0.0,0.0,0.0,0.0,0.0,0.0,0.941667,0.140021,-1.72,2.054781
volkan,Factory,2026,2026-71,-0.698756,0.358333,0.7,0.0,0.7,0.7,0.0,0.033333,0.451297,-0.04,0.310814
volkan,Factory,2026,2026-72,2.254539,0.0,0.0,0.0,0.0,0.0,1.0,0.0,0.97622,2.2,3.752539
volkan,Factory,2026,2026-73,-0.58297,0.383333,0.65,0.008333,0.658333,0.658333,0.0,0.108333,0.442604,-0.24,0.39486
volkan,Factory,2026,2026-74,1.119976,0.0,0.0,0.0,0.0,0.0,1.0,0.0,0.921109,1.92,2.47231
volkan,Factory,2026,2026-75,0.455054,0.0,0.0,0.0,0.0,0.0,0.375,0.0,0.844656,1.92,1.709054
volkan,Factory,2026,2026-76,-0.152986,0.991667,0.0,1.0,1.0,0.991667,0.0,0.0,0.677298,1.0,0.742014
volkan,Factory,2026,2026-77,-0.652107,0.333333,0.683333,0.0,0.683333,0.683333,0.0,0.025,0.457119,-0.04,0.312702
volkan,Factory,2026,2026-78,1.286909,0.0,0.0,0.0,0.0,0.0,1.0,0.0,0.929344,1.88,2.594576
volkan,Factory,2026,2026-79,-0.177383,0.625,0.0,1.0,1.0,0.625,0.0,0.0,0.695199,1.08,0.825617
volkan,Factory,2026,2026-80,1.527424,0.0,0.0,0.0,0.0,0.0,1.0,0.0,0.954272,2.32,3.082424
volkan,Factory,2026,2026-81,-0.719079,0.225,0.525,0.0,0.525,0.525,0.0,0.191667,0.409719,-0.52,0.474327
volkan,Factory,2026,2026-82,0.057339,0.491667,0.0,1.0,1.0,0.491667,0.0,0.0,0.6976,0.8,0.838672
volkan,Factory,2026,2026-83,0.465499,0.0,0.0,0.041667,0.041667,0.0,0.175,0.0,0.828989,1.6,1.585166
volkan,Factory,2026,2026-84,0.37316,0.0,0.0,0.333333,0.333333,0.0,0.025,0.0,0.815716,1.6,1.494827
volkan,Factory,2026,2026-85,-1.233802,0.0,0.108333,0.0,0.108333,0.108333,0.0,0.683333,0.241836,-1.08,1.249802
volkan,Factory,2026,2026-86,-0.664063,0.266667,0.516667,0.0,0.516667,0.516667,0.0,0.308333,0.388314,-0.92,0.603229
volkan,Factory,2026,2026-87,-0.19598,0.883333,0.658333,0.341667,1.0,1.0,0.0,0.0,0.572886,0.24,0.318249
volkan,Factory,2026,2026-88,-0.853699,0.1,0.366667,0.0,0.366667,0.366667,0.0,0.383333,0.342817,-0.8,0.712793
volkan,Factory,2026,2026-89,0.677325,0.0,0.0,0.0,0.0,0.0,0.691667,0.0,0.86872,1.8,1.904992
volkan,Factory,2026,2026-90,0.588019,0.0,0.0,0.0,0.0,0.0,0.575,0.0,0.855634,1.76,1.792353
volkan,Factory,2026,2026-91,-1.957084,0.0,0.0,0.0,0.0,0.0,0.0,1.0,0.101556,-2.04,2.507751
volkan,Factory,2026,2026-92,-1.805254,0.0,0.0,0.0,0.0,0.0,0.0,0.941667,0.140616,-1.6,2.033254
volkan,Factory,2026,2026-93,-1.281563,0.0,0.125,0.0,0.125,0.125,0.0,0.683333,0.229269,-1.36,1.361563
volkan,Factory,2026,2026-94,0.11726,0.0,0.0,0.975,0.975,0.0,0.0,0.0,0.78191,1.44,1.277926
volkan,Factory,2026,2026-95,2.033173,0.0,0.0,0.0,0.0,0.0,1.0,0.0,0.972056,2.32,3.595506
volkan,Factory,2026,2026-96,-0.382356,0.841667,0.533333,0.466667,1.0,1.0,0.0,0.0,0.576256,0.32,0.365723
volkan,Factory,2026,2026-97,0.250651,0.0,0.0,1.0,1.0,0.0,0.0,0.0,0.769163,1.2,1.203984
volkan,Factory,2026,2026-98,-1.063112,0.0,0.4,0.0,0.4,0.4,0.0,0.375,0.336306,-0.64,0.733778
volkan,Factory,2026,2026-99,-1.046836,0.0,0.183333,0.0,0.183333,0.183333,0.0,0.55,0.273896,-1.12,1.078503
volkan,Factory,2026,2026-100,-1.957228,0.0,0.0,0.0,0.0,0.0,0.0,1.0,0.101356,-2.12,2.520894
volkan,Factory,2026,2026-101,-0.028344,0.0,0.0,1.0,1.0,0.0,0.0,0.0,0.743039,1.28,1.062656
volkan,Factory,2026,2026-102,0.947217,0.0,0.0,0.0,0.0,0.0,1.0,0.0,0.908928,2.0,2.321883
volkan,Factory,2026,2026-103,-0.356714,0.8,0.7,0.3,1.0,1.0,0.0,0.0,0.557942,0.44,0.260138
volkan,Factory,2026,2026-104,1.396453,0.0,0.0,0.0,0.0,0.0,1.0,0.0,0.941401,1.96,2.79412
volkan,Factory,2026,2026-105,0.197855,0.0,0.0,1.0,1.0,0.0,0.0,0.0,0.757178,1.2,1.137855
volkan,Factory,2026,2026-106,-0.036412,0.591667,0.0,1.0,1.0,0.591667,0.0,0.0,0.700062,1.0,0.849921
volkan,Factory,2026,2026-107,0.517254,0.0,0.0,0.0,0.0,0.0,0.0,0.0,0.832773,1.4,1.606254
volkan,Factory,2026,2026-108,0.487378,0.0,0.0,0.0,0.0,0.0,0.208333,0.0,0.833656,1.6,1.617711
volkan,Factory,2026,2026-109,1.147806,0.0,0.0,0.0,0.0,0.0,1.0,0.0,0.921531,2.0,2.48614
volkan,Factory,2026,2026-110,-0.801954,0.116667,0.333333,0.0,0.333333,0.333333,0.0,0.441667,0.325819,-1.0,0.815998
volkan,Factory,2026,2026-111,-2.288049,0.0,0.0,0.0,0.0,0.0,0.0,1.0,0.07369,-2.16,2.913382
volkan,Factory,2026,2026-112,0.114747,0.0,0.0,1.0,1.0,0.0,0.0,0.0,0.763934,1.32,1.17508
volkan,Factory,2026,2026-113,-0.611675,0.25,0.483333,0.0,0.483333,0.483333,0.0,0.3,0.388926,-0.84,0.569504
volkan,Factory,2026,2026-114,-0.027177,0.0,0.0,1.0,1.0,0.0,0.0,0.0,0.731826,1.32,1.004156
volkan,Factory,2026,2026-115,1.6643,0.0,0.0,0.0,0.0,0.0,1.0,0.0,0.954262,2.16,3.076967
volkan,Factory,2026,2026-116,-1.102842,0.0,0.2,0.0,0.2,0.2,0.0,0.6,0.24743,-1.52,1.278508
volkan,Factory,2026,2026-117,0.764797,0.0,0.0,0.0,0.0,0.0,1.0,0.0,0.891114,2.04,2.129797
volkan,Factory,2026,2026-118,0.945868,0.0,0.0,0.0,0.0,0.0,1.0,0.0,0.912104,2.12,2.371534
volkan,Factory,2026,2026-119,0.460736,0.0,0.0,0.225,0.225,0.0,0.166667,0.0,0.820094,1.56,1.524736
volkan,Factory,2026,2026-120,1.118508,0.0,0.0,0.0,0.0,0.0,1.0,0.0,0.91366,1.76,2.372175
volkan,Factory,2026,2026-121,-0.458362,0.783333,0.916667,0.075,0.991667,0.991667,0.0,0.0,0.537077,0.2,0.240261
volkan,Factory,2026,2026-122,-0.68151,0.525,1.0,0.0,1.0,1.0,0.0,0.0,0.509062,0.64,0.125925
volkan,Factory,2026,2026-123,1.038983,0.0,0.0,0.0,0.0,0.0,1.0,0.0,0.921678,2.08,2.491983
volkan,Factory,2026,2026-124,0.7203,0.0,0.0,0.0,0.0,0.0,0.983333,0.0,0.886481,1.84,2.065633
volkan,Factory,2026,2026-125,1.390378,0.0,0.0,0.0,0.0,0.0,1.0,0.0,0.945548,2.24,2.890711
volkan,Factory,2026,2026-126,0.21229,0.0,0.0,0.5,0.5,0.0,0.0,0.0,0.801788,1.52,1.401623
volkan,Factory,2026,2026-127,1.623563,0.0,0.0,0.0,0.0,0.0,1.0,0.0,0.956752,2.28,3.142896
volkan,Factory,2026,2026-128,-0.28208,1.0,0.108333,0.891667,1.0,1.0,0.0,0.0,0.645492,0.84,0.601586
volkan,Factory,2026,2026-129,-1.060329,0.0,0.183333,0.0,0.183333,0.183333,0.0,0.541667,0.272855,-1.12,1.079996
volkan,Factory,2026,2026-130,-2.037089,0.0,0.0,0.0,0.0,0.0,0.0,1.0,0.098312,-1.96,2.545089
volkan,Factory,2026,2026-131,-1.101401,0.0,0.258333,0.0,0.258333,0.258333,0.0,0.441667,0.305295,-0.92,0.900068
volkan,Factory,2026,2026-132,0.818504,0.0,0.0,0.0,0.0,0.0,1.0,0.0,0.894118,1.8,2.14517
volkan,Factory,2026,2026-133,-1.464929,0.0,0.0,0.0,0.0,0.0,0.0,0.85,0.172642,-1.6,1.763262
volkan,Factory,2026,2026-134,-0.452364,0.608333,0.625,0.233333,0.858333,0.858333,0.0,0.0,0.522556,0.04,0.305321
volkan,Factory,2026,2026-135,2.106584,0.0,0.0,0.0,0.0,0.0,1.0,0.0,0.972895,2.28,3.624584
volkan,Factory,2026,2026-136,0.846796,0.0,0.0,0.0,0.0,0.0,1.0,0.0,0.869348,1.4,1.896129
volkan,Factory,2026,2026-137,1.790985,0.0,0.0,0.0,0.0,0.0,1.0,0.0,0.962616,2.16,3.285318
volkan,Factory,2026,2026-138,-0.991562,0.033333,0.275,0.0,0.275,0.275,0.0,0.466667,0.32512,-0.68,0.780791
volkan,Factory,2026,2026-139,-2.459975,0.0,0.0,0.0,0.0,0.0,0.0,1.0,0.070469,-2.04,2.945975
volkan,Factory,2026,2026-140,1.516381,0.0,0.0,0.0,0.0,0.0,1.0,0.0,0.950974,2.2,3.001381
volkan,Factory,2026,2026-141,-1.416943,0.0,0.0,0.0,0.0,0.0,0.0,0.708333,0.207497,-1.36,1.500276
volkan,Factory,2026,2026-142,0.090924,0.0,0.0,0.741667,0.741667,0.0,0.0,0.0,0.778719,1.56,1.261924
volkan,Factory,2026,2026-143,0.217093,0.0,0.0,1.0,1.0,0.0,0.0,0.0,0.778569,1.12,1.258093
volkan,Factory,2026,2026-144,-0.948896,0.041667,0.283333,0.0,0.283333,0.283333,0.0,0.583333,0.288155,-1.36,1.023988
volkan,Factory,2026,2026-145,1.552633,0.0,0.0,0.0,0.0,0.0,1.0,0.0,0.950478,2.08,2.980633
volkan,Factory,2026,2026-146,1.549338,0.0,0.0,0.0,0.0,0.0,1.0,0.0,0.954625,2.2,3.084671
volkan,Factory,2026,2026-147,0.551444,0.0,0.0,0.0,0.0,0.0,0.675,0.0,0.865255,1.88,1.874778
volkan,Factory,2026,2026-148,-0.029491,0.733333,0.0,1.0,1.0,0.733333,0.0,0.0,0.686529,1.08,0.785176
volkan,Factory,2026,2026-149,0.191437,0.0,0.0,0.991667,0.991667,0.0,0.0,0.0,0.770725,1.4,1.213437
volkan,Factory,2026,2026-150,-1.095908,0.0,0.2,0.0,0.2,0.2,0.0,0.533333,0.279297,-1.12,1.045241
volkan,Factory,2026,2026-151,-0.239064,1.0,0.0,1.0,1.0,1.0,0.0,0.0,0.650691,1.04,0.622603
volkan,Factory,2026,2026-152,-0.104933,0.85,0.041667,0.958333,1.0,0.85,0.0,0.0,0.669333,0.64,0.708734
volkan,Factory,2026,2026-153,-0.852233,0.075,0.358333,0.0,0.358333,0.358333,0.0,0.35,0.346248,-0.8,0.705065
volkan,Factory,2026,2026-154,0.849215,0.0,0.0,0.0,0.0,0.0,1.0,0.0,0.880383,1.68,2.003548
volkan,Factory,2026,2026-155,-1.426481,0.0,0.0,0.0,0.0,0.0,0.0,0.741667,0.20503,-1.44,1.537148
volkan,Factory,2026,2026-156,-0.453419,0.375,0.525,0.1,0.625,0.625,0.0,0.183333,0.436621,-0.68,0.488021
volkan,Factory,2026,2026-157,-2.252878,0.0,0.0,0.0,0.0,0.0,0.0,1.0,0.07834,-2.0,2.825211
volkan,Factory,2026,2026-158,0.496819,0.0,0.0,0.0,0.0,0.0,0.2,0.0,0.832383,1.6,1.607485
volkan,Factory,2026,2026-159,0.742605,0.0,0.0,0.0,0.0,0.0,0.975,0.0,0.877841,1.76,1.983605
volkan,Factory,2026,2026-160,0.621292,0.0,0.0,0.0,0.0,0.0,0.766667,0.0,0.875892,1.96,1.974292
volkan,Factory,2026,2026-161,2.918087,0.0,0.0,0.0,0.0,0.0,1.0,0.0,0.988124,2.32,4.473753
volkan,Factory,2026,2026-162,0.939791,0.0,0.0,0.0,0.0,0.0,1.0,0.0,0.902046,1.84,2.233458
volkan,Factory,2026,2026-163,-0.941991,0.116667,0.483333,0.0,0.483333,0.483333,0.0,0.366667,0.365156,-0.56,0.607026
volkan,Factory,2026,2026-164,2.66354,0.0,0.0,0.0,0.0,0.0,1.0,0.0,0.98524,2.4,4.25854
volkan,Factory,2026,2026-165,-0.920318,0.066667,0.325,0.0,0.325,0.325,0.0,0.525,0.303682,-1.16,0.931276
volkan,Factory,2026,2026-166,0.788739,0.0,0.0,0.0,0.0,0.0,1.0,0.0,0.896811,1.92,2.174405
volkan,Factory,2026,2026-167,0.743128,0.0,0.0,0.0,0.0,0.0,0.991667,0.0,0.889351,1.96,2.100461
volkan,Factory,2026,2026-168,-0.879723,0.083333,0.25,0.0,0.25,0.25,0.0,0.525,0.307299,-1.0,0.890269
volkan,Factory,2026,2026-169,1.395349,0.0,0.0,0.0,0.0,0.0,1.0,0.0,0.944861,2.12,2.871682
volkan,Factory,2026,2026-170,0.354594,0.0,0.0,0.1,0.1,0.0,0.0,0.0,0.819981,1.4,1.51826
volkan,Factory,2026,2026-171,0.570955,0.0,0.0,0.0,0.0,0.0,0.725,0.0,0.869137,1.88,1.911288
volkan,Factory,2026,2026-172,-0.675733,0.375,0.808333,0.0,0.808333,0.808333,0.0,0.0,0.469412,0.08,0.290933
volkan,Factory,2026,2026-173,1.302633,0.0,0.0,0.0,0.0,0.0,1.0,0.0,0.943339,2.32,2.861967
volkan,Factory,2026,2026-174,-0.860938,0.1,0.541667,0.0,0.541667,0.541667,0.0,0.2,0.401164,-0.12,0.438417
volkan,Factory,2026,2026-175,-1.779159,0.0,0.0,0.0,0.0,0.0,0.0,0.975,0.115548,-2.12,2.355493
volkan,Factory,2026,2026-176,1.425127,0.0,0.0,0.0,0.0,0.0,1.0,0.0,0.947256,2.24,2.928127
volkan,Factory,2026,2026-177,-0.426729,0.8,0.466667,0.533333,1.0,1.0,0.0,0.0,0.584416,0.52,0.369629
volkan,Factory,2026,2026-178,0.04337,0.0,0.0,1.0,1.0,0.0,0.0,0.0,0.752036,1.36,1.110703
volkan,Factory,2026,2026-179,1.922757,0.0,0.0,0.0,0.0,0.0,1.0,0.0,0.966179,2.12,3.38109
volkan,Factory,2026,2026-180,1.136491,0.0,0.0,0.0,0.0,0.0,1.0,0.0,0.923617,2.12,2.523491
volkan,Factory,2026,2026-181,0.632709,0.0,0.0,0.0,0.0,0.0,0.841667,0.0,0.882219,2.08,2.035042
volkan,Factory,2026,2026-182,1.069914,0.0,0.0,0.0,0.0,0.0,1.0,0.0,0.916651,2.04,2.42658
volkan,Factory,2026,2026-183,-0.727509,0.108333,0.291667,0.0,0.291667,0.291667,0.0,0.466667,0.320566,-1.16,0.857048
volkan,Factory,2026,2026-184,0.753089,0.0,0.0,0.0,0.0,0.0,1.0,0.0,0.894276,2.04,2.158422
volkan,Factory,2026,2026-185,1.109937,0.0,0.0,0.0,0.0,0.0,1.0,0.0,0.92084,2.04,2.474937
volkan,Factory,2026,2026-186,0.755422,0.0,0.0,0.0,0.0,0.0,1.0,0.0,0.891376,1.92,2.126089
volkan,Factory,2026,2026-187,-0.204135,0.75,0.616667,0.383333,1.0,1.0,0.0,0.0,0.569942,0.16,0.358766
volkan,Factory,2026,2026-188,-3.747414,0.0,0.0,0.0,0.0,0.0,0.0,1.0,0.01779,-2.32,4.466081
volkan,Factory,2026,2026-189,0.557303,0.0,0.0,0.0,0.0,0.0,0.616667,0.0,0.854959,1.72,1.780636
volkan,Factory,2026,2026-190,0.114876,0.0,0.0,1.0,1.0,0.0,0.0,0.0,0.762921,1.2,1.16921
volkan,Factory,2026,2026-191,-0.369554,0.533333,0.416667,0.316667,0.733333,0.733333,0.0,0.083333,0.497309,-0.4,0.44503
volkan,Factory,2026,2026-192,0.778099,0.0,0.0,0.0,0.0,0.0,1.0,0.0,0.89361,1.92,2.147432
volkan,Factory,2026,2026-193,0.265703,0.0,0.0,0.208333,0.208333,0.0,0.375,0.0,0.834595,1.96,1.636703
volkan,Factory,2026,2026-194,0.203956,0.0,0.0,0.75,0.75,0.0,0.0,0.0,0.791745,1.52,1.337289
volkan,Factory,2026,2026-195,-1.483591,0.0,0.0,0.0,0.0,0.0,0.0,0.841667,0.174766,-1.72,1.772924
volkan,Factory,2026,2026-196,-1.459323,0.0,0.0,0.0,0.0,0.0,0.0,0.8,0.187718,-1.4,1.630656
volkan,Factory,2026,2026-197,0.370536,0.0,0.0,0.55,0.55,0.0,0.0,0.0,0.799722,1.28,1.385203
volkan,Factory,2026,2026-198,0.076057,0.016667,0.0,1.0,1.0,0.016667,0.0,0.0,0.728047,1.2,0.986057
volkan,Factory,2026,2026-199,0.138741,0.0,0.0,1.0,1.0,0.0,0.0,0.0,0.728253,1.12,0.986741
volkan,CAT,42,42-0,0.304717,0.541667,0.175,0.791667,0.966667,0.541667,0.0,0.0,0.685126,1.24,0.802515
volkan,CAT,42,42-1,-1.039984,0.291667,0.2,0.608333,0.808333,0.358333,0.0,0.0,0.704699,0.92,0.931839
volkan,CAT,42,42-2,0.750451,0.258333,0.008333,0.541667,0.55,0.258333,0.091667,0.0,0.767249,1.16,1.239582
volkan,CAT,42,42-3,0.940565,0.175,0.008333,0.675,0.683333,0.175,0.141667,0.0,0.765618,1.12,1.223863
volkan,CAT,42,42-4,-1.951035,0.391667,0.2,0.641667,0.841667,0.541667,0.0,0.041667,0.593691,0.84,0.668901
volkan,CAT,42,42-5,-1.30218,0.183333,0.183333,0.558333,0.741667,0.233333,0.025,0.0,0.726535,0.76,1.053521
volkan,CAT,42,42-6,0.12784,0.283333,0.0,0.875,0.875,0.283333,0.0,0.0,0.737432,1.0,1.050305
volkan,CAT,42,42-7,-0.316243,0.35,0.066667,0.741667,0.808333,0.35,0.066667,0.0,0.727539,1.0,1.022222
volkan,CAT,42,42-8,-0.016801,0.258333,0.016667,0.958333,0.975,0.258333,0.0,0.0,0.729571,1.0,1.007497
volkan,CAT,42,42-9,-0.853044,0.566667,0.108333,0.891667,1.0,0.575,0.0,0.0,0.680788,0.96,0.771516
volkan,CAT,42,42-10,0.879398,0.233333,0.016667,0.85,0.866667,0.233333,0.008333,0.0,0.736721,1.16,1.050029
volkan,CAT,42,42-11,0.777792,0.583333,0.025,0.908333,0.933333,0.583333,0.0,0.0,0.696115,1.16,0.842256
volkan,CAT,42,42-12,0.066031,0.283333,0.108333,0.55,0.658333,0.283333,0.058333,0.0,0.741494,1.04,1.101162
volkan,CAT,42,42-13,1.127241,0.108333,0.0,0.666667,0.666667,0.108333,0.075,0.0,0.77402,1.24,1.256706
volkan,CAT,42,42-14,0.467509,0.333333,0.1,0.791667,0.891667,0.341667,0.0,0.0,0.716534,1.16,0.955394
volkan,CAT,42,42-15,-0.859292,0.341667,0.133333,0.741667,0.875,0.4,0.0,0.0,0.70359,0.92,0.909238
volkan,CAT,42,42-16,0.368751,0.0,0.0,0.9,0.9,0.0,0.008333,0.0,0.765243,1.12,1.189382
volkan,CAT,42,42-17,-0.958883,0.425,0.133333,0.841667,0.975,0.466667,0.0,0.0,0.689955,1.0,0.831714
volkan,CAT,42,42-18,0.87845,0.425,0.016667,0.85,0.866667,0.425,0.066667,0.0,0.71871,1.28,0.968915
volkan,CAT,42,42-19,-0.049926,0.358333,0.033333,0.833333,0.866667,0.358333,0.0,0.0,0.723692,1.04,0.987372
volkan,CAT,42,42-20,-0.184862,0.491667,0.033333,0.941667,0.975,0.491667,0.0,0.0,0.700119,1.0,0.861102
volkan,CAT,42,42-21,-0.68093,0.775,0.141667,0.85,0.991667,0.775,0.0,0.0,0.659807,1.08,0.672702
volkan,CAT,42,42-22,1.222541,0.091667,0.0,0.675,0.675,0.091667,0.075,0.0,0.776699,1.36,1.271839
volkan,CAT,42,42-23,-0.154529,0.4,0.066667,0.808333,0.875,0.4,0.0,0.0,0.719135,1.04,0.969435
volkan,CAT,42,42-24,-0.428328,0.175,0.0,0.833333,0.833333,0.175,0.0,0.0,0.750694,1.04,1.120303
volkan,CAT,42,42-25,-0.352134,0.266667,0.016667,0.675,0.691667,0.266667,0.041667,0.0,0.755354,1.0,1.161831
volkan,CAT,42,42-26,0.532309,0.483333,0.108333,0.775,0.883333,0.483333,0.0,0.0,0.700818,1.16,0.87844
volkan,CAT,42,42-27,0.365444,0.183333,0.0,0.75,0.75,0.183333,0.066667,0.0,0.757911,1.12,1.168742
volkan,CAT,42,42-28,0.412733,0.225,0.0,0.766667,0.766667,0.225,0.083333,0.0,0.752448,1.04,1.142364
volkan,CAT,42,42-29,0.430821,0.241667,0.0,0.891667,0.891667,0.241667,0.0,0.0,0.739047,1.24,1.056452
volkan,CAT,42,42-30,2.141648,0.008333,0.0,0.566667,0.566667,0.008333,0.241667,0.0,0.808216,1.44,1.519279
volkan,CAT,42,42-31,-0.406415,0.616667,0.033333,0.933333,0.966667,0.616667,0.0,0.0,0.692132,1.12,0.825883
volkan,CAT,42,42-32,-0.512243,0.4,0.066667,0.925,0.991667,0.4,0.0,0.0,0.709897,1.0,0.910722
volkan,CAT,42,42-33,-0.813773,0.491667,0.191667,0.783333,0.975,0.491667,0.0,0.0,0.686385,0.92,0.808525
volkan,CAT,42,42-34,0.615979,0.216667,0.05,0.766667,0.816667,0.216667,0.016667,0.0,0.743807,1.24,1.096444
volkan,CAT,42,42-35,1.128972,0.041667,0.0,0.725,0.725,0.041667,0.091667,0.0,0.781566,1.24,1.29527
volkan,CAT,42,42-36,-0.113947,0.25,0.016667,0.866667,0.883333,0.25,0.0,0.0,0.733498,1.04,1.031684
volkan,CAT,42,42-37,-0.840156,0.175,0.033333,0.383333,0.416667,0.175,0.108333,0.0,0.777459,0.88,1.299975
volkan,CAT,42,42-38,-0.824481,0.475,0.125,0.875,1.0,0.483333,0.0,0.0,0.686565,0.92,0.80077
volkan,CAT,42,42-39,0.650593,0.475,0.008333,0.908333,0.916667,0.475,0.0,0.0,0.710787,1.16,0.918724
volkan,CAT,42,42-40,0.743254,0.166667,0.0,0.858333,0.858333,0.166667,0.0,0.0,0.748097,1.2,1.104552
volkan,CAT,42,42-41,0.543154,0.233333,0.0,0.75,0.75,0.233333,0.025,0.0,0.751764,1.12,1.134119
volkan,CAT,42,42-42,-0.66551,0.4,0.041667,0.925,0.966667,0.4,0.0,0.0,0.710431,0.96,0.913455
volkan,CAT,42,42-43,0.232161,0.75,0.433333,0.566667,1.0,0.833333,0.0,0.0,0.616613,1.2,0.502883
volkan,CAT,42,42-44,0.116686,0.308333,0.0,0.891667,0.891667,0.308333,0.0,0.0,0.737199,1.08,1.049984
volkan,CAT,42,42-45,0.218689,0.291667,0.025,0.925,0.95,0.291667,0.0,0.0,0.723413,1.16,0.976486
volkan,CAT,42,42-46,0.871429,0.141667,0.0,0.575,0.575,0.141667,0.083333,0.0,0.773788,1.28,1.26306
volkan,CAT,42,42-47,0.223596,0.191667,0.0,0.775,0.775,0.191667,0.016667,0.0,0.754922,1.08,1.148227
volkan,CAT,42,42-48,0.678914,0.066667,0.0,0.641667,0.641667,0.066667,0.008333,0.0,0.776804,1.16,1.265545
volkan,CAT,42,42-49,0.067579,0.791667,0.258333,0.733333,0.991667,0.791667,0.0,0.0,0.646106,1.16,0.617377
volkan,CAT,42,42-50,0.289119,0.0,0.0,0.566667,0.566667,0.0,0.016667,0.0,0.790169,1.12,1.337251
volkan,CAT,42,42-51,0.631288,0.283333,0.0,0.858333,0.858333,0.283333,0.008333,0.0,0.736957,1.24,1.051086
volkan,CAT,42,42-52,-1.457156,0.475,0.125,0.783333,0.908333,0.491667,0.0,0.0,0.692764,0.88,0.864966
volkan,CAT,42,42-53,-0.319671,0.375,0.016667,0.9,0.916667,0.375,0.0,0.0,0.719362,1.0,0.96246
volkan,CAT,42,42-54,-0.470373,0.45,0.191667,0.8,0.991667,0.458333,0.0,0.0,0.684407,1.04,0.794643
volkan,CAT,42,42-55,-0.638878,0.608333,0.166667,0.758333,0.925,0.608333,0.008333,0.0,0.68008,0.84,0.777587
volkan,CAT,42,42-56,-0.275142,0.325,0.008333,0.9,0.908333,0.325,0.0,0.0,0.725366,1.0,0.989656
volkan,CAT,42,42-57,1.494941,0.0,0.0,0.083333,0.083333,0.0,0.491667,0.0,0.847582,1.2,1.737073
volkan,CAT,42,42-58,-0.865831,0.533333,0.35,0.65,1.0,0.666667,0.0,0.0,0.632282,0.96,0.596076
volkan,CAT,42,42-59,0.968278,0.3,0.033333,0.75,0.783333,0.3,0.025,0.0,0.737809,1.28,1.06741
volkan,CAT,42,42-60,-1.68287,0.541667,0.233333,0.7,0.933333,0.583333,0.0,0.0,0.642817,0.84,0.695376
volkan,CAT,42,42-61,-0.334885,0.2,0.0,0.841667,0.841667,0.2,0.025,0.0,0.748019,1.0,1.109746
volkan,CAT,42,42-62,0.162753,0.308333,0.008333,0.9,0.908333,0.308333,0.0,0.0,0.726971,1.12,0.998551
volkan,CAT,42,42-63,0.586222,0.058333,0.0,0.6,0.6,0.058333,0.025,0.0,0.784082,1.12,1.307187
volkan,CAT,42,42-64,0.711227,0.258333,0.15,0.666667,0.816667,0.325,0.025,0.0,0.712385,1.24,0.966055
volkan,CAT,42,42-65,0.793347,0.25,0.091667,0.758333,0.85,0.25,0.0,0.0,0.728671,1.24,1.015978
volkan,CAT,42,42-66,-0.348725,0.375,0.058333,0.825,0.883333,0.375,0.025,0.0,0.714076,1.04,0.942073
volkan,CAT,42,42-67,-0.462352,0.441667,0.141667,0.541667,0.683333,0.441667,0.1,0.0,0.722235,0.92,1.016946
volkan,CAT,42,42-68,0.857976,0.108333,0.025,0.65,0.675,0.108333,0.066667,0.0,0.772051,1.12,1.249607
volkan,CAT,42,42-69,-0.191304,0.833333,0.183333,0.8,0.983333,0.85,0.0,0.0,0.645309,1.0,0.611127
volkan,CAT,42,42-70,-1.275686,0.8,0.133333,0.858333,0.991667,0.825,0.0,0.0,0.648279,1.0,0.637837
volkan,CAT,42,42-71,-1.133287,0.758333,0.4,0.541667,0.941667,0.825,0.0,0.0,0.614792,0.84,0.538775
volkan,CAT,42,42-72,-0.919452,0.508333,0.325,0.575,0.9,0.583333,0.008333,0.0,0.661628,0.84,0.720669
volkan,CAT,42,42-73,0.497161,0.283333,0.016667,0.916667,0.933333,0.283333,0.0,0.0,0.728018,1.2,0.999292
volkan,CAT,42,42-74,0.142426,0.266667,0.008333,0.966667,0.975,0.266667,0.0,0.0,0.721746,1.08,0.965224
volkan,CAT,42,42-75,0.690485,0.166667,0.008333,0.683333,0.691667,0.166667,0.025,0.0,0.762594,1.16,1.194783
volkan,CAT,42,42-76,-0.427253,0.333333,0.141667,0.825,0.966667,0.358333,0.0,0.0,0.69946,1.0,0.873043
volkan,CAT,42,42-77,0.15854,0.516667,0.058333,0.933333,0.991667,0.516667,0.0,0.0,0.69172,1.08,0.821004
volkan,CAT,42,42-78,0.62559,0.0,0.0,0.733333,0.733333,0.0,0.0,0.0,0.776572,1.2,1.255555
volkan,CAT,42,42-79,-0.309347,0.308333,0.075,0.708333,0.783333,0.308333,0.0,0.0,0.731954,1.04,1.037785
volkan,CAT,42,42-80,0.456775,0.033333,0.0,0.541667,0.541667,0.033333,0.183333,0.0,0.797703,1.16,1.403073
volkan,CAT,42,42-81,-0.661926,0.366667,0.258333,0.516667,0.775,0.416667,0.0,0.0,0.698408,1.04,0.898001
volkan,CAT,42,42-82,-0.363054,0.15,0.058333,0.375,0.433333,0.15,0.2,0.0,0.786321,0.96,1.358911
volkan,CAT,42,42-83,-0.381738,0.4,0.033333,0.766667,0.8,0.4,0.033333,0.0,0.725368,1.04,1.00656
volkan,CAT,42,42-84,-1.19584,0.466667,0.091667,0.841667,0.933333,0.483333,0.0,0.0,0.693637,0.92,0.848743
volkan,CAT,42,42-85,0.486972,0.333333,0.058333,0.933333,0.991667,0.333333,0.0,0.0,0.71418,1.2,0.930604
volkan,CAT,42,42-86,-0.469402,0.691667,0.083333,0.908333,0.991667,0.691667,0.0,0.0,0.670028,1.0,0.721729
volkan,CAT,42,42-87,0.012494,0.233333,0.0,0.916667,0.916667,0.233333,0.0,0.0,0.732088,1.08,1.017292
volkan,CAT,42,42-88,0.480747,0.016667,0.0,0.791667,0.791667,0.016667,0.008333,0.0,0.77066,1.16,1.223378
volkan,CAT,42,42-89,0.446531,0.4,0.05,0.933333,0.983333,0.4,0.0,0.0,0.705883,1.2,0.890162
volkan,CAT,42,42-90,0.665385,0.25,0.058333,0.583333,0.641667,0.25,0.183333,0.0,0.754272,1.2,1.182683
volkan,CAT,42,42-91,-0.098485,0.391667,0.108333,0.591667,0.7,0.391667,0.033333,0.0,0.727078,1.04,1.027646
volkan,CAT,42,42-92,-0.423298,0.541667,0.125,0.875,1.0,0.541667,0.0,0.0,0.680397,1.0,0.767833
volkan,CAT,42,42-93,-0.079718,0.658333,0.15,0.85,1.0,0.658333,0.0,0.0,0.665413,1.04,0.699746
volkan,CAT,42,42-94,-1.687334,0.366667,0.158333,0.533333,0.691667,0.425,0.15,0.0,0.706282,0.76,1.003803
volkan,CAT,42,42-95,-1.447112,0.558333,0.2,0.758333,0.958333,0.608333,0.0,0.0,0.660673,0.88,0.725494
volkan,CAT,42,42-96,-1.3227,0.2,0.066667,0.816667,0.883333,0.241667,0.0,0.0,0.726195,0.88,1.025638
volkan,CAT,42,42-97,-0.997247,0.8,0.158333,0.841667,1.0,0.858333,0.0,0.0,0.64505,1.0,0.621545
volkan,CAT,42,42-98,0.399774,0.05,0.0,0.833333,0.833333,0.05,0.008333,0.0,0.767521,1.2,1.205239
volkan,CAT,42,42-99,-0.905479,0.25,0.083333,0.533333,0.616667,0.258333,0.15,0.0,0.755093,0.84,1.194455
volkan,CAT,42,42-100,-0.378163,0.45,0.0,0.991667,0.991667,0.45,0.0,0.0,0.70302,1.0,0.869302
volkan,CAT,42,42-101,1.299228,0.333333,0.0,0.833333,0.833333,0.333333,0.116667,0.0,0.734177,1.24,1.053859
volkan,CAT,42,42-102,-0.356264,0.433333,0.033333,0.958333,0.991667,0.433333,0.0,0.0,0.705269,1.04,0.884701
volkan,CAT,42,42-103,0.737516,0.2,0.0,0.633333,0.633333,0.2,0.083333,0.0,0.769524,1.24,1.239647
volkan,CAT,42,42-104,-0.933618,0.466667,0.15,0.691667,0.841667,0.508333,0.041667,0.0,0.692497,0.84,0.862873
volkan,CAT,42,42-105,-0.205438,0.591667,0.033333,0.95,0.983333,0.591667,0.0,0.0,0.69083,1.04,0.816694
volkan,CAT,42,42-106,-0.950022,0.291667,0.1,0.858333,0.958333,0.3,0.0,0.0,0.717332,0.92,0.955655
volkan,CAT,42,42-107,-0.339033,0.675,0.1,0.891667,0.991667,0.675,0.0,0.0,0.673419,1.0,0.737265
volkan,CAT,42,42-108,0.840308,0.075,0.0,0.483333,0.483333,0.075,0.125,0.0,0.788913,1.2,1.348939
volkan,CAT,42,42-109,-1.72732,0.133333,0.066667,0.708333,0.775,0.166667,0.0,0.008333,0.727276,0.76,1.08498
volkan,CAT,42,42-110,0.434424,0.416667,0.05,0.775,0.825,0.416667,0.033333,0.0,0.716769,1.16,0.962555
volkan,CAT,42,42-111,0.237736,0.116667,0.016667,0.616667,0.633333,0.116667,0.216667,0.0,0.77577,1.16,1.2902
volkan,CAT,42,42-112,-0.59415,0.35,0.15,0.633333,0.783333,0.358333,0.058333,0.0,0.719112,1.0,0.989429
volkan,CAT,42,42-113,-1.446058,0.258333,0.083333,0.875,0.958333,0.308333,0.0,0.0,0.705874,0.88,0.940908
volkan,CAT,42,42-114,0.07213,0.6,0.116667,0.883333,1.0,0.6,0.0,0.0,0.675885,1.24,0.747594
volkan,CAT,42,42-115,-0.529493,0.625,0.066667,0.883333,0.95,0.625,0.0,0.0,0.68505,1.04,0.793805
volkan,CAT,42,42-116,0.232676,0.466667,0.0,0.866667,0.866667,0.466667,0.016667,0.0,0.714579,1.04,0.942807
volkan,CAT,42,42-117,0.021852,0.625,0.166667,0.716667,0.883333,0.625,0.0,0.0,0.681729,1.04,0.788317
volkan,CAT,42,42-118,1.601779,0.066667,0.0,0.625,0.625,0.066667,0.183333,0.0,0.786206,1.32,1.34341
volkan,CAT,42,42-119,-0.239356,0.683333,0.1,0.9,1.0,0.683333,0.0,0.0,0.672106,1.08,0.728609
volkan,CAT,42,42-120,-1.023497,0.25,0.233333,0.508333,0.741667,0.358333,0.0,0.0,0.704632,0.84,0.962644
volkan,CAT,42,42-121,0.179276,0.291667,0.0,0.9,0.9,0.291667,0.008333,0.0,0.728878,1.12,1.00424
volkan,CAT,42,42-122,0.219997,0.125,0.0,0.833333,0.833333,0.125,0.008333,0.0,0.75283,1.08,1.129461
volkan,CAT,42,42-123,1.359188,0.5,0.033333,0.741667,0.775,0.5,0.133333,0.0,0.724882,1.32,1.024985
volkan,CAT,42,42-124,0.835111,0.141667,0.0,0.791667,0.791667,0.141667,0.0,0.0,0.758522,1.28,1.163909
volkan,CAT,42,42-125,0.356871,0.3,0.066667,0.775,0.841667,0.3,0.025,0.0,0.729572,1.16,1.023669
volkan,CAT,42,42-126,1.463303,0.208333,0.008333,0.433333,0.441667,0.208333,0.2,0.0,0.78365,1.2,1.352267
volkan,CAT,42,42-127,-1.188763,0.558333,0.158333,0.716667,0.875,0.616667,0.0,0.0,0.673534,0.84,0.78923
volkan,CAT,42,42-128,-0.639752,0.741667,0.15,0.833333,0.983333,0.741667,0.0,0.0,0.664026,0.96,0.69438
volkan,CAT,42,42-129,-0.926576,0.283333,0.058333,0.716667,0.775,0.291667,0.091667,0.0,0.736943,0.96,1.074043
volkan,CAT,42,42-130,-0.38981,0.175,0.025,0.633333,0.658333,0.175,0.016667,0.0,0.762255,0.92,1.195655
volkan,CAT,42,42-131,-1.376686,0.225,0.1,0.858333,0.958333,0.266667,0.0,0.0,0.703024,0.92,0.927707
volkan,CAT,42,42-132,0.635151,0.35,0.008333,0.9,0.908333,0.35,0.0,0.0,0.725423,1.2,0.987782
volkan,CAT,42,42-133,-0.222223,0.458333,0.158333,0.45,0.608333,0.458333,0.233333,0.0,0.729753,1.0,1.081575
volkan,CAT,42,42-134,-1.470806,0.566667,0.058333,0.9,0.958333,0.591667,0.0,0.0,0.669273,0.84,0.787293
volkan,CAT,42,42-135,-1.015579,0.491667,0.158333,0.75,0.908333,0.5,0.0,0.0,0.695037,0.92,0.856523
volkan,CAT,42,42-136,0.313514,0.241667,0.0,1.0,1.0,0.241667,0.0,0.0,0.724471,1.12,0.975978
volkan,CAT,42,42-137,0.838127,0.383333,0.016667,0.9,0.916667,0.383333,0.025,0.0,0.722766,1.12,0.980591
volkan,CAT,42,42-138,1.996731,0.308333,0.075,0.491667,0.566667,0.308333,0.35,0.0,0.769045,1.32,1.324529
volkan,CAT,42,42-139,2.913862,0.0,0.0,0.325,0.325,0.0,0.408333,0.0,0.845285,1.52,1.87116
volkan,CAT,42,42-140,0.414409,0.433333,0.008333,0.925,0.933333,0.433333,0.0,0.0,0.715863,1.08,0.942541
volkan,CAT,42,42-141,-0.989538,0.125,0.1,0.5,0.6,0.183333,0.108333,0.0,0.757026,0.88,1.209521
volkan,CAT,42,42-142,-2.132046,0.333333,0.133333,0.725,0.858333,0.383333,0.008333,0.025,0.685409,0.84,0.910122
volkan,CAT,42,42-143,0.267711,0.1,0.0,0.833333,0.833333,0.1,0.0,0.0,0.756704,1.12,1.149009
volkan,CAT,42,42-144,-0.812941,0.566667,0.066667,0.883333,0.95,0.566667,0.0,0.0,0.690229,1.04,0.822357
volkan,CAT,42,42-145,-0.415357,0.408333,0.083333,0.858333,0.941667,0.408333,0.0,0.0,0.705862,1.04,0.897107
volkan,CAT,42,42-146,-0.612097,0.375,0.125,0.65,0.775,0.375,0.016667,0.0,0.719495,0.92,0.982034
volkan,CAT,42,42-147,-0.140791,0.275,0.0,0.933333,0.933333,0.275,0.0,0.0,0.728157,1.0,0.99834
volkan,CAT,42,42-148,1.06598,0.008333,0.0,0.391667,0.391667,0.008333,0.133333,0.0,0.808216,1.12,1.459778
volkan,CAT,42,42-149,0.157049,0.233333,0.008333,0.933333,0.941667,0.233333,0.0,0.0,0.730527,1.04,1.01018
volkan,CAT,42,42-150,-0.158635,0.291667,0.0,0.641667,0.641667,0.291667,0.15,0.0,0.756337,1.04,1.181996
volkan,CAT,42,42-151,-1.035654,0.141667,0.075,0.733333,0.808333,0.183333,0.0,0.0,0.739586,0.84,1.084674
volkan,CAT,42,42-152,-1.674683,0.408333,0.166667,0.65,0.816667,0.483333,0.025,0.0,0.679136,0.84,0.864715
volkan,CAT,42,42-153,-0.486308,0.508333,0.075,0.725,0.8,0.508333,0.0,0.0,0.707746,1.0,0.919323
volkan,CAT,42,42-154,-0.053783,0.475,0.058333,0.9,0.958333,0.475,0.0,0.0,0.702569,1.16,0.877349
volkan,CAT,42,42-155,1.76793,0.0,0.0,0.233333,0.233333,0.0,0.216667,0.0,0.827635,1.32,1.600561
volkan,CAT,42,42-156,0.130275,0.508333,0.1,0.891667,0.991667,0.508333,0.0,0.0,0.689236,1.2,0.812239
volkan,CAT,42,42-157,0.98274,0.391667,0.141667,0.658333,0.8,0.391667,0.116667,0.0,0.72127,1.08,1.012537
volkan,CAT,42,42-158,-0.499296,0.325,0.05,0.658333,0.708333,0.325,0.066667,0.0,0.737593,1.04,1.077502
volkan,CAT,42,42-159,-1.184944,0.333333,0.183333,0.658333,0.841667,0.4,0.0,0.0,0.683323,0.88,0.880883
volkan,CAT,42,42-160,-0.965117,0.725,0.033333,0.966667,1.0,0.733333,0.0,0.0,0.675761,0.96,0.745811
volkan,CAT,42,42-161,-0.725226,0.575,0.2,0.741667,0.941667,0.583333,0.0,0.0,0.67661,0.96,0.768037
volkan,CAT,42,42-162,2.12847,0.3,0.0,0.733333,0.733333,0.3,0.216667,0.0,0.763184,1.44,1.293768
volkan,CAT,42,42-163,-0.821387,0.616667,0.316667,0.616667,0.933333,0.666667,0.0,0.0,0.65119,1.0,0.659487
volkan,CAT,42,42-164,0.838489,0.425,0.066667,0.858333,0.925,0.425,0.0,0.0,0.70868,1.2,0.913787
volkan,CAT,42,42-165,-0.902927,0.241667,0.116667,0.7,0.816667,0.25,0.008333,0.0,0.728228,0.92,1.021465
volkan,CAT,42,42-166,0.931573,0.033333,0.0,0.525,0.525,0.033333,0.016667,0.0,0.789135,1.16,1.336204
volkan,CAT,42,42-167,0.384951,0.108333,0.0,0.975,0.975,0.108333,0.0,0.0,0.748993,1.2,1.101582
volkan,CAT,42,42-168,-0.156638,0.266667,0.033333,0.541667,0.575,0.266667,0.05,0.0,0.75789,1.04,1.18616
volkan,CAT,42,42-169,-0.040763,0.266667,0.0,0.675,0.675,0.266667,0.058333,0.0,0.754673,1.16,1.156869
volkan,CAT,42,42-170,-0.654788,0.383333,0.166667,0.775,0.941667,0.383333,0.0,0.0,0.701579,0.96,0.88301
volkan,CAT,42,42-171,0.446072,0.75,0.383333,0.616667,1.0,0.766667,0.0,0.0,0.634271,1.2,0.570258
volkan,CAT,42,42-172,-0.454983,0.425,0.016667,0.983333,1.0,0.425,0.0,0.0,0.703876,1.04,0.872648
volkan,CAT,42,42-173,-1.225606,0.208333,0.083333,0.608333,0.691667,0.258333,0.025,0.0,0.742525,0.92,1.124023
volkan,CAT,42,42-174,-1.277938,0.233333,0.1,0.725,0.825,0.258333,0.041667,0.0,0.720594,0.92,1.01058
volkan,CAT,42,42-175,0.172588,0.2,0.025,0.75,0.775,0.2,0.0,0.0,0.748264,1.04,1.116719
volkan,CAT,42,42-176,1.579091,0.408333,0.1,0.616667,0.716667,0.408333,0.141667,0.0,0.728851,1.32,1.060722
volkan,CAT,42,42-177,0.159992,0.191667,0.0,0.683333,0.683333,0.191667,0.0,0.0,0.758807,1.16,1.171289
volkan,CAT,42,42-178,-0.118638,0.175,0.0,0.891667,0.891667,0.175,0.0,0.0,0.745659,1.04,1.089826
volkan,CAT,42,42-179,0.285826,0.291667,0.083333,0.833333,0.916667,0.291667,0.0,0.0,0.723605,1.0,0.985124
volkan,CAT,42,42-180,1.306002,0.216667,0.008333,0.675,0.683333,0.216667,0.241667,0.0,0.770048,1.28,1.2838
volkan,CAT,42,42-181,0.219383,0.316667,0.075,0.383333,0.458333,0.316667,0.316667,0.0,0.766259,1.2,1.27618
volkan,CAT,42,42-182,-0.410927,0.45,0.05,0.95,1.0,0.45,0.0,0.0,0.69731,1.0,0.845204
volkan,CAT,42,42-183,1.106289,0.091667,0.0,0.341667,0.341667,0.091667,0.141667,0.0,0.802223,1.32,1.437253
volkan,CAT,42,42-184,0.428756,0.116667,0.0,0.758333,0.758333,0.116667,0.025,0.0,0.76144,1.16,1.182221
volkan,CAT,42,42-185,1.535756,0.016667,0.0,0.683333,0.683333,0.016667,0.108333,0.0,0.782538,1.32,1.309887
volkan,CAT,42,42-186,0.183234,0.233333,0.0,0.966667,0.966667,0.233333,0.0,0.0,0.729493,1.08,1.001699
volkan,CAT,42,42-187,-1.224469,0.2,0.083333,0.783333,0.866667,0.266667,0.008333,0.0,0.714928,0.92,0.988238
volkan,CAT,42,42-188,-1.368159,0.541667,0.133333,0.775,0.908333,0.6,0.0,0.0,0.672525,0.92,0.790435
volkan,CAT,42,42-189,1.650928,0.35,0.058333,0.591667,0.65,0.35,0.166667,0.0,0.746347,1.4,1.158559
volkan,CAT,42,42-190,1.723666,0.366667,0.0,0.741667,0.741667,0.366667,0.133333,0.0,0.745118,1.36,1.142464
volkan,CAT,42,42-191,-0.179519,0.133333,0.033333,0.841667,0.875,0.133333,0.0,0.0,0.748841,1.08,1.111279
volkan,CAT,42,42-192,-0.383187,0.808333,0.333333,0.666667,1.0,0.841667,0.0,0.0,0.632643,1.04,0.559337
volkan,CAT,42,42-193,1.461444,0.475,0.216667,0.516667,0.733333,0.475,0.1,0.0,0.709445,1.24,0.964742
volkan,CAT,42,42-194,-1.107046,0.225,0.041667,0.816667,0.858333,0.241667,0.0,0.0,0.726743,0.88,1.006077
volkan,CAT,42,42-195,-0.894727,0.433333,0.141667,0.733333,0.875,0.45,0.05,0.0,0.705901,1.04,0.918818
volkan,CAT,42,42-196,0.643327,0.35,0.025,0.866667,0.891667,0.35,0.0,0.0,0.722665,1.12,0.980791
volkan,CAT,42,42-197,-0.394605,0.291667,0.0,0.925,0.925,0.291667,0.0,0.0,0.732698,1.04,1.024026
volkan,CAT,42,42-198,-0.005122,0.408333,0.025,0.716667,0.741667,0.408333,0.116667,0.0,0.733774,1.16,1.058176
volkan,CAT,42,42-199,-0.163443,0.508333,0.033333,0.925,0.958333,0.508333,0.0,0.0,0.704334,1.12,0.884688
volkan,CAT,137,137-0,-0.83988,0.258333,0.05,0.858333,0.908333,0.266667,0.0,0.0,0.72581,0.92,0.995794
volkan,CAT,137,137-1,-0.732168,0.366667,0.05,0.95,1.0,0.366667,0.0,0.0,0.710094,1.0,0.907463
volkan,CAT,137,137-2,-0.626851,0.25,0.058333,0.666667,0.725,0.25,0.008333,0.0,0.742392,0.92,1.09078
volkan,CAT,137,137-3,0.00625,0.25,0.058333,0.891667,0.95,0.25,0.0,0.0,0.724668,1.04,0.987215
volkan,CAT,137,137-4,-0.570385,0.383333,0.191667,0.75,0.941667,0.425,0.0,0.0,0.691725,0.96,0.845671
volkan,CAT,137,137-5,-1.007635,0.65,0.208333,0.791667,1.0,0.666667,0.0,0.0,0.661228,0.92,0.685174
volkan,CAT,137,137-6,0.22413,0.291667,0.0,0.766667,0.766667,0.291667,0.091667,0.0,0.746024,1.04,1.111928
volkan,CAT,137,137-7,-0.680806,0.4,0.05,0.841667,0.891667,0.4,0.025,0.0,0.714588,0.92,0.943659
volkan,CAT,137,137-8,-1.975848,0.575,0.4,0.516667,0.916667,0.625,0.0,0.025,0.614949,0.84,0.617278
volkan,CAT,137,137-9,1.958634,0.4,0.083333,0.491667,0.575,0.4,0.3,0.0,0.759745,1.44,1.305932
volkan,CAT,137,137-10,1.619418,0.175,0.016667,0.45,0.466667,0.175,0.3,0.0,0.792994,1.32,1.436883
volkan,CAT,137,137-11,-1.046955,0.433333,0.125,0.825,0.95,0.458333,0.0,0.0,0.69545,1.0,0.859659
volkan,CAT,137,137-12,-0.352262,0.816667,0.066667,0.933333,1.0,0.816667,0.0,0.0,0.65921,1.08,0.665536
volkan,CAT,137,137-13,-0.039214,0.216667,0.0,0.725,0.725,0.216667,0.008333,0.0,0.751121,1.0,1.130251
volkan,CAT,137,137-14,0.968455,0.233333,0.033333,0.683333,0.716667,0.233333,0.1,0.0,0.749502,1.16,1.136919
volkan,CAT,137,137-15,-2.598075,0.441667,0.1,0.816667,0.916667,0.491667,0.0,0.05,0.642149,0.76,0.793597
volkan,CAT,137,137-16,-0.838116,0.266667,0.158333,0.683333,0.841667,0.341667,0.016667,0.0,0.705422,0.96,0.932804
volkan,CAT,137,137-17,0.165563,0.533333,0.066667,0.933333,1.0,0.533333,0.0,0.0,0.68627,1.12,0.791194
volkan,CAT,137,137-18,-1.815344,0.541667,0.25,0.675,0.925,0.583333,0.0,0.008333,0.632521,0.84,0.676331
volkan,CAT,137,137-19,-0.640166,0.75,0.375,0.616667,0.991667,0.783333,0.0,0.0,0.63318,1.08,0.56499
volkan,CAT,137,137-20,-0.300888,0.491667,0.133333,0.708333,0.841667,0.491667,0.025,0.0,0.700384,1.04,0.88591
volkan,CAT,137,137-21,-0.448263,0.35,0.008333,0.858333,0.866667,0.35,0.0,0.0,0.72815,0.96,1.005035
volkan,CAT,137,137-22,-1.043383,0.433333,0.083333,0.841667,0.925,0.45,0.0,0.0,0.703258,0.92,0.889951
volkan,CAT,137,137-23,1.046346,0.091667,0.0,0.633333,0.633333,0.091667,0.041667,0.0,0.777088,1.32,1.271144
volkan,CAT,137,137-24,-0.594046,0.525,0.1,0.9,1.0,0.525,0.0,0.0,0.686801,1.04,0.798585
volkan,CAT,137,137-25,0.783179,0.008333,0.0,0.491667,0.491667,0.008333,0.183333,0.0,0.802613,1.16,1.42831
volkan,CAT,137,137-26,-0.373046,0.566667,0.075,0.925,1.0,0.566667,0.0,0.0,0.683864,1.08,0.783418
volkan,CAT,137,137-27,0.152686,0.4,0.016667,0.9,0.916667,0.4,0.0,0.0,0.711851,1.04,0.923484
volkan,CAT,137,137-28,-0.453875,0.216667,0.025,0.7,0.725,0.216667,0.075,0.0,0.754206,0.96,1.15759
volkan,CAT,137,137-29,1.015703,0.133333,0.0,0.425,0.425,0.133333,0.166667,0.0,0.795757,1.16,1.398668
volkan,CAT,137,137-30,0.314326,0.658333,0.05,0.941667,0.991667,0.658333,0.0,0.0,0.680085,1.08,0.764457
volkan,CAT,137,137-31,-0.949702,0.366667,0.108333,0.708333,0.816667,0.425,0.008333,0.0,0.708411,0.92,0.94521
volkan,CAT,137,137-32,0.720263,0.283333,0.091667,0.741667,0.833333,0.283333,0.0,0.0,0.723694,1.24,0.992727
volkan,CAT,137,137-33,2.65798,0.0,0.0,0.183333,0.183333,0.0,0.625,0.0,0.868547,1.48,2.013945
volkan,CAT,137,137-34,-1.741191,0.666667,0.383333,0.583333,0.966667,0.833333,0.0,0.008333,0.598398,0.88,0.516664
volkan,CAT,137,137-35,-0.080598,0.558333,0.075,0.908333,0.983333,0.558333,0.0,0.0,0.686704,1.12,0.798533
volkan,CAT,137,137-36,0.022184,0.583333,0.133333,0.816667,0.95,0.583333,0.0,0.0,0.682187,1.08,0.782149
volkan,CAT,137,137-37,-0.198292,0.15,0.041667,0.816667,0.858333,0.15,0.0,0.0,0.746484,1.04,1.101172
volkan,CAT,137,137-38,0.913303,0.55,0.091667,0.8,0.891667,0.55,0.008333,0.0,0.69579,1.16,0.8521
volkan,CAT,137,137-39,-0.192114,0.133333,0.0,0.766667,0.766667,0.133333,0.016667,0.0,0.75897,1.08,1.168017
volkan,CAT,137,137-40,0.840026,0.183333,0.033333,0.458333,0.491667,0.183333,0.225,0.0,0.782701,1.28,1.33999
volkan,CAT,137,137-41,0.635433,0.291667,0.025,0.891667,0.916667,0.291667,0.0,0.0,0.728169,1.2,1.003231
volkan,CAT,137,137-42,-0.996261,0.733333,0.133333,0.866667,1.0,0.75,0.0,0.0,0.659799,0.96,0.674502
volkan,CAT,137,137-43,-1.106161,0.383333,0.116667,0.625,0.741667,0.408333,0.033333,0.0,0.717675,0.92,0.98558
volkan,CAT,137,137-44,1.787637,0.041667,0.0,0.675,0.675,0.041667,0.158333,0.0,0.780292,1.32,1.314768
volkan,CAT,137,137-45,-0.190261,0.191667,0.0,0.841667,0.841667,0.191667,0.025,0.0,0.750186,1.04,1.120037
volkan,CAT,137,137-46,0.101085,0.366667,0.05,0.916667,0.966667,0.366667,0.0,0.0,0.711515,1.04,0.917382
volkan,CAT,137,137-47,1.554169,0.166667,0.0,0.733333,0.733333,0.166667,0.083333,0.0,0.764276,1.4,1.213466
volkan,CAT,137,137-48,0.664131,0.458333,0.116667,0.825,0.941667,0.458333,0.0,0.0,0.699358,1.28,0.867262
volkan,CAT,137,137-49,-0.630889,0.841667,0.541667,0.458333,1.0,0.891667,0.0,0.0,0.599083,1.04,0.413935
volkan,CAT,137,137-50,-0.331603,0.2,0.016667,0.533333,0.55,0.2,0.133333,0.0,0.773444,1.0,1.273362
volkan,CAT,137,137-51,1.076932,0.141667,0.008333,0.658333,0.666667,0.141667,0.058333,0.0,0.770023,1.2,1.23673
volkan,CAT,137,137-52,1.370465,0.041667,0.0,0.35,0.35,0.041667,0.333333,0.0,0.814426,1.36,1.528096
volkan,CAT,137,137-53,-0.338788,0.383333,0.225,0.708333,0.933333,0.383333,0.0,0.0,0.697413,1.04,0.86751
volkan,CAT,137,137-54,1.3345,0.25,0.0,0.833333,0.833333,0.25,0.091667,0.0,0.744031,1.28,1.104298
volkan,CAT,137,137-55,-0.37606,0.458333,0.025,0.95,0.975,0.458333,0.0,0.0,0.706041,1.0,0.890904
volkan,CAT,137,137-56,0.191903,0.658333,0.125,0.875,1.0,0.691667,0.0,0.0,0.664179,1.12,0.700754
volkan,CAT,137,137-57,-1.292154,0.3,0.166667,0.4,0.566667,0.366667,0.083333,0.0,0.726086,0.84,1.082539
volkan,CAT,137,137-58,-0.223985,0.366667,0.091667,0.691667,0.783333,0.366667,0.0,0.0,0.722849,1.0,0.993146
volkan,CAT,137,137-59,0.499185,0.375,0.0,0.933333,0.933333,0.375,0.0,0.0,0.723884,1.12,0.981816
volkan,CAT,137,137-60,0.37522,0.141667,0.0,0.783333,0.783333,0.141667,0.05,0.0,0.756208,1.16,1.156851
volkan,CAT,137,137-61,0.742053,0.033333,0.0,0.766667,0.766667,0.033333,0.0,0.0,0.767481,1.2,1.207351
volkan,CAT,137,137-62,-0.721375,0.7,0.041667,0.941667,0.983333,0.7,0.0,0.0,0.67824,0.92,0.755756
volkan,CAT,137,137-63,-0.202698,0.308333,0.0,0.966667,0.966667,0.308333,0.0,0.0,0.724749,1.08,0.981933
volkan,CAT,137,137-64,-0.106074,0.4,0.091667,0.608333,0.7,0.4,0.108333,0.0,0.727911,1.12,1.03739
volkan,CAT,137,137-65,1.702647,0.25,0.008333,0.658333,0.666667,0.25,0.175,0.0,0.762565,1.36,1.229778
volkan,CAT,137,137-66,-1.218646,0.591667,0.191667,0.8,0.991667,0.625,0.0,0.0,0.665251,1.04,0.721408
volkan,CAT,137,137-67,-0.292621,0.4,0.066667,0.7,0.766667,0.4,0.016667,0.0,0.722956,0.96,0.99601
volkan,CAT,137,137-68,-0.121263,0.258333,0.0,0.983333,0.983333,0.258333,0.0,0.0,0.729317,1.04,1.000535
volkan,CAT,137,137-69,3.110762,0.216667,0.0,0.566667,0.566667,0.216667,0.325,0.0,0.797615,1.52,1.608727
volkan,CAT,137,137-70,0.607553,0.6,0.066667,0.9,0.966667,0.6,0.0,0.0,0.686838,1.16,0.79985
volkan,CAT,137,137-71,-0.057651,0.391667,0.008333,0.875,0.883333,0.391667,0.016667,0.0,0.723103,1.12,0.983981
volkan,CAT,137,137-72,0.04985,0.358333,0.008333,0.866667,0.875,0.358333,0.0,0.0,0.729482,1.04,1.013481
volkan,CAT,137,137-73,-1.56946,0.533333,0.108333,0.833333,0.941667,0.566667,0.0,0.0,0.66935,0.8,0.78846
volkan,CAT,137,137-74,0.103745,0.341667,0.033333,0.775,0.808333,0.341667,0.066667,0.0,0.731813,0.92,1.039209
volkan,CAT,137,137-75,1.292329,0.475,0.183333,0.691667,0.875,0.475,0.075,0.0,0.695102,1.28,0.867127
volkan,CAT,137,137-76,-0.193478,0.275,0.0,0.925,0.925,0.275,0.0,0.0,0.730156,1.0,1.010653
volkan,CAT,137,137-77,-0.482773,0.608333,0.108333,0.891667,1.0,0.608333,0.0,0.0,0.681656,1.0,0.773359
volkan,CAT,137,137-78,-0.320344,0.258333,0.0,0.858333,0.858333,0.258333,0.0,0.0,0.735457,1.0,1.041954
volkan,CAT,137,137-79,0.822072,0.333333,0.0,0.816667,0.816667,0.333333,0.0,0.0,0.737545,1.12,1.057703
volkan,CAT,137,137-80,0.605951,0.416667,0.033333,0.9,0.933333,0.416667,0.0,0.0,0.708441,1.16,0.906582
volkan,CAT,137,137-81,1.128074,0.158333,0.0,0.9,0.9,0.158333,0.033333,0.0,0.743808,1.2,1.084205
volkan,CAT,137,137-82,0.204276,0.116667,0.0,0.741667,0.741667,0.116667,0.0,0.0,0.76218,1.12,1.183074
volkan,CAT,137,137-83,0.745318,0.525,0.008333,0.966667,0.975,0.525,0.0,0.0,0.70037,1.2,0.861782
volkan,CAT,137,137-84,-0.890788,0.883333,0.283333,0.716667,1.0,0.908333,0.0,0.0,0.630698,1.0,0.545351
volkan,CAT,137,137-85,0.138789,0.466667,0.291667,0.525,0.816667,0.508333,0.066667,0.0,0.684804,1.08,0.84058
volkan,CAT,137,137-86,-1.118181,0.358333,0.183333,0.725,0.908333,0.475,0.0,0.0,0.665274,0.88,0.818215
volkan,CAT,137,137-87,-0.632498,0.725,0.341667,0.658333,1.0,0.783333,0.0,0.0,0.633062,1.0,0.57124
volkan,CAT,137,137-88,-0.884575,0.558333,0.141667,0.758333,0.9,0.6,0.016667,0.0,0.679331,0.88,0.786163
volkan,CAT,137,137-89,-0.121239,0.433333,0.025,0.95,0.975,0.433333,0.0,0.0,0.703308,1.12,0.874892
volkan,CAT,137,137-90,1.080744,0.0,0.0,0.525,0.525,0.0,0.05,0.0,0.797308,1.2,1.381376
volkan,CAT,137,137-91,0.415538,0.4,0.05,0.916667,0.966667,0.4,0.0,0.0,0.709468,1.2,0.91117
volkan,CAT,137,137-92,-1.122452,0.3,0.191667,0.783333,0.975,0.416667,0.0,0.0,0.684359,1.0,0.842049
volkan,CAT,137,137-93,0.608223,0.433333,0.066667,0.775,0.841667,0.433333,0.033333,0.0,0.718662,1.16,0.971687
volkan,CAT,137,137-94,2.18768,0.233333,0.0,0.575,0.575,0.233333,0.291667,0.0,0.791228,1.48,1.472144
volkan,CAT,137,137-95,1.339749,0.0,0.0,0.6,0.6,0.0,0.166667,0.0,0.796285,1.28,1.389047
volkan,CAT,137,137-96,0.715568,0.275,0.008333,0.908333,0.916667,0.275,0.0,0.0,0.731111,1.28,1.016199
volkan,CAT,137,137-97,1.20599,0.233333,0.008333,0.816667,0.825,0.233333,0.075,0.0,0.743908,1.36,1.097122
volkan,CAT,137,137-98,1.233436,0.258333,0.0,0.725,0.725,0.258333,0.1,0.0,0.750998,1.2,1.144067
volkan,CAT,137,137-99,0.341164,0.15,0.0,0.441667,0.441667,0.15,0.3,0.0,0.798959,1.04,1.456462
volkan,CAT,137,137-100,-0.340886,0.425,0.05,0.75,0.8,0.425,0.0,0.0,0.721609,0.96,0.984578
volkan,CAT,137,137-101,2.087957,0.025,0.0,0.591667,0.591667,0.025,0.3,0.0,0.811499,1.36,1.584755
volkan,CAT,137,137-102,0.368075,0.541667,0.125,0.75,0.875,0.541667,0.016667,0.0,0.695486,1.24,0.859373
volkan,CAT,137,137-103,1.291066,0.066667,0.0,0.65,0.65,0.066667,0.183333,0.0,0.791247,1.32,1.38153
volkan,CAT,137,137-104,0.010497,0.25,0.016667,0.958333,0.975,0.25,0.0,0.0,0.724544,0.96,0.978461
volkan,CAT,137,137-105,2.161759,0.15,0.0,0.483333,0.483333,0.15,0.408333,0.0,0.811053,1.4,1.606557
volkan,CAT,137,137-106,-3.001345,0.541667,0.225,0.683333,0.908333,0.591667,0.0,0.075,0.611132,0.68,0.729099
volkan,CAT,137,137-107,-0.262965,0.325,0.0,0.9,0.9,0.325,0.0,0.0,0.733173,1.12,1.027833
volkan,CAT,137,137-108,-2.964778,0.525,0.216667,0.625,0.841667,0.65,0.0,0.083333,0.575453,0.56,0.685925
volkan,CAT,137,137-109,1.678688,0.0,0.0,0.466667,0.466667,0.0,0.2,0.0,0.807313,1.28,1.467986
volkan,CAT,137,137-110,-0.57792,0.808333,0.258333,0.741667,1.0,0.808333,0.0,0.0,0.645138,1.0,0.606711
volkan,CAT,137,137-111,1.266303,0.291667,0.0,0.575,0.575,0.291667,0.125,0.0,0.763783,1.2,1.224601
volkan,CAT,137,137-112,-0.473743,0.2,0.008333,0.625,0.633333,0.2,0.125,0.0,0.765071,0.96,1.224388
volkan,CAT,137,137-113,-0.641194,0.275,0.05,0.9,0.95,0.275,0.0,0.0,0.727409,0.96,1.002771
volkan,CAT,137,137-114,-0.389012,0.375,0.133333,0.808333,0.941667,0.375,0.0,0.0,0.705098,0.96,0.895286
volkan,CAT,137,137-115,-0.249659,0.3,0.025,0.825,0.85,0.3,0.0,0.0,0.730788,1.04,1.021638
volkan,CAT,137,137-116,1.255613,0.108333,0.0,0.641667,0.641667,0.108333,0.116667,0.0,0.778055,1.24,1.285411
volkan,CAT,137,137-117,-0.686074,0.491667,0.066667,0.916667,0.983333,0.508333,0.0,0.0,0.694447,1.0,0.839349
volkan,CAT,137,137-118,-1.848787,0.483333,0.125,0.791667,0.916667,0.55,0.0,0.016667,0.643284,0.76,0.7381
volkan,CAT,137,137-119,-0.31704,0.441667,0.05,0.925,0.975,0.441667,0.0,0.0,0.705886,1.08,0.891424
volkan,CAT,137,137-120,1.942559,0.216667,0.05,0.65,0.7,0.216667,0.208333,0.0,0.75851,1.52,1.224857
volkan,CAT,137,137-121,2.226408,0.016667,0.0,0.408333,0.408333,0.016667,0.441667,0.0,0.83297,1.36,1.712373
volkan,CAT,137,137-122,0.103639,0.041667,0.0,0.683333,0.683333,0.041667,0.083333,0.0,0.777904,1.08,1.275271
volkan,CAT,137,137-123,-1.255067,0.483333,0.183333,0.808333,0.991667,0.508333,0.0,0.0,0.675755,0.96,0.761749
volkan,CAT,137,137-124,-1.5471,0.525,0.091667,0.783333,0.875,0.566667,0.0,0.0,0.681341,0.84,0.849502
volkan,CAT,137,137-125,0.111437,0.15,0.025,0.625,0.65,0.15,0.05,0.0,0.765177,1.2,1.213735
volkan,CAT,137,137-126,0.22928,0.275,0.0,0.841667,0.841667,0.275,0.0,0.0,0.734864,1.08,1.041244
volkan,CAT,137,137-127,-0.903158,0.658333,0.3,0.641667,0.941667,0.691667,0.0,0.0,0.654998,0.96,0.671864
volkan,CAT,137,137-128,-0.146796,0.275,0.091667,0.675,0.766667,0.275,0.083333,0.0,0.736929,1.16,1.079002
volkan,CAT,137,137-129,1.006923,0.316667,0.05,0.816667,0.866667,0.316667,0.025,0.0,0.725616,1.24,0.999888
volkan,CAT,137,137-130,-0.146176,0.291667,0.016667,0.875,0.891667,0.291667,0.0,0.0,0.729602,1.08,1.010288
volkan,CAT,137,137-131,-0.314946,0.491667,0.166667,0.566667,0.733333,0.491667,0.058333,0.0,0.708453,0.96,0.939019
volkan,CAT,137,137-132,0.600451,0.091667,0.0,0.425,0.425,0.091667,0.225,0.0,0.798683,1.16,1.425415
volkan,CAT,137,137-133,-1.159657,0.458333,0.075,0.825,0.9,0.475,0.016667,0.0,0.700354,0.96,0.883719
volkan,CAT,137,137-134,0.151749,0.425,0.058333,0.9,0.958333,0.425,0.0,0.0,0.707117,1.04,0.90088
volkan,CAT,137,137-135,0.33816,0.008333,0.0,0.633333,0.633333,0.008333,0.025,0.0,0.783109,1.12,1.297458
volkan,CAT,137,137-136,0.007584,0.2,0.016667,0.908333,0.925,0.2,0.0,0.0,0.732148,1.08,1.021048
volkan,CAT,137,137-137,-0.298613,0.216667,0.0,0.808333,0.808333,0.216667,0.008333,0.0,0.746902,0.92,1.104852
volkan,CAT,137,137-138,-0.029487,0.375,0.0,0.958333,0.958333,0.375,0.0,0.0,0.715363,1.04,0.931978
volkan,CAT,137,137-139,1.095607,0.175,0.033333,0.55,0.583333,0.175,0.15,0.0,0.770548,1.24,1.261905
volkan,CAT,137,137-140,-2.407855,0.583333,0.225,0.658333,0.883333,0.641667,0.0,0.058333,0.603724,0.72,0.675138
volkan,CAT,137,137-141,0.970356,0.341667,0.008333,0.758333,0.766667,0.341667,0.091667,0.0,0.739199,1.24,1.082487
volkan,CAT,137,137-142,-0.054668,0.233333,0.0,0.916667,0.916667,0.233333,0.008333,0.0,0.735546,0.92,1.036796
volkan,CAT,137,137-143,-0.557724,0.516667,0.025,0.975,1.0,0.516667,0.0,0.0,0.695331,1.08,0.837074
volkan,CAT,137,137-144,0.202865,0.458333,0.008333,0.975,0.983333,0.458333,0.0,0.0,0.70846,1.12,0.899996
volkan,CAT,137,137-145,0.618659,0.008333,0.0,0.591667,0.591667,0.008333,0.016667,0.0,0.78781,1.16,1.324457
volkan,CAT,137,137-146,0.938405,0.608333,0.075,0.85,0.925,0.608333,0.008333,0.0,0.691693,1.2,0.831703
volkan,CAT,137,137-147,-0.393954,0.125,0.0,0.641667,0.641667,0.125,0.158333,0.0,0.781142,1.0,1.325844
volkan,CAT,137,137-148,-0.800885,0.708333,0.3,0.7,1.0,0.725,0.0,0.0,0.641337,0.92,0.597532
volkan,CAT,137,137-149,0.07057,0.508333,0.05,0.933333,0.983333,0.508333,0.0,0.0,0.694099,1.2,0.834868
volkan,CAT,137,137-150,-1.028025,0.291667,0.158333,0.75,0.908333,0.308333,0.0,0.0,0.711697,0.84,0.94063
volkan,CAT,137,137-151,1.687123,0.0,0.0,0.2,0.2,0.0,0.45,0.0,0.842847,1.32,1.72992
volkan,CAT,137,137-152,3.708529,0.008333,0.0,0.383333,0.383333,0.008333,0.475,0.0,0.848817,1.68,2.04616
volkan,CAT,137,137-153,-0.882556,0.258333,0.125,0.741667,0.866667,0.266667,0.008333,0.0,0.726274,0.96,1.00683
volkan,CAT,137,137-154,1.694662,0.0,0.0,0.233333,0.233333,0.0,0.366667,0.0,0.832352,1.32,1.637793
volkan,CAT,137,137-155,0.723206,0.191667,0.041667,0.591667,0.633333,0.191667,0.1,0.0,0.76045,1.2,1.199337
volkan,CAT,137,137-156,-0.04033,0.366667,0.0,0.983333,0.983333,0.366667,0.0,0.0,0.718073,1.12,0.944968
volkan,CAT,137,137-157,0.950618,0.183333,0.0,0.616667,0.616667,0.183333,0.091667,0.0,0.765302,1.28,1.216582
volkan,CAT,137,137-158,0.986405,0.075,0.0,0.716667,0.716667,0.075,0.041667,0.0,0.770084,1.2,1.228536
volkan,CAT,137,137-159,0.374409,0.116667,0.0,0.775,0.775,0.116667,0.008333,0.0,0.763673,1.12,1.190707
volkan,CAT,137,137-160,-0.601175,0.866667,0.508333,0.491667,1.0,0.925,0.0,0.0,0.600738,1.12,0.424576
volkan,CAT,137,137-161,0.175896,0.308333,0.0,0.858333,0.858333,0.308333,0.0,0.0,0.731037,1.16,1.018194
volkan,CAT,137,137-162,-1.11499,0.4,0.258333,0.741667,1.0,0.466667,0.0,0.0,0.669463,0.84,0.748
volkan,CAT,137,137-163,0.681243,0.333333,0.066667,0.775,0.841667,0.333333,0.0,0.0,0.727003,1.16,1.010041
volkan,CAT,137,137-164,-0.269201,0.45,0.083333,0.908333,0.991667,0.45,0.0,0.0,0.699169,1.04,0.859097
volkan,CAT,137,137-165,1.059224,0.091667,0.0,0.583333,0.583333,0.091667,0.141667,0.0,0.784016,1.2,1.320855
volkan,CAT,137,137-166,0.116911,0.341667,0.0,1.0,1.0,0.341667,0.0,0.0,0.713204,1.08,0.920209
volkan,CAT,137,137-167,-0.122426,0.125,0.0,0.825,0.825,0.125,0.0,0.0,0.755546,1.08,1.144538
volkan,CAT,137,137-168,-0.840159,0.566667,0.333333,0.658333,0.991667,0.616667,0.0,0.0,0.652359,1.04,0.665592
volkan,CAT,137,137-169,0.574944,0.475,0.191667,0.691667,0.883333,0.5,0.0,0.0,0.68851,1.2,0.831796
volkan,CAT,137,137-170,0.247893,0.5,0.066667,0.925,0.991667,0.5,0.0,0.0,0.694143,1.08,0.832357
volkan,CAT,137,137-171,-0.282704,0.191667,0.016667,0.9,0.916667,0.191667,0.0,0.0,0.739411,1.04,1.057927
volkan,CAT,137,137-172,-0.014739,0.5,0.083333,0.916667,1.0,0.5,0.0,0.0,0.692344,1.04,0.827559
volkan,CAT,137,137-173,0.97984,0.441667,0.0,0.833333,0.833333,0.441667,0.041667,0.0,0.722623,1.24,0.987972
volkan,CAT,137,137-174,-0.173795,0.133333,0.0,0.55,0.55,0.133333,0.158333,0.0,0.781233,1.12,1.318502
volkan,CAT,137,137-175,-0.935282,0.191667,0.075,0.733333,0.808333,0.2,0.016667,0.0,0.73961,0.96,1.076315
volkan,CAT,137,137-176,0.668167,0.091667,0.0,0.883333,0.883333,0.091667,0.0,0.0,0.753496,1.12,1.129131
volkan,CAT,137,137-177,0.213525,0.175,0.025,0.916667,0.941667,0.175,0.0,0.0,0.738748,1.08,1.055822
volkan,CAT,137,137-178,-1.329987,0.666667,0.158333,0.8,0.958333,0.683333,0.0,0.0,0.658996,0.8,0.690445
volkan,CAT,137,137-179,2.848663,0.125,0.0,0.483333,0.483333,0.125,0.341667,0.0,0.814572,1.52,1.671628
volkan,CAT,137,137-180,-0.531019,0.733333,0.341667,0.641667,0.983333,0.833333,0.0,0.0,0.618195,1.04,0.552647
volkan,CAT,137,137-181,-0.074551,0.025,0.0,0.416667,0.416667,0.025,0.191667,0.0,0.804344,1.04,1.443747
volkan,CAT,137,137-182,-1.524811,0.208333,0.208333,0.416667,0.625,0.358333,0.1,0.0,0.689538,0.72,1.003284
volkan,CAT,137,137-183,-0.136188,0.3,0.0,0.925,0.925,0.3,0.0,0.0,0.724282,1.04,0.97911
volkan,CAT,137,137-184,-0.68768,0.416667,0.075,0.891667,0.966667,0.416667,0.0,0.0,0.701642,0.88,0.871784
volkan,CAT,137,137-185,-0.527871,0.216667,0.125,0.475,0.6,0.216667,0.083333,0.0,0.754773,0.92,1.178927
volkan,CAT,137,137-186,-1.152544,0.316667,0.125,0.816667,0.941667,0.358333,0.0,0.0,0.705503,0.84,0.914525
volkan,CAT,137,137-187,-0.413452,0.741667,0.15,0.825,0.975,0.741667,0.0,0.0,0.666111,1.0,0.708346
volkan,CAT,137,137-188,-0.552106,0.55,0.25,0.608333,0.858333,0.566667,0.025,0.0,0.68141,0.96,0.805019
volkan,CAT,137,137-189,-0.644944,0.516667,0.125,0.866667,0.991667,0.516667,0.0,0.0,0.69171,1.04,0.827854
volkan,CAT,137,137-190,-0.623048,0.15,0.016667,0.633333,0.65,0.15,0.083333,0.0,0.764397,0.96,1.215916
volkan,CAT,137,137-191,-1.278609,0.3,0.05,0.941667,0.991667,0.325,0.0,0.0,0.702952,0.96,0.89511
volkan,CAT,137,137-192,-1.920888,0.733333,0.325,0.641667,0.966667,0.775,0.0,0.016667,0.619499,0.92,0.564948
volkan,CAT,137,137-193,-0.632742,0.658333,0.133333,0.866667,1.0,0.658333,0.0,0.0,0.670687,0.96,0.725222
volkan,CAT,137,137-194,1.825612,0.05,0.0,0.708333,0.708333,0.05,0.116667,0.0,0.781798,1.36,1.318077
volkan,CAT,137,137-195,0.521098,0.333333,0.066667,0.75,0.816667,0.333333,0.091667,0.0,0.725141,1.2,1.010229
volkan,CAT,137,137-196,-0.49011,0.433333,0.05,0.866667,0.916667,0.433333,0.0,0.0,0.707555,0.96,0.902521
volkan,CAT,137,137-197,-1.231114,0.608333,0.258333,0.716667,0.975,0.691667,0.0,0.0,0.635099,0.92,0.641344
volkan,CAT,137,137-198,-0.165171,0.175,0.0,0.5,0.5,0.175,0.091667,0.0,0.77747,1.0,1.290293
volkan,CAT,137,137-199,0.03401,0.45,0.008333,0.975,0.983333,0.45,0.0,0.0,0.7067,1.12,0.891475
volkan,CAT,369,369-0,0.231976,0.65,0.041667,0.958333,1.0,0.65,0.0,0.0,0.678073,1.12,0.751441
volkan,CAT,369,369-1,0.030686,0.7,0.125,0.85,0.975,0.7,0.0,0.0,0.668539,1.2,0.716984
volkan,CAT,369,369-2,1.22262,0.15,0.0,0.808333,0.808333,0.15,0.05,0.0,0.753522,1.24,1.141917
volkan,CAT,369,369-3,-0.670696,0.058333,0.016667,0.583333,0.6,0.058333,0.016667,0.0,0.78122,1.0,1.291769
volkan,CAT,369,369-4,0.230225,0.325,0.008333,0.85,0.858333,0.325,0.058333,0.0,0.725837,1.04,0.998857
volkan,CAT,369,369-5,0.256787,0.05,0.0,0.775,0.775,0.05,0.0,0.0,0.769205,1.12,1.216085
volkan,CAT,369,369-6,-0.722373,0.258333,0.075,0.741667,0.816667,0.258333,0.0,0.0,0.736255,0.96,1.055924
volkan,CAT,369,369-7,0.237807,0.383333,0.041667,0.833333,0.875,0.383333,0.0,0.0,0.722195,1.12,0.980438
volkan,CAT,369,369-8,0.032378,0.375,0.091667,0.791667,0.883333,0.375,0.0,0.0,0.714606,1.04,0.946176
volkan,CAT,369,369-9,1.926765,0.358333,0.016667,0.766667,0.783333,0.358333,0.133333,0.0,0.738194,1.4,1.107229
volkan,CAT,369,369-10,0.841279,0.241667,0.058333,0.6,0.658333,0.241667,0.025,0.0,0.750568,1.24,1.14191
volkan,CAT,369,369-11,-3.155046,0.233333,0.091667,0.808333,0.9,0.291667,0.0,0.066667,0.650742,0.6,0.911372
volkan,CAT,369,369-12,-0.487376,0.8,0.208333,0.791667,1.0,0.8,0.0,0.0,0.648492,1.12,0.621422
volkan,CAT,369,369-13,0.128524,0.516667,0.025,0.941667,0.966667,0.516667,0.0,0.0,0.701933,1.16,0.871155
volkan,CAT,369,369-14,-2.890421,0.625,0.308333,0.558333,0.866667,0.675,0.0,0.1,0.580444,0.64,0.65297
volkan,CAT,369,369-15,-2.602773,0.483333,0.125,0.666667,0.791667,0.541667,0.0,0.041667,0.629863,0.72,0.799366
volkan,CAT,369,369-16,0.18643,0.308333,0.041667,0.908333,0.95,0.308333,0.0,0.0,0.718568,1.16,0.952894
volkan,CAT,369,369-17,-1.667763,0.308333,0.166667,0.691667,0.858333,0.383333,0.0,0.025,0.645037,0.8,0.801205
volkan,CAT,369,369-18,1.434687,0.625,0.283333,0.516667,0.8,0.675,0.1,0.0,0.672215,1.36,0.795953
volkan,CAT,369,369-19,-0.661515,0.275,0.05,0.658333,0.708333,0.275,0.125,0.0,0.751243,0.92,1.155783
volkan,CAT,369,369-20,-0.158063,0.675,0.016667,0.983333,1.0,0.675,0.0,0.0,0.68006,1.12,0.760068
volkan,CAT,369,369-21,1.071875,0.283333,0.0,0.7,0.7,0.283333,0.133333,0.0,0.753388,1.28,1.16234
volkan,CAT,369,369-22,-0.335319,0.391667,0.05,0.941667,0.991667,0.391667,0.0,0.0,0.703852,1.12,0.879645
volkan,CAT,369,369-23,1.114239,0.133333,0.0,0.608333,0.608333,0.133333,0.075,0.0,0.776757,1.28,1.276203
volkan,CAT,369,369-24,-0.500427,0.308333,0.05,0.616667,0.666667,0.308333,0.091667,0.0,0.74479,1.0,1.119705
volkan,CAT,369,369-25,-0.467771,0.541667,0.05,0.783333,0.833333,0.541667,0.016667,0.0,0.709438,0.96,0.92486
volkan,CAT,369,369-26,1.125826,0.041667,0.0,0.641667,0.641667,0.041667,0.241667,0.0,0.79013,1.28,1.374457
volkan,CAT,369,369-27,-0.43343,0.425,0.191667,0.658333,0.85,0.425,0.0,0.0,0.706709,1.04,0.915868
volkan,CAT,369,369-28,-1.038158,0.558333,0.466667,0.533333,1.0,0.741667,0.0,0.0,0.60857,1.04,0.519788
volkan,CAT,369,369-29,0.22191,0.75,0.308333,0.641667,0.95,0.75,0.0,0.0,0.647853,1.12,0.630875
volkan,CAT,369,369-30,0.488949,0.325,0.008333,0.8,0.808333,0.325,0.0,0.0,0.73851,1.12,1.06258
volkan,CAT,369,369-31,-0.099903,0.05,0.0,0.95,0.95,0.05,0.0,0.0,0.750206,1.0,1.106395
volkan,CAT,369,369-32,-0.424318,0.166667,0.008333,0.791667,0.8,0.166667,0.041667,0.0,0.754916,1.0,1.150313
volkan,CAT,369,369-33,-1.962954,0.708333,0.316667,0.6,0.916667,0.816667,0.0,0.016667,0.591342,0.96,0.541678
volkan,CAT,369,369-34,-0.578553,0.558333,0.066667,0.933333,1.0,0.558333,0.0,0.0,0.684162,1.12,0.783745
volkan,CAT,369,369-35,-0.138219,0.558333,0.275,0.716667,0.991667,0.625,0.0,0.0,0.654408,1.12,0.674869
volkan,CAT,369,369-36,-0.55189,0.283333,0.075,0.6,0.675,0.283333,0.008333,0.0,0.747666,1.0,1.126741
volkan,CAT,369,369-37,0.626275,0.441667,0.041667,0.866667,0.908333,0.441667,0.0,0.0,0.708176,1.16,0.909572
volkan,CAT,369,369-38,-0.013418,0.408333,0.008333,0.991667,1.0,0.408333,0.0,0.0,0.707409,1.04,0.891713
volkan,CAT,369,369-39,0.367813,0.475,0.208333,0.766667,0.975,0.508333,0.0,0.0,0.680835,1.16,0.79227
volkan,CAT,369,369-40,0.511879,0.0,0.0,0.266667,0.266667,0.0,0.175,0.0,0.819129,1.08,1.52751
volkan,CAT,369,369-41,-0.60238,0.508333,0.041667,0.891667,0.933333,0.508333,0.0,0.0,0.703922,1.04,0.885584
volkan,CAT,369,369-42,-0.545278,0.408333,0.1,0.9,1.0,0.408333,0.0,0.0,0.699634,0.96,0.86252
volkan,CAT,369,369-43,-1.148539,0.425,0.175,0.75,0.925,0.491667,0.0,0.0,0.678567,0.92,0.810279
volkan,CAT,369,369-44,-0.64239,0.383333,0.05,0.941667,0.991667,0.383333,0.0,0.0,0.708578,1.0,0.901908
volkan,CAT,369,369-45,-0.123988,0.225,0.008333,0.816667,0.825,0.225,0.025,0.0,0.747245,1.0,1.10831
volkan,CAT,369,369-46,0.446608,0.15,0.008333,0.566667,0.575,0.15,0.033333,0.0,0.774953,1.12,1.26724
volkan,CAT,369,369-47,-0.857714,0.283333,0.133333,0.591667,0.725,0.3,0.033333,0.0,0.730018,0.88,1.043431
volkan,CAT,369,369-48,0.029596,0.2,0.0,0.616667,0.616667,0.2,0.041667,0.0,0.760943,1.0,1.190394
volkan,CAT,369,369-49,-1.521616,0.566667,0.375,0.608333,0.983333,0.716667,0.0,0.0,0.617569,0.84,0.566955
volkan,CAT,369,369-50,-1.174665,0.175,0.125,0.75,0.875,0.241667,0.016667,0.0,0.716188,0.96,0.991949
volkan,CAT,369,369-51,0.216574,0.475,0.241667,0.75,0.991667,0.533333,0.0,0.0,0.666753,1.16,0.727087
volkan,CAT,369,369-52,1.454491,0.575,0.1,0.691667,0.791667,0.575,0.166667,0.0,0.708479,1.28,0.955622
volkan,CAT,369,369-53,0.726874,0.016667,0.0,0.5,0.5,0.016667,0.166667,0.0,0.799796,1.16,1.411005
volkan,CAT,369,369-54,-0.642818,0.658333,0.216667,0.741667,0.958333,0.666667,0.0,0.0,0.664539,1.0,0.705072
volkan,CAT,369,369-55,0.861417,0.225,0.041667,0.7,0.741667,0.225,0.025,0.0,0.747368,1.12,1.118715
volkan,CAT,369,369-56,0.15782,0.291667,0.025,0.8,0.825,0.291667,0.058333,0.0,0.738753,0.96,1.073785
volkan,CAT,369,369-57,-0.616591,0.266667,0.025,0.95,0.975,0.266667,0.0,0.0,0.722979,0.96,0.973207
volkan,CAT,369,369-58,-1.032616,0.183333,0.05,0.591667,0.641667,0.2,0.175,0.0,0.758879,0.96,1.204859
volkan,CAT,369,369-59,0.092656,0.3,0.041667,0.908333,0.95,0.3,0.0,0.0,0.720697,1.08,0.96962
volkan,CAT,369,369-60,-0.398194,0.516667,0.091667,0.866667,0.958333,0.516667,0.0,0.0,0.692485,1.08,0.829771
volkan,CAT,369,369-61,-1.820899,0.441667,0.366667,0.583333,0.95,0.708333,0.0,0.008333,0.596853,0.84,0.56912
volkan,CAT,369,369-62,0.172438,0.008333,0.0,0.675,0.675,0.008333,0.008333,0.0,0.783538,1.04,1.296402
volkan,CAT,369,369-63,-1.604932,0.275,0.108333,0.825,0.933333,0.325,0.0,0.0,0.684018,0.8,0.894059
volkan,CAT,369,369-64,-0.547018,0.616667,0.125,0.858333,0.983333,0.616667,0.0,0.0,0.678627,1.04,0.76328
volkan,CAT,369,369-65,0.849584,0.375,0.008333,0.925,0.933333,0.375,0.0,0.0,0.717144,1.24,0.946549
volkan,CAT,369,369-66,-0.917635,0.366667,0.066667,0.858333,0.925,0.375,0.0,0.0,0.715244,0.88,0.946335
volkan,CAT,369,369-67,1.020256,0.033333,0.0,0.575,0.575,0.033333,0.116667,0.0,0.784934,1.24,1.320887
volkan,CAT,369,369-68,0.653268,0.0,0.0,0.233333,0.233333,0.0,0.35,0.0,0.828539,1.16,1.606066
volkan,CAT,369,369-69,-1.243689,0.633333,0.141667,0.858333,1.0,0.683333,0.0,0.0,0.658223,0.96,0.692581
volkan,CAT,369,369-70,1.151157,0.175,0.0,0.808333,0.808333,0.175,0.108333,0.0,0.749141,1.28,1.131121
volkan,CAT,369,369-71,-0.469619,0.241667,0.008333,0.625,0.633333,0.241667,0.05,0.0,0.75743,0.96,1.176512
volkan,CAT,369,369-72,-0.662576,0.091667,0.016667,0.616667,0.633333,0.091667,0.05,0.0,0.772214,0.92,1.247888
volkan,CAT,369,369-73,0.43348,0.141667,0.0,0.833333,0.833333,0.141667,0.008333,0.0,0.753203,1.12,1.132778
volkan,CAT,369,369-74,1.53104,0.108333,0.0,0.475,0.475,0.108333,0.216667,0.0,0.797759,1.28,1.437338
volkan,CAT,369,369-75,0.597911,0.65,0.183333,0.8,0.983333,0.658333,0.0,0.0,0.67406,1.28,0.746956
volkan,CAT,369,369-76,0.068143,0.458333,0.075,0.925,1.0,0.458333,0.0,0.0,0.698795,1.08,0.856274
volkan,CAT,369,369-77,0.518152,0.05,0.0,0.833333,0.833333,0.05,0.016667,0.0,0.765595,1.16,1.195783
volkan,CAT,369,369-78,0.768912,0.291667,0.008333,0.816667,0.825,0.291667,0.0,0.0,0.735122,1.2,1.04571
volkan,CAT,369,369-79,2.208458,0.216667,0.083333,0.425,0.508333,0.216667,0.358333,0.0,0.783775,1.44,1.425756
volkan,CAT,369,369-80,0.609541,0.15,0.0,0.808333,0.808333,0.15,0.008333,0.0,0.757965,1.12,1.159339
volkan,CAT,369,369-81,0.102991,0.041667,0.0,0.8,0.8,0.041667,0.0,0.0,0.761588,1.12,1.174955
volkan,CAT,369,369-82,1.185387,0.0,0.0,0.333333,0.333333,0.0,0.15,0.0,0.814878,1.24,1.499018
volkan,CAT,369,369-83,-0.666769,0.5,0.166667,0.65,0.816667,0.5,0.033333,0.0,0.698809,1.12,0.884028
volkan,CAT,369,369-84,1.195109,0.625,0.175,0.591667,0.766667,0.625,0.133333,0.0,0.695778,1.32,0.893407
volkan,CAT,369,369-85,2.089352,0.216667,0.008333,0.708333,0.716667,0.216667,0.208333,0.0,0.770087,1.48,1.30015
volkan,CAT,369,369-86,-0.859006,0.166667,0.091667,0.791667,0.883333,0.2,0.0,0.0,0.727967,0.92,1.015739
volkan,CAT,369,369-87,0.806216,0.45,0.091667,0.808333,0.9,0.45,0.05,0.0,0.705554,1.32,0.905348
volkan,CAT,369,369-88,0.84898,0.425,0.15,0.775,0.925,0.425,0.0,0.0,0.701164,1.28,0.883111
volkan,CAT,369,369-89,-1.191223,0.433333,0.15,0.758333,0.908333,0.5,0.008333,0.0,0.686065,0.84,0.829765
volkan,CAT,369,369-90,-2.083709,0.55,0.141667,0.733333,0.875,0.583333,0.0,0.025,0.659501,0.8,0.791658
volkan,CAT,369,369-91,2.871627,0.008333,0.0,0.475,0.475,0.008333,0.383333,0.0,0.832004,1.52,1.783424
volkan,CAT,369,369-92,-2.061716,0.175,0.075,0.583333,0.658333,0.2,0.075,0.016667,0.722327,0.8,1.119818
volkan,CAT,369,369-93,1.454118,0.166667,0.016667,0.7,0.716667,0.166667,0.166667,0.0,0.770179,1.4,1.265083
volkan,CAT,369,369-94,1.793163,0.166667,0.0,0.633333,0.633333,0.166667,0.241667,0.0,0.782042,1.36,1.363627
volkan,CAT,369,369-95,-1.086711,0.333333,0.141667,0.75,0.891667,0.366667,0.0,0.0,0.707018,1.04,0.926215
volkan,CAT,369,369-96,-0.429271,0.591667,0.225,0.75,0.975,0.675,0.0,0.0,0.655172,1.08,0.681356
volkan,CAT,369,369-97,-1.847038,0.641667,0.3,0.65,0.95,0.708333,0.0,0.008333,0.622563,0.8,0.608032
volkan,CAT,369,369-98,-0.573374,0.158333,0.058333,0.708333,0.766667,0.158333,0.0,0.0,0.754778,0.96,1.150757
volkan,CAT,369,369-99,-2.606954,0.066667,0.075,0.625,0.7,0.091667,0.008333,0.066667,0.711326,0.68,1.154936
volkan,CAT,369,369-100,2.447595,0.45,0.108333,0.633333,0.741667,0.45,0.191667,0.0,0.732071,1.52,1.140559
volkan,CAT,369,369-101,-0.774114,0.366667,0.025,0.841667,0.866667,0.366667,0.0,0.0,0.723765,0.88,0.984684
volkan,CAT,369,369-102,-0.419893,0.333333,0.008333,0.883333,0.891667,0.333333,0.0,0.0,0.726358,1.08,0.994404
volkan,CAT,369,369-103,-2.045843,0.791667,0.341667,0.616667,0.958333,0.85,0.0,0.016667,0.607604,0.84,0.530831
volkan,CAT,369,369-104,0.862104,0.25,0.016667,0.925,0.941667,0.25,0.0,0.0,0.728981,1.24,1.004568
volkan,CAT,369,369-105,0.328284,0.341667,0.166667,0.575,0.741667,0.341667,0.025,0.0,0.726449,1.24,1.025415
volkan,CAT,369,369-106,1.034031,0.0,0.0,0.541667,0.541667,0.0,0.075,0.0,0.795404,1.16,1.373662
volkan,CAT,369,369-107,0.175197,0.091667,0.0,0.733333,0.733333,0.091667,0.083333,0.0,0.763897,1.08,1.199494
volkan,CAT,369,369-108,-0.222364,0.125,0.0,0.9,0.9,0.125,0.016667,0.0,0.748061,1.08,1.105268
volkan,CAT,369,369-109,-0.133694,0.375,0.016667,0.825,0.841667,0.375,0.008333,0.0,0.72449,1.08,0.994604
volkan,CAT,369,369-110,1.801781,0.0,0.0,0.325,0.325,0.0,0.391667,0.0,0.826746,1.32,1.610579
volkan,CAT,369,369-111,0.499768,0.025,0.0,0.691667,0.691667,0.025,0.05,0.0,0.776462,1.16,1.261899
volkan,CAT,369,369-112,-1.014326,0.716667,0.133333,0.866667,1.0,0.741667,0.0,0.0,0.65797,0.92,0.669824
volkan,CAT,369,369-113,0.3677,0.341667,0.016667,0.725,0.741667,0.341667,0.066667,0.0,0.743719,1.12,1.101664
volkan,CAT,369,369-114,0.269233,0.425,0.041667,0.866667,0.908333,0.425,0.008333,0.0,0.712347,1.16,0.927364
volkan,CAT,369,369-115,-0.678598,0.583333,0.041667,0.958333,1.0,0.583333,0.0,0.0,0.689105,1.0,0.802867
volkan,CAT,369,369-116,-0.072946,0.691667,0.066667,0.933333,1.0,0.691667,0.0,0.0,0.674161,1.04,0.734685
volkan,CAT,369,369-117,-0.994879,0.375,0.125,0.475,0.6,0.4,0.225,0.0,0.742529,0.96,1.156131
volkan,CAT,369,369-118,0.93942,0.3,0.008333,0.8,0.808333,0.3,0.016667,0.0,0.736379,1.24,1.051551
volkan,CAT,369,369-119,0.77847,0.4,0.0,0.908333,0.908333,0.4,0.0,0.0,0.719666,1.12,0.959935
volkan,CAT,369,369-120,-1.518781,0.8,0.308333,0.633333,0.941667,0.891667,0.0,0.0,0.598266,0.96,0.496462
volkan,CAT,369,369-121,-1.423723,0.491667,0.183333,0.691667,0.875,0.516667,0.0,0.0,0.661427,0.8,0.759039
volkan,CAT,369,369-122,0.978785,0.433333,0.058333,0.758333,0.816667,0.433333,0.058333,0.0,0.71754,1.24,0.967416
volkan,CAT,369,369-123,1.339497,0.008333,0.0,0.6,0.6,0.008333,0.066667,0.0,0.78751,1.32,1.330295
volkan,CAT,369,369-124,-2.13659,0.283333,0.266667,0.541667,0.808333,0.333333,0.0,0.058333,0.662101,0.72,0.895364
volkan,CAT,369,369-125,1.078108,0.483333,0.125,0.766667,0.891667,0.483333,0.025,0.0,0.702346,1.28,0.893406
volkan,CAT,369,369-126,0.699484,0.408333,0.025,0.8,0.825,0.408333,0.025,0.0,0.726917,1.2,1.006616
volkan,CAT,369,369-127,1.275301,0.058333,0.0,0.516667,0.516667,0.058333,0.133333,0.0,0.792905,1.2,1.372266
volkan,CAT,369,369-128,0.425079,0.175,0.0,0.858333,0.858333,0.175,0.016667,0.0,0.749749,1.2,1.113543
volkan,CAT,369,369-129,1.955968,0.216667,0.0,0.766667,0.766667,0.216667,0.133333,0.0,0.760055,1.28,1.214433
volkan,CAT,369,369-130,0.703888,0.133333,0.0,0.608333,0.608333,0.133333,0.033333,0.0,0.773065,1.08,1.251519
volkan,CAT,369,369-131,0.513951,0.583333,0.058333,0.941667,1.0,0.583333,0.0,0.0,0.688526,1.2,0.808082
volkan,CAT,369,369-132,0.491925,0.2,0.0,0.958333,0.958333,0.2,0.0,0.0,0.733103,1.2,1.020056
volkan,CAT,369,369-133,-1.561684,0.466667,0.066667,0.825,0.891667,0.491667,0.0,0.0,0.687375,0.84,0.860219
volkan,CAT,369,369-134,0.245354,0.708333,0.308333,0.658333,0.966667,0.75,0.0,0.0,0.640621,1.16,0.603598
volkan,CAT,369,369-135,2.197761,0.016667,0.0,0.466667,0.466667,0.016667,0.191667,0.0,0.812742,1.36,1.534225
volkan,CAT,369,369-136,1.47046,0.266667,0.008333,0.7,0.708333,0.266667,0.158333,0.0,0.754617,1.4,1.177424
volkan,CAT,369,369-137,-0.726608,0.55,0.083333,0.908333,0.991667,0.566667,0.0,0.0,0.68404,1.04,0.789167
volkan,CAT,369,369-138,1.069092,0.3,0.008333,0.825,0.833333,0.3,0.025,0.0,0.735196,1.32,1.046889
volkan,CAT,369,369-139,0.504925,0.458333,0.141667,0.658333,0.8,0.458333,0.016667,0.0,0.703583,1.16,0.905223
volkan,CAT,369,369-140,-1.515391,0.283333,0.125,0.716667,0.841667,0.3,0.025,0.0,0.698275,0.84,0.950152
volkan,CAT,369,369-141,-0.557669,0.641667,0.291667,0.666667,0.958333,0.658333,0.0,0.0,0.658224,1.0,0.682141
volkan,CAT,369,369-142,-1.805564,0.558333,0.208333,0.758333,0.966667,0.641667,0.0,0.008333,0.645313,0.76,0.698996
volkan,CAT,369,369-143,1.00057,0.191667,0.016667,0.666667,0.683333,0.191667,0.158333,0.0,0.759559,1.28,1.195035
volkan,CAT,369,369-144,-0.293508,0.725,0.075,0.925,1.0,0.725,0.0,0.0,0.670159,1.04,0.71779
volkan,CAT,369,369-145,-1.197497,0.233333,0.083333,0.591667,0.675,0.275,0.108333,0.0,0.73716,0.88,1.118654
volkan,CAT,369,369-146,0.355825,0.408333,0.008333,0.95,0.958333,0.408333,0.0,0.0,0.712711,1.16,0.922957
volkan,CAT,369,369-147,0.060891,0.091667,0.0,0.708333,0.708333,0.091667,0.016667,0.0,0.764035,1.04,1.195689
volkan,CAT,369,369-148,-0.734187,0.216667,0.016667,0.733333,0.75,0.216667,0.116667,0.0,0.749858,1.0,1.143777
volkan,CAT,369,369-149,1.042388,0.008333,0.0,0.541667,0.541667,0.008333,0.066667,0.0,0.796529,1.28,1.377686
volkan,CAT,369,369-150,0.567493,0.041667,0.0,0.491667,0.491667,0.041667,0.125,0.0,0.798105,1.16,1.39679
volkan,CAT,369,369-151,-0.326013,0.3,0.008333,0.908333,0.916667,0.3,0.0,0.0,0.729778,0.92,1.012452
volkan,CAT,369,369-152,0.159952,0.425,0.0,0.975,0.975,0.425,0.0,0.0,0.709602,1.2,0.90475
volkan,CAT,369,369-153,1.172015,0.075,0.0,0.683333,0.683333,0.075,0.083333,0.0,0.771582,1.28,1.245147
volkan,CAT,369,369-154,-2.277682,0.208333,0.183333,0.558333,0.741667,0.316667,0.025,0.066667,0.657102,0.84,0.933603
volkan,CAT,369,369-155,1.339122,0.125,0.0,0.516667,0.516667,0.125,0.275,0.0,0.793353,1.24,1.39492
volkan,CAT,369,369-156,-0.957434,0.383333,0.066667,0.55,0.616667,0.391667,0.266667,0.0,0.74688,0.8,1.169367
volkan,CAT,369,369-157,-0.400505,0.3,0.033333,0.566667,0.6,0.3,0.108333,0.0,0.757412,1.04,1.189293
volkan,CAT,369,369-158,0.853967,0.0,0.0,0.475,0.475,0.0,0.108333,0.0,0.801586,1.16,1.414598
volkan,CAT,369,369-159,-0.344609,0.183333,0.008333,0.733333,0.741667,0.183333,0.066667,0.0,0.75737,1.04,1.169355
volkan,CAT,369,369-160,1.494031,0.208333,0.008333,0.708333,0.716667,0.208333,0.125,0.0,0.760579,1.32,1.200996
volkan,CAT,369,369-161,-0.807596,0.358333,0.108333,0.808333,0.916667,0.366667,0.0,0.0,0.708567,0.92,0.915207
volkan,CAT,369,369-162,-0.239289,0.116667,0.0,0.858333,0.858333,0.116667,0.008333,0.0,0.747872,1.04,1.101342
volkan,CAT,369,369-163,-2.746209,0.216667,0.2,0.483333,0.683333,0.333333,0.083333,0.058333,0.649955,0.64,0.962914
volkan,CAT,369,369-164,1.19522,0.158333,0.0,0.708333,0.708333,0.158333,0.091667,0.0,0.75759,1.24,1.175185
volkan,CAT,369,369-165,-1.211251,0.458333,0.083333,0.841667,0.925,0.508333,0.0,0.0,0.677788,0.88,0.832271
volkan,CAT,369,369-166,1.643909,0.091667,0.0,0.566667,0.566667,0.091667,0.158333,0.0,0.786491,1.36,1.348707
volkan,CAT,369,369-167,0.721479,0.058333,0.0,0.608333,0.608333,0.058333,0.05,0.0,0.778721,1.2,1.279944
volkan,CAT,369,369-168,1.403925,0.341667,0.175,0.516667,0.691667,0.391667,0.191667,0.0,0.729615,1.28,1.110934
volkan,CAT,369,369-169,-0.526088,0.316667,0.175,0.608333,0.783333,0.325,0.066667,0.0,0.719879,0.88,0.994523
volkan,CAT,369,369-170,0.524277,0.0,0.0,0.433333,0.433333,0.0,0.083333,0.0,0.804663,1.08,1.433742
volkan,CAT,369,369-171,-0.449724,0.208333,0.058333,0.758333,0.816667,0.208333,0.008333,0.0,0.744209,0.92,1.096741
volkan,CAT,369,369-172,-0.098782,0.216667,0.0,0.733333,0.733333,0.216667,0.091667,0.0,0.755621,1.04,1.161683
volkan,CAT,369,369-173,0.053851,0.033333,0.0,0.566667,0.566667,0.033333,0.133333,0.0,0.790789,1.04,1.357649
volkan,CAT,369,369-174,0.199838,0.483333,0.225,0.7,0.925,0.491667,0.0,0.0,0.685019,1.08,0.80835
volkan,CAT,369,369-175,-0.54819,0.783333,0.133333,0.866667,1.0,0.783333,0.0,0.0,0.655651,1.0,0.651607
volkan,CAT,369,369-176,0.356066,0.383333,0.2,0.633333,0.833333,0.425,0.016667,0.0,0.696164,1.2,0.880917
volkan,CAT,369,369-177,1.05976,0.441667,0.133333,0.65,0.783333,0.458333,0.125,0.0,0.713127,1.16,0.971822
volkan,CAT,369,369-178,-0.585372,0.375,0.166667,0.8,0.966667,0.408333,0.0,0.0,0.694776,1.16,0.854964
volkan,CAT,369,369-179,-1.391402,0.516667,0.191667,0.725,0.916667,0.591667,0.0,0.0,0.66532,0.92,0.755982
volkan,CAT,369,369-180,0.254504,0.1,0.0,0.85,0.85,0.1,0.0,0.0,0.755258,1.2,1.140136
volkan,CAT,369,369-181,0.227448,0.258333,0.05,0.908333,0.958333,0.258333,0.0,0.0,0.725666,1.08,0.991746
volkan,CAT,369,369-182,0.533,0.091667,0.0,0.641667,0.641667,0.091667,0.091667,0.0,0.772168,1.2,1.249632
volkan,CAT,369,369-183,0.016653,0.308333,0.016667,0.591667,0.608333,0.308333,0.25,0.0,0.761054,1.0,1.227284
volkan,CAT,369,369-184,-0.127383,0.333333,0.066667,0.808333,0.875,0.333333,0.008333,0.0,0.722851,1.08,0.985749
volkan,CAT,369,369-185,-1.489992,0.408333,0.191667,0.675,0.866667,0.5,0.025,0.0,0.674821,0.76,0.827101
volkan,CAT,369,369-186,-0.581476,0.5,0.075,0.916667,0.991667,0.5,0.0,0.0,0.695458,1.0,0.839322
volkan,CAT,369,369-187,-0.244752,0.125,0.0,0.708333,0.708333,0.125,0.125,0.0,0.766755,0.96,1.223713
volkan,CAT,369,369-188,-0.858205,0.6,0.2,0.8,1.0,0.608333,0.0,0.0,0.668572,1.0,0.716608
volkan,CAT,369,369-189,0.12465,0.35,0.058333,0.941667,1.0,0.35,0.0,0.0,0.704736,1.08,0.880281
volkan,CAT,369,369-190,0.378446,0.408333,0.075,0.825,0.9,0.408333,0.0,0.0,0.706303,1.16,0.900077
volkan,CAT,369,369-191,0.139139,0.25,0.0,0.816667,0.816667,0.25,0.008333,0.0,0.742496,1.12,1.078937
volkan,CAT,369,369-192,-0.411408,0.308333,0.008333,0.8,0.808333,0.308333,0.0,0.0,0.741215,0.96,1.078724
volkan,CAT,369,369-193,0.001881,0.15,0.0,0.816667,0.816667,0.15,0.075,0.0,0.755222,1.08,1.149679
volkan,CAT,369,369-194,0.438737,0.225,0.0,0.858333,0.858333,0.225,0.0,0.0,0.741863,1.12,1.073035
volkan,CAT,369,369-195,-2.863164,0.433333,0.233333,0.541667,0.775,0.508333,0.041667,0.058333,0.640499,0.68,0.851658
volkan,CAT,369,369-196,-0.392589,0.391667,0.016667,0.875,0.891667,0.391667,0.0,0.0,0.719637,1.08,0.965376
volkan,CAT,369,369-197,-1.7188,0.383333,0.216667,0.583333,0.8,0.45,0.0,0.016667,0.661297,0.84,0.836732
volkan,CAT,369,369-198,0.501067,0.458333,0.033333,0.666667,0.7,0.458333,0.15,0.0,0.733931,1.2,1.076865
volkan,CAT,369,369-199,-2.175564,0.291667,0.191667,0.483333,0.675,0.375,0.1,0.091667,0.649238,0.68,0.961373
volkan,CAT,1024,1024-0,-0.453679,0.575,0.1,0.866667,0.966667,0.575,0.0,0.0,0.689077,1.04,0.813286
volkan,CAT,1024,1024-1,-0.139218,0.291667,0.033333,0.641667,0.675,0.291667,0.108333,0.0,0.755107,0.96,1.179747
volkan,CAT,1024,1024-2,2.417348,0.175,0.0,0.525,0.525,0.175,0.25,0.0,0.792684,1.48,1.467812
volkan,CAT,1024,1024-3,0.083214,0.591667,0.083333,0.9,0.983333,0.608333,0.0,0.0,0.684613,1.28,0.793995
volkan,CAT,1024,1024-4,1.48629,0.016667,0.0,0.375,0.375,0.016667,0.2,0.0,0.812938,1.32,1.498755
volkan,CAT,1024,1024-5,0.45974,0.025,0.0,0.558333,0.558333,0.025,0.108333,0.0,0.791106,1.0,1.354038
volkan,CAT,1024,1024-6,-0.213213,0.125,0.0,0.858333,0.858333,0.125,0.0,0.0,0.747627,0.96,1.099252
volkan,CAT,1024,1024-7,-0.65551,0.291667,0.025,0.925,0.95,0.291667,0.0,0.0,0.722877,1.04,0.973288
volkan,CAT,1024,1024-8,-0.363281,0.366667,0.0,1.0,1.0,0.366667,0.0,0.0,0.712118,1.08,0.91235
volkan,CAT,1024,1024-9,0.450501,0.141667,0.0,0.841667,0.841667,0.141667,0.0,0.0,0.751353,1.08,1.121632
volkan,CAT,1024,1024-10,-1.466925,0.308333,0.075,0.558333,0.633333,0.333333,0.066667,0.0,0.733487,0.8,1.100508
volkan,CAT,1024,1024-11,-0.372172,0.6,0.1,0.9,1.0,0.6,0.0,0.0,0.680133,1.12,0.769126
volkan,CAT,1024,1024-12,1.562737,0.041667,0.0,0.766667,0.766667,0.041667,0.083333,0.0,0.775967,1.32,1.269702
volkan,CAT,1024,1024-13,0.762199,0.041667,0.0,0.575,0.575,0.041667,0.05,0.0,0.787576,1.2,1.329331
volkan,CAT,1024,1024-14,0.246562,0.275,0.0,0.908333,0.908333,0.275,0.0,0.0,0.734577,1.16,1.032527
volkan,CAT,1024,1024-15,-0.340309,0.316667,0.033333,0.766667,0.8,0.316667,0.016667,0.0,0.734808,1.12,1.047989
volkan,CAT,1024,1024-16,-0.891364,0.5,0.175,0.825,1.0,0.516667,0.0,0.0,0.679643,1.0,0.771736
volkan,CAT,1024,1024-17,2.037654,0.208333,0.0,0.691667,0.691667,0.208333,0.233333,0.0,0.770632,1.48,1.296118
volkan,CAT,1024,1024-18,0.591213,0.15,0.0,0.75,0.75,0.15,0.0,0.0,0.758759,1.24,1.164845
volkan,CAT,1024,1024-19,-1.030628,0.258333,0.066667,0.791667,0.858333,0.291667,0.0,0.0,0.727102,0.88,1.020392
volkan,CAT,1024,1024-20,-0.837841,0.741667,0.208333,0.791667,1.0,0.741667,0.0,0.0,0.657087,1.0,0.660957
volkan,CAT,1024,1024-21,-0.519407,0.675,0.125,0.866667,0.991667,0.675,0.0,0.0,0.669585,1.04,0.719391
volkan,CAT,1024,1024-22,-0.45672,0.591667,0.075,0.9,0.975,0.591667,0.0,0.0,0.68538,1.0,0.792911
volkan,CAT,1024,1024-23,0.597314,0.475,0.008333,0.766667,0.775,0.475,0.025,0.0,0.721322,1.28,0.982445
volkan,CAT,1024,1024-24,1.160834,0.35,0.041667,0.758333,0.8,0.35,0.033333,0.0,0.728527,1.24,1.021632
volkan,CAT,1024,1024-25,-0.094463,0.375,0.041667,0.841667,0.883333,0.375,0.008333,0.0,0.719035,1.12,0.964501
volkan,CAT,1024,1024-26,1.098646,0.358333,0.008333,0.766667,0.775,0.358333,0.125,0.0,0.737583,1.24,1.080777
volkan,CAT,1024,1024-27,-1.234635,0.466667,0.308333,0.683333,0.991667,0.583333,0.0,0.0,0.650778,0.92,0.690042
volkan,CAT,1024,1024-28,0.524817,0.475,0.1,0.816667,0.916667,0.475,0.0,0.0,0.701604,1.24,0.881782
volkan,CAT,1024,1024-29,0.662467,0.525,0.05,0.85,0.9,0.525,0.0,0.0,0.701659,1.28,0.878598
volkan,CAT,1024,1024-30,1.173854,0.616667,0.033333,0.883333,0.916667,0.616667,0.041667,0.0,0.694023,1.32,0.841818
volkan,CAT,1024,1024-31,1.003531,0.233333,0.008333,0.558333,0.566667,0.233333,0.116667,0.0,0.767524,1.28,1.241328
volkan,CAT,1024,1024-32,0.949154,0.633333,0.141667,0.791667,0.933333,0.633333,0.008333,0.0,0.678772,1.36,0.770952
volkan,CAT,1024,1024-33,-1.982724,0.316667,0.066667,0.716667,0.783333,0.35,0.0,0.033333,0.688172,0.8,0.964159
volkan,CAT,1024,1024-34,-0.512017,0.541667,0.158333,0.841667,1.0,0.541667,0.0,0.0,0.68053,1.12,0.770114
volkan,CAT,1024,1024-35,-1.617087,0.291667,0.091667,0.8,0.891667,0.358333,0.0,0.0,0.696425,0.8,0.919005
volkan,CAT,1024,1024-36,-0.252073,0.85,0.033333,0.966667,1.0,0.85,0.0,0.0,0.668969,1.08,0.707225
volkan,CAT,1024,1024-37,-1.935859,0.141667,0.116667,0.716667,0.833333,0.241667,0.0,0.016667,0.695507,0.72,1.006316
volkan,CAT,1024,1024-38,0.876777,0.258333,0.008333,0.866667,0.875,0.258333,0.008333,0.0,0.733967,1.28,1.034408
volkan,CAT,1024,1024-39,-0.385024,0.433333,0.041667,0.925,0.966667,0.433333,0.0,0.0,0.704057,1.0,0.884107
volkan,CAT,1024,1024-40,0.952162,0.116667,0.0,0.916667,0.916667,0.116667,0.008333,0.0,0.751965,1.2,1.122793
volkan,CAT,1024,1024-41,-0.694434,0.425,0.2,0.641667,0.841667,0.441667,0.0,0.0,0.699487,0.96,0.887935
volkan,CAT,1024,1024-42,-0.121534,0.25,0.0,0.816667,0.816667,0.25,0.116667,0.0,0.754171,1.08,1.16493
volkan,CAT,1024,1024-43,0.806678,0.1,0.0,0.908333,0.908333,0.1,0.0,0.0,0.752926,1.16,1.124643
volkan,CAT,1024,1024-44,-0.9207,0.391667,0.041667,0.758333,0.8,0.4,0.1,0.0,0.726769,0.96,1.023488
volkan,CAT,1024,1024-45,-1.944503,0.2,0.141667,0.725,0.866667,0.258333,0.0,0.033333,0.677891,0.8,0.925216
volkan,CAT,1024,1024-46,2.42525,0.108333,0.0,0.575,0.575,0.108333,0.183333,0.0,0.793422,1.4,1.447548
volkan,CAT,1024,1024-47,-1.629288,0.541667,0.116667,0.766667,0.883333,0.583333,0.008333,0.0,0.675357,0.84,0.810609
volkan,CAT,1024,1024-48,0.371418,0.025,0.0,0.75,0.75,0.025,0.025,0.0,0.776595,1.08,1.259216
volkan,CAT,1024,1024-49,0.901256,0.166667,0.066667,0.741667,0.808333,0.175,0.066667,0.0,0.742924,1.08,1.098078
volkan,CAT,1024,1024-50,0.545248,0.375,0.0,0.883333,0.883333,0.375,0.008333,0.0,0.721365,1.16,0.969379
volkan,CAT,1024,1024-51,-1.769431,0.258333,0.216667,0.558333,0.775,0.391667,0.0,0.008333,0.68286,0.8,0.904875
volkan,CAT,1024,1024-52,0.660271,0.216667,0.033333,0.758333,0.791667,0.216667,0.0,0.0,0.743584,1.12,1.088736
volkan,CAT,1024,1024-53,0.355437,0.075,0.0,0.841667,0.841667,0.075,0.008333,0.0,0.758817,1.12,1.160901
volkan,CAT,1024,1024-54,0.715129,0.091667,0.0,0.616667,0.616667,0.091667,0.033333,0.0,0.775546,1.2,1.26276
volkan,CAT,1024,1024-55,-2.183124,0.15,0.108333,0.475,0.583333,0.2,0.041667,0.033333,0.707649,0.76,1.112061
volkan,CAT,1024,1024-56,-0.067843,0.266667,0.0,0.958333,0.958333,0.266667,0.0,0.0,0.726625,1.0,0.988955
volkan,CAT,1024,1024-57,-0.675636,0.175,0.083333,0.566667,0.65,0.175,0.025,0.0,0.757229,1.0,1.178496
volkan,CAT,1024,1024-58,-1.359565,0.658333,0.316667,0.641667,0.958333,0.691667,0.0,0.0,0.629624,0.84,0.606906
volkan,CAT,1024,1024-59,-0.119658,0.375,0.0,0.975,0.975,0.375,0.0,0.0,0.718399,1.12,0.95014
volkan,CAT,1024,1024-60,-1.509762,0.575,0.1,0.875,0.975,0.616667,0.0,0.0,0.668668,0.92,0.75399
volkan,CAT,1024,1024-61,-0.053294,0.3,0.0,0.7,0.7,0.3,0.041667,0.0,0.750945,1.12,1.135671
volkan,CAT,1024,1024-62,-0.899341,0.191667,0.058333,0.908333,0.966667,0.216667,0.0,0.0,0.722962,0.88,0.979393
volkan,CAT,1024,1024-63,-0.333747,0.45,0.0,0.883333,0.883333,0.45,0.041667,0.0,0.716796,1.08,0.954884
volkan,CAT,1024,1024-64,-0.226425,0.291667,0.008333,0.95,0.958333,0.291667,0.0,0.0,0.725463,1.12,0.986373
volkan,CAT,1024,1024-65,-1.99674,0.65,0.333333,0.633333,0.966667,0.691667,0.0,0.016667,0.627377,0.76,0.613474
volkan,CAT,1024,1024-66,-0.072562,0.108333,0.0,0.7,0.7,0.108333,0.0,0.0,0.76805,1.04,1.213902
volkan,CAT,1024,1024-67,0.486877,0.233333,0.0,0.975,0.975,0.233333,0.0,0.0,0.72949,1.12,1.002009
volkan,CAT,1024,1024-68,-0.683814,0.308333,0.041667,0.883333,0.925,0.308333,0.0,0.0,0.724028,0.96,0.983983
volkan,CAT,1024,1024-69,-0.028345,0.166667,0.0,0.591667,0.591667,0.166667,0.033333,0.0,0.770079,1.08,1.238619
volkan,CAT,1024,1024-70,0.225393,0.075,0.0,0.675,0.675,0.075,0.066667,0.0,0.770728,1.08,1.23669
volkan,CAT,1024,1024-71,0.272283,0.658333,0.141667,0.85,0.991667,0.658333,0.0,0.0,0.670298,1.16,0.724581
volkan,CAT,1024,1024-72,-0.66278,0.341667,0.108333,0.75,0.858333,0.35,0.0,0.0,0.720407,1.0,0.979443
volkan,CAT,1024,1024-73,-0.075206,0.325,0.0,0.925,0.925,0.325,0.0,0.0,0.728376,1.04,1.001092
volkan,CAT,1024,1024-74,-0.458991,0.516667,0.033333,0.966667,1.0,0.516667,0.0,0.0,0.691674,1.08,0.81664
volkan,CAT,1024,1024-75,0.190854,0.45,0.0,1.0,1.0,0.45,0.0,0.0,0.702666,1.12,0.868486
volkan,CAT,1024,1024-76,2.172069,0.3,0.041667,0.641667,0.683333,0.3,0.216667,0.0,0.762954,1.4,1.294034
volkan,CAT,1024,1024-77,1.061123,0.15,0.008333,0.716667,0.725,0.15,0.091667,0.0,0.762149,1.2,1.197087
volkan,CAT,1024,1024-78,0.513334,0.208333,0.008333,0.766667,0.775,0.208333,0.033333,0.0,0.750854,1.24,1.130299
volkan,CAT,1024,1024-79,0.467789,0.408333,0.058333,0.9,0.958333,0.408333,0.0,0.0,0.710726,1.16,0.91792
volkan,CAT,1024,1024-80,-0.119441,0.683333,0.175,0.716667,0.891667,0.683333,0.008333,0.0,0.669454,0.96,0.73369
volkan,CAT,1024,1024-81,0.257175,0.175,0.008333,0.608333,0.616667,0.175,0.225,0.0,0.771793,1.0,1.274973
volkan,CAT,1024,1024-82,0.520727,0.375,0.058333,0.891667,0.95,0.375,0.0,0.0,0.710242,1.28,0.914524
volkan,CAT,1024,1024-83,0.275461,0.525,0.075,0.808333,0.883333,0.525,0.0,0.0,0.703094,1.08,0.888092
volkan,CAT,1024,1024-84,2.118684,0.475,0.033333,0.716667,0.75,0.475,0.208333,0.0,0.734508,1.4,1.119315
volkan,CAT,1024,1024-85,-0.480852,0.15,0.008333,0.775,0.783333,0.15,0.025,0.0,0.756179,1.08,1.154446
volkan,CAT,1024,1024-86,0.653347,0.433333,0.008333,0.966667,0.975,0.433333,0.0,0.0,0.710178,1.24,0.908478
volkan,CAT,1024,1024-87,-0.620066,0.458333,0.183333,0.7,0.883333,0.458333,0.008333,0.0,0.69628,1.0,0.863565
volkan,CAT,1024,1024-88,0.843938,0.183333,0.033333,0.633333,0.666667,0.183333,0.033333,0.0,0.762103,1.32,1.196569
volkan,CAT,1024,1024-89,-0.260361,0.241667,0.0,0.8,0.8,0.241667,0.05,0.0,0.746575,0.96,1.108437
volkan,CAT,1024,1024-90,-1.307344,0.266667,0.083333,0.7,0.783333,0.291667,0.008333,0.0,0.728656,0.92,1.041624
volkan,CAT,1024,1024-91,0.52292,0.358333,0.033333,0.791667,0.825,0.358333,0.0,0.0,0.730003,1.12,1.022885
volkan,CAT,1024,1024-92,-0.040401,0.341667,0.0,1.0,1.0,0.341667,0.0,0.0,0.71659,1.08,0.93623
volkan,CAT,1024,1024-93,-1.844562,0.491667,0.158333,0.675,0.833333,0.508333,0.0,0.016667,0.615793,0.88,0.716233
volkan,CAT,1024,1024-94,0.138788,0.425,0.016667,0.858333,0.875,0.425,0.016667,0.0,0.720346,1.16,0.972419
volkan,CAT,1024,1024-95,0.282639,0.166667,0.0,0.766667,0.766667,0.166667,0.033333,0.0,0.757648,1.12,1.16177
volkan,CAT,1024,1024-96,0.365249,0.5,0.091667,0.9,0.991667,0.5,0.0,0.0,0.693015,1.24,0.82838
volkan,CAT,1024,1024-97,0.169047,0.6,0.091667,0.908333,1.0,0.6,0.0,0.0,0.680379,1.08,0.768679
volkan,CAT,1024,1024-98,-1.388095,0.6,0.191667,0.783333,0.975,0.65,0.0,0.0,0.658872,0.84,0.704629
volkan,CAT,1024,1024-99,0.944657,0.208333,0.0,0.933333,0.933333,0.208333,0.008333,0.0,0.737107,1.2,1.045955
volkan,CAT,1024,1024-100,0.052692,0.225,0.016667,0.858333,0.875,0.225,0.008333,0.0,0.734764,1.12,1.03799
volkan,CAT,1024,1024-101,-0.434545,0.283333,0.058333,0.8,0.858333,0.283333,0.0,0.0,0.728949,1.04,1.016586
volkan,CAT,1024,1024-102,-0.314861,0.575,0.025,0.975,1.0,0.575,0.0,0.0,0.691106,1.0,0.813437
volkan,CAT,1024,1024-103,0.09447,0.241667,0.0,0.758333,0.758333,0.241667,0.033333,0.0,0.744588,1.08,1.097101
volkan,CAT,1024,1024-104,-0.276964,0.416667,0.016667,0.866667,0.883333,0.416667,0.0,0.0,0.719859,1.0,0.964
volkan,CAT,1024,1024-105,1.162645,0.625,0.075,0.816667,0.891667,0.625,0.033333,0.0,0.693297,1.28,0.845776
volkan,CAT,1024,1024-106,0.252362,0.041667,0.0,0.941667,0.941667,0.041667,0.0,0.0,0.752867,1.16,1.12066
volkan,CAT,1024,1024-107,-0.848234,0.45,0.066667,0.85,0.916667,0.458333,0.008333,0.0,0.707523,0.88,0.908413
volkan,CAT,1024,1024-108,0.229203,0.0,0.0,0.658333,0.658333,0.0,0.025,0.0,0.784135,1.0,1.301168
volkan,CAT,1024,1024-109,-0.803285,0.591667,0.266667,0.716667,0.983333,0.6,0.0,0.0,0.663759,1.0,0.700113
volkan,CAT,1024,1024-110,-0.190562,0.291667,0.008333,0.95,0.958333,0.291667,0.0,0.0,0.725998,1.04,0.987569
volkan,CAT,1024,1024-111,-0.19398,0.525,0.1,0.866667,0.966667,0.533333,0.0,0.0,0.693287,1.0,0.834763
volkan,CAT,1024,1024-112,-0.433928,0.758333,0.233333,0.766667,1.0,0.758333,0.0,0.0,0.648208,1.0,0.620703
volkan,CAT,1024,1024-113,0.289044,0.325,0.2,0.541667,0.741667,0.35,0.008333,0.0,0.714177,1.2,0.970692
volkan,CAT,1024,1024-114,0.537074,0.083333,0.0,0.725,0.725,0.083333,0.091667,0.0,0.769613,1.08,1.234205
volkan,CAT,1024,1024-115,0.298362,0.125,0.0,0.816667,0.816667,0.125,0.0,0.0,0.752614,1.12,1.12766
volkan,CAT,1024,1024-116,1.177182,0.216667,0.041667,0.775,0.816667,0.216667,0.058333,0.0,0.741302,1.28,1.08348
volkan,CAT,1024,1024-117,1.564602,0.216667,0.008333,0.616667,0.625,0.216667,0.225,0.0,0.771495,1.36,1.2889
volkan,CAT,1024,1024-118,0.700849,0.066667,0.0,0.783333,0.783333,0.066667,0.008333,0.0,0.761017,1.2,1.172647
volkan,CAT,1024,1024-119,-1.447227,0.258333,0.116667,0.708333,0.825,0.283333,0.025,0.0,0.717689,0.88,0.997232
volkan,CAT,1024,1024-120,0.2584,0.391667,0.041667,0.891667,0.933333,0.391667,0.0,0.0,0.714437,1.12,0.936031
volkan,CAT,1024,1024-121,-2.292643,0.441667,0.191667,0.7,0.891667,0.475,0.0,0.066667,0.633783,0.72,0.795414
volkan,CAT,1024,1024-122,0.040694,0.208333,0.016667,0.783333,0.8,0.208333,0.008333,0.0,0.749332,1.04,1.119159
volkan,CAT,1024,1024-123,0.560079,0.283333,0.083333,0.883333,0.966667,0.283333,0.0,0.0,0.712843,1.16,0.92571
volkan,CAT,1024,1024-124,-0.938357,0.25,0.05,0.608333,0.658333,0.258333,0.066667,0.0,0.751702,0.88,1.153459
volkan,CAT,1024,1024-125,-1.597581,0.358333,0.108333,0.816667,0.925,0.441667,0.0,0.008333,0.666616,0.84,0.835797
volkan,CAT,1024,1024-126,-0.841867,0.25,0.066667,0.758333,0.825,0.266667,0.0,0.0,0.735578,0.92,1.056749
volkan,CAT,1024,1024-127,-0.289939,0.291667,0.0,0.575,0.575,0.291667,0.225,0.0,0.767454,0.92,1.260859
volkan,CAT,1024,1024-128,1.212432,0.175,0.0,0.816667,0.816667,0.175,0.041667,0.0,0.749781,1.24,1.120896
volkan,CAT,1024,1024-129,-0.611522,0.308333,0.041667,0.816667,0.858333,0.308333,0.025,0.0,0.731683,1.12,1.030276
volkan,CAT,1024,1024-130,1.19278,0.175,0.0,0.783333,0.783333,0.175,0.041667,0.0,0.751567,1.2,1.131578
volkan,CAT,1024,1024-131,0.036004,0.491667,0.175,0.791667,0.966667,0.5,0.0,0.0,0.685765,1.04,0.805247
volkan,CAT,1024,1024-132,0.459359,0.291667,0.05,0.9,0.95,0.291667,0.0,0.0,0.716474,1.16,0.94199
volkan,CAT,1024,1024-133,1.932302,0.008333,0.0,0.341667,0.341667,0.008333,0.458333,0.0,0.831474,1.32,1.6891
volkan,CAT,1024,1024-134,-0.44433,0.291667,0.05,0.883333,0.933333,0.291667,0.0,0.0,0.72499,1.0,0.987302
volkan,CAT,1024,1024-135,-0.388455,0.458333,0.041667,0.958333,1.0,0.458333,0.0,0.0,0.698959,1.04,0.850343
volkan,CAT,1024,1024-136,1.419827,0.091667,0.0,0.608333,0.608333,0.091667,0.125,0.0,0.777445,1.28,1.284958
volkan,CAT,1024,1024-137,-0.924784,0.141667,0.1,0.483333,0.583333,0.2,0.141667,0.0,0.758077,0.88,1.228387
volkan,CAT,1024,1024-138,2.11632,0.0,0.0,0.283333,0.283333,0.0,0.25,0.0,0.825904,1.4,1.608785
volkan,CAT,1024,1024-139,0.584726,0.266667,0.008333,0.741667,0.75,0.266667,0.025,0.0,0.748287,1.12,1.11719
volkan,CAT,1024,1024-140,0.501021,0.233333,0.008333,0.783333,0.791667,0.233333,0.0,0.0,0.744635,1.24,1.091985
volkan,CAT,1024,1024-141,0.627165,0.35,0.0,0.966667,0.966667,0.35,0.0,0.0,0.71528,1.16,0.93213
volkan,CAT,1024,1024-142,0.788706,0.383333,0.2,0.558333,0.758333,0.416667,0.05,0.0,0.70602,1.16,0.936603
volkan,CAT,1024,1024-143,-1.001698,0.258333,0.125,0.558333,0.683333,0.266667,0.083333,0.0,0.741254,0.92,1.108507
volkan,CAT,1024,1024-144,-1.463705,0.475,0.25,0.708333,0.958333,0.525,0.0,0.0,0.649535,0.8,0.713601
volkan,CAT,1024,1024-145,-0.324913,0.25,0.0,0.891667,0.891667,0.25,0.0,0.0,0.736155,0.96,1.043885
volkan,CAT,1024,1024-146,0.973946,0.066667,0.0,0.7,0.7,0.066667,0.033333,0.0,0.770609,1.2,1.231244
volkan,CAT,1024,1024-147,-0.26743,0.058333,0.0,0.366667,0.366667,0.058333,0.383333,0.0,0.812886,1.12,1.517368
volkan,CAT,1024,1024-148,-0.356829,0.533333,0.083333,0.9,0.983333,0.533333,0.0,0.0,0.690594,1.04,0.819136
volkan,CAT,1024,1024-149,-1.63242,0.375,0.116667,0.833333,0.95,0.391667,0.0,0.0,0.684287,0.8,0.848557
volkan,CAT,1024,1024-150,0.108571,0.491667,0.1,0.833333,0.933333,0.491667,0.0,0.0,0.698894,1.04,0.864202
volkan,CAT,1024,1024-151,-1.035564,0.5,0.141667,0.741667,0.883333,0.525,0.016667,0.0,0.689894,0.84,0.842314
volkan,CAT,1024,1024-152,0.358833,0.041667,0.0,0.808333,0.808333,0.041667,0.0,0.0,0.769105,1.08,1.214131
volkan,CAT,1024,1024-153,-1.836732,0.233333,0.133333,0.75,0.883333,0.341667,0.0,0.008333,0.686636,0.8,0.900572
volkan,CAT,1024,1024-154,0.90746,0.008333,0.0,0.241667,0.241667,0.008333,0.308333,0.0,0.82844,1.16,1.604591
volkan,CAT,1024,1024-155,0.611797,0.208333,0.0,0.883333,0.883333,0.208333,0.0,0.0,0.741073,1.2,1.066262
volkan,CAT,1024,1024-156,-1.085474,0.316667,0.066667,0.716667,0.783333,0.333333,0.008333,0.0,0.730709,0.8,1.042097
volkan,CAT,1024,1024-157,-1.189078,0.4,0.1,0.883333,0.983333,0.425,0.0,0.0,0.694297,0.88,0.849642
volkan,CAT,1024,1024-158,-0.159013,0.333333,0.0,0.966667,0.966667,0.333333,0.0,0.0,0.721203,1.08,0.962785
volkan,CAT,1024,1024-159,-1.710433,0.316667,0.05,0.883333,0.933333,0.333333,0.0,0.008333,0.69942,0.8,0.925678
volkan,CAT,1024,1024-160,-0.786836,0.441667,0.15,0.691667,0.841667,0.483333,0.008333,0.0,0.697255,0.92,0.880423
volkan,CAT,1024,1024-161,-2.156481,0.166667,0.066667,0.758333,0.825,0.208333,0.0,0.033333,0.688939,0.76,1.005766
volkan,CAT,1024,1024-162,-0.614817,0.266667,0.016667,0.866667,0.883333,0.266667,0.066667,0.0,0.737056,0.88,1.059481
volkan,CAT,1024,1024-163,0.513434,0.591667,0.066667,0.883333,0.95,0.591667,0.0,0.0,0.687738,1.2,0.807565
volkan,CAT,1024,1024-164,-1.755263,0.333333,0.05,0.858333,0.908333,0.358333,0.0,0.016667,0.680141,0.8,0.901295
volkan,CAT,1024,1024-165,0.375268,0.158333,0.0,0.925,0.925,0.158333,0.008333,0.0,0.740973,1.12,1.063733
volkan,CAT,1024,1024-166,-0.368979,0.341667,0.133333,0.858333,0.991667,0.4,0.0,0.0,0.690634,1.12,0.839348
volkan,CAT,1024,1024-167,-0.433669,0.7,0.108333,0.891667,1.0,0.708333,0.0,0.0,0.667344,1.12,0.705568
volkan,CAT,1024,1024-168,0.144424,0.491667,0.216667,0.691667,0.908333,0.525,0.058333,0.0,0.679252,1.0,0.791607
volkan,CAT,1024,1024-169,0.734074,0.416667,0.041667,0.633333,0.675,0.416667,0.058333,0.0,0.733167,1.24,1.058539
volkan,CAT,1024,1024-170,-2.060442,0.175,0.091667,0.616667,0.708333,0.225,0.083333,0.016667,0.718586,0.76,1.094265
volkan,CAT,1024,1024-171,-2.302819,0.75,0.208333,0.725,0.933333,0.791667,0.0,0.033333,0.622967,0.6,0.624491
volkan,CAT,1024,1024-172,-0.315122,0.283333,0.008333,0.825,0.833333,0.283333,0.0,0.0,0.740257,0.96,1.068842
volkan,CAT,1024,1024-173,-0.647231,0.416667,0.191667,0.791667,0.983333,0.425,0.0,0.0,0.691142,0.92,0.832233
volkan,CAT,1024,1024-174,-1.658396,0.283333,0.041667,0.916667,0.958333,0.3,0.0,0.0,0.70561,0.8,0.929327
volkan,CAT,1024,1024-175,-0.474327,0.208333,0.033333,0.708333,0.741667,0.208333,0.091667,0.0,0.752328,1.0,1.150138
volkan,CAT,1024,1024-176,0.116371,0.566667,0.108333,0.725,0.833333,0.566667,0.05,0.0,0.702865,1.0,0.902335
volkan,CAT,1024,1024-177,-0.195482,0.4,0.266667,0.325,0.591667,0.4,0.141667,0.0,0.722252,1.04,1.038983
volkan,CAT,1024,1024-178,0.170587,0.033333,0.0,0.458333,0.458333,0.033333,0.116667,0.0,0.797872,1.12,1.394218
volkan,CAT,1024,1024-179,-0.352184,0.441667,0.108333,0.891667,1.0,0.441667,0.0,0.0,0.693975,1.0,0.832447
volkan,CAT,1024,1024-180,-0.788933,0.266667,0.208333,0.558333,0.766667,0.316667,0.016667,0.0,0.715593,0.88,0.981695
volkan,CAT,1024,1024-181,-1.217064,0.9,0.6,0.4,1.0,0.991667,0.0,0.0,0.583199,0.96,0.362024
volkan,CAT,1024,1024-182,-0.716231,0.475,0.1,0.85,0.95,0.475,0.0,0.0,0.694476,1.0,0.843233
volkan,CAT,1024,1024-183,-0.03899,0.316667,0.05,0.833333,0.883333,0.316667,0.041667,0.0,0.722678,1.08,0.985308
volkan,CAT,1024,1024-184,0.154547,0.4,0.033333,0.941667,0.975,0.4,0.0,0.0,0.711369,1.08,0.918845
volkan,CAT,1024,1024-185,-0.27275,0.441667,0.033333,0.75,0.783333,0.441667,0.025,0.0,0.720798,1.0,0.985548
volkan,CAT,1024,1024-186,-1.152264,0.341667,0.1,0.791667,0.891667,0.408333,0.025,0.0,0.701069,0.92,0.91103
volkan,CAT,1024,1024-187,1.514339,0.0,0.0,0.391667,0.391667,0.0,0.125,0.0,0.807932,1.32,1.461803
volkan,CAT,1024,1024-188,-0.199393,0.633333,0.166667,0.833333,1.0,0.633333,0.0,0.0,0.670892,1.08,0.725239
volkan,CAT,1024,1024-189,-1.046237,0.5,0.15,0.7,0.85,0.533333,0.025,0.0,0.692691,0.96,0.864991
volkan,CAT,1024,1024-190,0.696606,0.008333,0.0,0.483333,0.483333,0.008333,0.041667,0.0,0.79814,1.2,1.389404
volkan,CAT,1024,1024-191,-0.890197,0.658333,0.366667,0.525,0.891667,0.7,0.0,0.0,0.647592,0.84,0.647176
volkan,CAT,1024,1024-192,-0.583305,0.5,0.033333,0.958333,0.991667,0.5,0.0,0.0,0.698803,1.08,0.854826
volkan,CAT,1024,1024-193,1.315357,0.35,0.0,0.791667,0.791667,0.35,0.083333,0.0,0.737021,1.36,1.072155
volkan,CAT,1024,1024-194,-0.921093,0.233333,0.116667,0.625,0.741667,0.258333,0.116667,0.0,0.741513,1.0,1.120395
volkan,CAT,1024,1024-195,-1.033055,0.575,0.325,0.625,0.95,0.666667,0.0,0.0,0.648637,0.88,0.659965
volkan,CAT,1024,1024-196,0.791634,0.075,0.0,0.766667,0.766667,0.075,0.058333,0.0,0.766889,1.2,1.213598
volkan,CAT,1024,1024-197,-1.046091,0.225,0.083333,0.625,0.708333,0.25,0.1,0.0,0.742358,0.92,1.120479
volkan,CAT,1024,1024-198,-0.344008,0.425,0.116667,0.783333,0.9,0.425,0.008333,0.0,0.706995,1.04,0.909957
volkan,CAT,1024,1024-199,0.002774,0.0,0.0,0.333333,0.333333,0.0,0.15,0.0,0.811157,1.04,1.475572
volkan,CAT,2026,2026-0,-0.793122,0.575,0.2,0.675,0.875,0.583333,0.025,0.0,0.685008,0.88,0.812106
volkan,CAT,2026,2026-1,0.240571,0.258333,0.008333,0.766667,0.775,0.258333,0.025,0.0,0.744078,1.12,1.095869
volkan,CAT,2026,2026-2,-1.896326,0.441667,0.158333,0.75,0.908333,0.55,0.0,0.025,0.640485,0.8,0.747298
volkan,CAT,2026,2026-3,1.395772,0.091667,0.0,0.7,0.7,0.091667,0.125,0.0,0.77631,1.36,1.27607
volkan,CAT,2026,2026-4,0.638295,0.325,0.066667,0.916667,0.983333,0.325,0.0,0.0,0.712868,1.24,0.923759
volkan,CAT,2026,2026-5,-0.292047,0.116667,0.0,0.766667,0.766667,0.116667,0.016667,0.0,0.758457,1.04,1.165584
volkan,CAT,2026,2026-6,-0.311949,0.466667,0.058333,0.666667,0.725,0.466667,0.1,0.0,0.725282,1.08,1.022182
volkan,CAT,2026,2026-7,0.303835,0.133333,0.0,0.875,0.875,0.133333,0.0,0.0,0.750325,1.0,1.113633
volkan,CAT,2026,2026-8,-0.26766,0.925,0.183333,0.816667,1.0,0.925,0.0,0.0,0.636281,1.04,0.563804
volkan,CAT,2026,2026-9,-0.225909,0.291667,0.058333,0.9,0.958333,0.291667,0.0,0.0,0.72208,1.0,0.973889
volkan,CAT,2026,2026-10,0.720068,0.1,0.0,0.666667,0.666667,0.1,0.016667,0.0,0.77306,1.28,1.248199
volkan,CAT,2026,2026-11,0.514705,0.166667,0.0,0.841667,0.841667,0.166667,0.008333,0.0,0.752319,1.16,1.129503
volkan,CAT,2026,2026-12,-0.064128,0.25,0.0,0.683333,0.683333,0.25,0.058333,0.0,0.753704,1.08,1.153003
volkan,CAT,2026,2026-13,-0.085477,0.583333,0.25,0.75,1.0,0.591667,0.0,0.0,0.666683,1.12,0.713958
volkan,CAT,2026,2026-14,0.160916,0.383333,0.016667,0.833333,0.85,0.383333,0.0,0.0,0.721826,1.04,0.977214
volkan,CAT,2026,2026-15,-0.614018,0.675,0.191667,0.733333,0.925,0.683333,0.0,0.0,0.670974,1.12,0.739891
volkan,CAT,2026,2026-16,-0.40375,0.233333,0.008333,0.75,0.758333,0.233333,0.016667,0.0,0.748594,1.04,1.116714
volkan,CAT,2026,2026-17,0.54826,0.375,0.05,0.825,0.875,0.375,0.033333,0.0,0.720203,1.2,0.974558
volkan,CAT,2026,2026-18,-0.130483,0.416667,0.1,0.75,0.85,0.416667,0.016667,0.0,0.710398,1.04,0.934982
volkan,CAT,2026,2026-19,-1.374426,0.841667,0.366667,0.6,0.966667,0.883333,0.0,0.0,0.613912,0.92,0.519774
volkan,CAT,2026,2026-20,-0.477279,0.608333,0.1,0.858333,0.958333,0.608333,0.0,0.0,0.68427,1.08,0.794019
volkan,CAT,2026,2026-21,0.656622,0.166667,0.016667,0.683333,0.7,0.166667,0.008333,0.0,0.758605,1.16,1.171753
volkan,CAT,2026,2026-22,-0.232283,0.316667,0.008333,0.883333,0.891667,0.316667,0.0,0.0,0.72858,1.0,1.006515
volkan,CAT,2026,2026-23,-0.148733,0.658333,0.016667,0.983333,1.0,0.658333,0.0,0.0,0.680468,1.12,0.762898
volkan,CAT,2026,2026-24,0.641837,0.016667,0.0,0.75,0.75,0.016667,0.008333,0.0,0.774361,1.16,1.243634
volkan,CAT,2026,2026-25,1.82461,0.075,0.0,0.783333,0.783333,0.075,0.116667,0.0,0.769422,1.36,1.249908
volkan,CAT,2026,2026-26,-0.713189,0.516667,0.141667,0.858333,1.0,0.541667,0.0,0.0,0.677791,0.96,0.76207
volkan,CAT,2026,2026-27,1.348207,0.091667,0.0,0.633333,0.633333,0.091667,0.183333,0.0,0.780449,1.28,1.308671
volkan,CAT,2026,2026-28,-1.230013,0.358333,0.041667,0.933333,0.975,0.383333,0.0,0.0,0.709416,0.92,0.919754
volkan,CAT,2026,2026-29,0.174978,0.391667,0.0,1.0,1.0,0.391667,0.0,0.0,0.71034,1.12,0.902442
volkan,CAT,2026,2026-30,-1.16953,0.216667,0.066667,0.683333,0.75,0.25,0.0,0.0,0.73847,0.88,1.085917
volkan,CAT,2026,2026-31,1.351458,0.166667,0.0,0.433333,0.433333,0.166667,0.416667,0.0,0.79455,1.32,1.424589
volkan,CAT,2026,2026-32,0.833923,0.325,0.0,0.866667,0.866667,0.325,0.008333,0.0,0.728371,1.28,1.006721
volkan,CAT,2026,2026-33,1.137717,0.0,0.0,0.433333,0.433333,0.0,0.125,0.0,0.809013,1.24,1.460015
volkan,CAT,2026,2026-34,-0.885533,0.491667,0.05,0.825,0.875,0.5,0.008333,0.0,0.704391,1.04,0.897735
volkan,CAT,2026,2026-35,0.684555,0.366667,0.033333,0.8,0.833333,0.366667,0.0,0.0,0.727937,1.24,1.011186
volkan,CAT,2026,2026-36,-0.519013,0.216667,0.016667,0.941667,0.958333,0.216667,0.0,0.0,0.730795,1.0,1.010118
volkan,CAT,2026,2026-37,-0.457385,0.091667,0.025,0.583333,0.608333,0.091667,0.108333,0.0,0.776179,0.96,1.277579
volkan,CAT,2026,2026-38,0.506537,0.5,0.141667,0.8,0.941667,0.5,0.0,0.0,0.693277,1.2,0.839668
volkan,CAT,2026,2026-39,0.876718,0.116667,0.0,0.575,0.575,0.116667,0.066667,0.0,0.776146,1.2,1.272683
volkan,CAT,2026,2026-40,0.20442,0.166667,0.0,0.658333,0.658333,0.166667,0.116667,0.0,0.765524,1.12,1.224385
volkan,CAT,2026,2026-41,-0.627987,0.3,0.041667,0.916667,0.958333,0.3,0.0,0.0,0.717655,0.92,0.948811
volkan,CAT,2026,2026-42,-0.825817,0.475,0.216667,0.591667,0.808333,0.55,0.0,0.0,0.682521,0.92,0.835092
volkan,CAT,2026,2026-43,1.444317,0.1,0.0,0.583333,0.583333,0.1,0.125,0.0,0.779316,1.2,1.300782
volkan,CAT,2026,2026-44,0.593946,0.333333,0.025,0.858333,0.883333,0.333333,0.033333,0.0,0.727887,1.16,1.00941
volkan,CAT,2026,2026-45,0.719728,0.125,0.025,0.741667,0.766667,0.125,0.041667,0.0,0.761401,1.32,1.185026
volkan,CAT,2026,2026-46,2.183488,0.05,0.0,0.441667,0.441667,0.05,0.383333,0.0,0.825314,1.4,1.680286
volkan,CAT,2026,2026-47,-0.815863,0.425,0.133333,0.775,0.908333,0.45,0.0,0.0,0.70416,1.0,0.90153
volkan,CAT,2026,2026-48,2.559458,0.3,0.016667,0.533333,0.55,0.3,0.291667,0.0,0.782601,1.44,1.490756
volkan,CAT,2026,2026-49,3.150908,0.066667,0.0,0.283333,0.283333,0.066667,0.533333,0.0,0.846676,1.52,1.900206
volkan,CAT,2026,2026-50,1.618413,0.333333,0.041667,0.725,0.766667,0.333333,0.125,0.0,0.739358,1.24,1.108711
volkan,CAT,2026,2026-51,0.827107,0.125,0.0,0.891667,0.891667,0.125,0.0,0.0,0.75,1.2,1.110404
volkan,CAT,2026,2026-52,-0.663822,0.341667,0.025,0.933333,0.958333,0.341667,0.0,0.0,0.718521,1.04,0.949809
volkan,CAT,2026,2026-53,0.994486,0.658333,0.075,0.833333,0.908333,0.658333,0.025,0.0,0.688722,1.28,0.816283
volkan,CAT,2026,2026-54,-0.442692,0.308333,0.058333,0.891667,0.95,0.308333,0.0,0.0,0.719678,1.0,0.958606
volkan,CAT,2026,2026-55,-0.021651,0.25,0.025,0.775,0.8,0.25,0.025,0.0,0.743009,1.04,1.089314
volkan,CAT,2026,2026-56,-0.290433,0.333333,0.008333,0.808333,0.816667,0.333333,0.041667,0.0,0.735068,1.08,1.050198
volkan,CAT,2026,2026-57,0.28383,0.608333,0.075,0.916667,0.991667,0.608333,0.0,0.0,0.680583,1.12,0.768628
volkan,CAT,2026,2026-58,1.288078,0.125,0.0,0.658333,0.658333,0.125,0.125,0.0,0.773013,1.24,1.263709
volkan,CAT,2026,2026-59,-0.555584,0.391667,0.008333,0.95,0.958333,0.391667,0.0,0.0,0.717976,0.96,0.947547
volkan,CAT,2026,2026-60,-0.985404,0.283333,0.35,0.6,0.95,0.483333,0.0,0.0,0.649102,1.0,0.721938
volkan,CAT,2026,2026-61,-1.002957,0.358333,0.116667,0.758333,0.875,0.366667,0.0,0.0,0.711312,0.92,0.933936
volkan,CAT,2026,2026-62,-0.968277,0.1,0.083333,0.658333,0.741667,0.158333,0.008333,0.0,0.745938,0.88,1.136801
volkan,CAT,2026,2026-63,-1.431103,0.383333,0.108333,0.808333,0.916667,0.45,0.0,0.0,0.689301,0.76,0.859432
volkan,CAT,2026,2026-64,-0.912934,0.4,0.191667,0.633333,0.825,0.516667,0.041667,0.0,0.674024,0.96,0.833367
volkan,CAT,2026,2026-65,1.293266,0.016667,0.0,0.516667,0.516667,0.016667,0.208333,0.0,0.798882,1.32,1.40973
volkan,CAT,2026,2026-66,-0.593312,0.616667,0.375,0.425,0.8,0.658333,0.125,0.0,0.66724,1.12,0.76782
volkan,CAT,2026,2026-67,0.257108,0.133333,0.0,0.925,0.925,0.133333,0.0,0.0,0.741675,1.08,1.066906
volkan,CAT,2026,2026-68,-1.216894,0.408333,0.183333,0.55,0.733333,0.45,0.083333,0.0,0.709118,0.92,0.972204
volkan,CAT,2026,2026-69,0.169651,0.625,0.291667,0.708333,1.0,0.675,0.0,0.0,0.647734,1.12,0.632587
volkan,CAT,2026,2026-70,-1.740781,0.35,0.116667,0.816667,0.933333,0.366667,0.0,0.025,0.676845,0.8,0.852314
volkan,CAT,2026,2026-71,-0.698756,0.566667,0.091667,0.908333,1.0,0.566667,0.0,0.0,0.680822,1.08,0.769709
volkan,CAT,2026,2026-72,2.254539,0.0,0.0,0.208333,0.208333,0.0,0.266667,0.0,0.834005,1.36,1.669003
volkan,CAT,2026,2026-73,-0.58297,0.333333,0.008333,0.991667,1.0,0.333333,0.0,0.0,0.711936,1.04,0.911495
volkan,CAT,2026,2026-74,1.119976,0.125,0.016667,0.541667,0.558333,0.125,0.066667,0.0,0.776391,1.2,1.277608
volkan,CAT,2026,2026-75,0.455054,0.425,0.05,0.741667,0.791667,0.425,0.025,0.0,0.72393,1.16,1.000519
volkan,CAT,2026,2026-76,-0.152986,0.416667,0.041667,0.95,0.991667,0.416667,0.0,0.0,0.708831,1.08,0.901645
volkan,CAT,2026,2026-77,-0.652107,0.591667,0.208333,0.791667,1.0,0.591667,0.0,0.0,0.668921,1.0,0.721024
volkan,CAT,2026,2026-78,1.286909,0.233333,0.025,0.441667,0.466667,0.233333,0.283333,0.0,0.783989,1.32,1.357874
volkan,CAT,2026,2026-79,-0.177383,0.333333,0.116667,0.858333,0.975,0.341667,0.0,0.0,0.703195,1.04,0.884582
volkan,CAT,2026,2026-80,1.527424,0.075,0.0,0.783333,0.783333,0.075,0.083333,0.0,0.76394,1.36,1.204056
volkan,CAT,2026,2026-81,-0.719079,0.291667,0.1,0.791667,0.891667,0.291667,0.008333,0.0,0.722766,0.92,0.985552
volkan,CAT,2026,2026-82,0.057339,0.275,0.008333,0.916667,0.925,0.275,0.0,0.0,0.732789,1.16,1.025304
volkan,CAT,2026,2026-83,0.465499,0.441667,0.05,0.708333,0.758333,0.441667,0.016667,0.0,0.718677,1.16,0.976297
volkan,CAT,2026,2026-84,0.37316,0.55,0.258333,0.483333,0.741667,0.55,0.075,0.0,0.695851,1.12,0.888291
volkan,CAT,2026,2026-85,-1.233802,0.758333,0.216667,0.766667,0.983333,0.816667,0.0,0.0,0.635093,1.0,0.603472
volkan,CAT,2026,2026-86,-0.664063,0.291667,0.033333,0.625,0.658333,0.291667,0.016667,0.0,0.745997,0.96,1.114235
volkan,CAT,2026,2026-87,-0.19598,0.216667,0.0,0.883333,0.883333,0.216667,0.0,0.0,0.74251,1.04,1.073151
volkan,CAT,2026,2026-88,-0.853699,0.308333,0.033333,0.758333,0.791667,0.316667,0.008333,0.0,0.734066,0.96,1.046039
volkan,CAT,2026,2026-89,0.677325,0.5,0.025,0.733333,0.758333,0.5,0.008333,0.0,0.719461,1.24,0.977956
volkan,CAT,2026,2026-90,0.588019,0.425,0.033333,0.766667,0.8,0.425,0.033333,0.0,0.723254,1.28,0.996984
volkan,CAT,2026,2026-91,-1.957084,0.75,0.291667,0.675,0.966667,0.775,0.0,0.016667,0.623691,0.84,0.583355
volkan,CAT,2026,2026-92,-1.805254,0.2,0.075,0.833333,0.908333,0.241667,0.0,0.041667,0.684601,0.84,0.929268
volkan,CAT,2026,2026-93,-1.281563,0.308333,0.175,0.6,0.775,0.375,0.133333,0.0,0.694584,0.76,0.960992
volkan,CAT,2026,2026-94,0.11726,0.258333,0.0,0.808333,0.808333,0.258333,0.008333,0.0,0.745747,1.08,1.098224
volkan,CAT,2026,2026-95,2.033173,0.3,0.058333,0.658333,0.716667,0.3,0.141667,0.0,0.753451,1.36,1.200637
volkan,CAT,2026,2026-96,-0.382356,0.258333,0.05,0.925,0.975,0.258333,0.0,0.0,0.725645,1.04,0.988608
volkan,CAT,2026,2026-97,0.250651,0.1,0.0,0.85,0.85,0.1,0.008333,0.0,0.758415,1.2,1.157948
volkan,CAT,2026,2026-98,-1.063112,0.508333,0.233333,0.7,0.933333,0.616667,0.0,0.0,0.653573,0.84,0.721973
volkan,CAT,2026,2026-99,-1.046836,0.65,0.3,0.658333,0.958333,0.675,0.0,0.0,0.649938,0.96,0.645272
volkan,CAT,2026,2026-100,-1.957228,0.175,0.033333,0.675,0.708333,0.191667,0.0,0.016667,0.726531,0.8,1.104561
volkan,CAT,2026,2026-101,-0.028344,0.308333,0.0,0.966667,0.966667,0.308333,0.0,0.0,0.721221,1.08,0.961287
volkan,CAT,2026,2026-102,0.947217,0.183333,0.041667,0.866667,0.908333,0.183333,0.008333,0.0,0.738565,1.24,1.057181
volkan,CAT,2026,2026-103,-0.356714,0.416667,0.008333,0.983333,0.991667,0.416667,0.0,0.0,0.70626,1.04,0.886417
volkan,CAT,2026,2026-104,1.396453,0.208333,0.016667,0.516667,0.533333,0.208333,0.183333,0.0,0.77366,1.36,1.285418
volkan,CAT,2026,2026-105,0.197855,0.075,0.0,0.85,0.85,0.075,0.033333,0.0,0.753648,1.12,1.133319
volkan,CAT,2026,2026-106,-0.036412,0.391667,0.008333,0.966667,0.975,0.391667,0.0,0.0,0.713721,1.12,0.925052
volkan,CAT,2026,2026-107,0.517254,0.108333,0.0,0.608333,0.608333,0.108333,0.008333,0.0,0.774814,1.16,1.257718
volkan,CAT,2026,2026-108,0.487378,0.025,0.0,0.691667,0.691667,0.025,0.008333,0.0,0.779776,1.12,1.275509
volkan,CAT,2026,2026-109,1.147806,0.175,0.0,0.725,0.725,0.175,0.1,0.0,0.762759,1.24,1.203604
volkan,CAT,2026,2026-110,-0.801954,0.25,0.033333,0.966667,1.0,0.258333,0.0,0.0,0.729195,1.0,1.007088
volkan,CAT,2026,2026-111,-2.288049,0.508333,0.266667,0.625,0.891667,0.575,0.0,0.033333,0.637747,0.72,0.726603
volkan,CAT,2026,2026-112,0.114747,0.241667,0.033333,0.925,0.958333,0.241667,0.0,0.0,0.726621,1.08,0.991711
volkan,CAT,2026,2026-113,-0.611675,0.441667,0.008333,0.983333,0.991667,0.441667,0.0,0.0,0.709099,1.0,0.902289
volkan,CAT,2026,2026-114,-0.027177,0.258333,0.0,0.941667,0.941667,0.258333,0.0,0.0,0.729744,1.16,1.005787
volkan,CAT,2026,2026-115,1.6643,0.083333,0.008333,0.475,0.483333,0.083333,0.291667,0.0,0.810558,1.28,1.551098
volkan,CAT,2026,2026-116,-1.102842,0.8,0.25,0.75,1.0,0.825,0.0,0.0,0.643944,0.92,0.6094
volkan,CAT,2026,2026-117,0.764797,0.633333,0.175,0.716667,0.891667,0.633333,0.0,0.0,0.678798,1.28,0.777262
volkan,CAT,2026,2026-118,0.945868,0.041667,0.0,0.558333,0.558333,0.041667,0.058333,0.0,0.784594,1.24,1.315832
volkan,CAT,2026,2026-119,0.460736,0.4,0.016667,0.741667,0.758333,0.4,0.058333,0.0,0.728903,1.2,1.025701
volkan,CAT,2026,2026-120,1.118508,0.075,0.0,0.333333,0.333333,0.075,0.416667,0.0,0.820532,1.16,1.596806
volkan,CAT,2026,2026-121,-0.458362,0.675,0.216667,0.783333,1.0,0.708333,0.0,0.0,0.654246,1.0,0.65584
volkan,CAT,2026,2026-122,-0.68151,0.966667,0.5,0.5,1.0,0.983333,0.0,0.0,0.597293,1.08,0.400929
volkan,CAT,2026,2026-123,1.038983,0.391667,0.008333,0.925,0.933333,0.391667,0.025,0.0,0.71532,1.24,0.938781
volkan,CAT,2026,2026-124,0.7203,0.25,0.0,0.816667,0.816667,0.25,0.0,0.0,0.742687,1.16,1.081598
volkan,CAT,2026,2026-125,1.390378,0.041667,0.0,0.575,0.575,0.041667,0.091667,0.0,0.785306,1.32,1.324843
volkan,CAT,2026,2026-126,0.21229,0.333333,0.016667,0.966667,0.983333,0.333333,0.0,0.0,0.717514,1.04,0.946254
volkan,CAT,2026,2026-127,1.623563,0.25,0.016667,0.8,0.816667,0.25,0.125,0.0,0.746956,1.4,1.142028
volkan,CAT,2026,2026-128,-0.28208,0.575,0.058333,0.891667,0.95,0.575,0.0,0.0,0.695311,1.04,0.841884
volkan,CAT,2026,2026-129,-1.060329,0.5,0.066667,0.916667,0.983333,0.516667,0.0,0.0,0.688844,0.84,0.81507
volkan,CAT,2026,2026-130,-2.037089,0.1,0.083333,0.25,0.333333,0.15,0.425,0.033333,0.774399,0.72,1.518667
volkan,CAT,2026,2026-131,-1.101401,0.533333,0.191667,0.791667,0.983333,0.608333,0.0,0.0,0.664264,0.88,0.731512
volkan,CAT,2026,2026-132,0.818504,0.066667,0.0,0.65,0.65,0.066667,0.041667,0.0,0.78169,1.08,1.294635
volkan,CAT,2026,2026-133,-1.464929,0.3,0.041667,0.941667,0.983333,0.325,0.0,0.0,0.703029,0.8,0.900838
volkan,CAT,2026,2026-134,-0.452364,0.2,0.05,0.591667,0.641667,0.2,0.075,0.0,0.761659,1.04,1.2046
volkan,CAT,2026,2026-135,2.106584,0.191667,0.0,0.6,0.6,0.191667,0.3,0.0,0.792816,1.4,1.466882
volkan,CAT,2026,2026-136,0.846796,0.05,0.0,0.35,0.35,0.05,0.133333,0.0,0.804579,1.2,1.442094
volkan,CAT,2026,2026-137,1.790985,0.216667,0.0,0.658333,0.658333,0.216667,0.166667,0.0,0.769849,1.32,1.268282
volkan,CAT,2026,2026-138,-0.991562,0.316667,0.116667,0.85,0.966667,0.391667,0.0,0.0,0.694623,0.92,0.867042
volkan,CAT,2026,2026-139,-2.459975,0.416667,0.083333,0.666667,0.75,0.45,0.0,0.075,0.643122,0.72,0.918215
volkan,CAT,2026,2026-140,1.516381,0.216667,0.05,0.675,0.725,0.216667,0.083333,0.0,0.752461,1.28,1.160512
volkan,CAT,2026,2026-141,-1.416943,0.675,0.166667,0.825,0.991667,0.708333,0.0,0.0,0.656521,0.84,0.686992
volkan,CAT,2026,2026-142,0.090924,0.591667,0.208333,0.75,0.958333,0.608333,0.0,0.0,0.669286,1.08,0.727781
volkan,CAT,2026,2026-143,0.217093,0.4,0.066667,0.833333,0.9,0.4,0.008333,0.0,0.711018,1.0,0.925058
volkan,CAT,2026,2026-144,-0.948896,0.208333,0.083333,0.608333,0.691667,0.225,0.008333,0.0,0.7491,0.92,1.137288
volkan,CAT,2026,2026-145,1.552633,0.0,0.0,0.325,0.325,0.0,0.216667,0.0,0.821523,1.2,1.560764
volkan,CAT,2026,2026-146,1.549338,0.708333,0.2,0.658333,0.858333,0.716667,0.083333,0.0,0.671135,1.28,0.767025
volkan,CAT,2026,2026-147,0.551444,0.6,0.058333,0.808333,0.866667,0.6,0.0,0.0,0.699777,1.24,0.871575
volkan,CAT,2026,2026-148,-0.029491,0.45,0.016667,0.933333,0.95,0.45,0.0,0.0,0.712558,1.08,0.925474
volkan,CAT,2026,2026-149,0.191437,0.216667,0.0,0.891667,0.891667,0.216667,0.0,0.0,0.732536,1.16,1.020735
volkan,CAT,2026,2026-150,-1.095908,0.5,0.141667,0.833333,0.975,0.575,0.0,0.0,0.675458,0.88,0.770848
volkan,CAT,2026,2026-151,-0.239064,0.75,0.208333,0.791667,1.0,0.75,0.0,0.0,0.652772,1.16,0.640067
volkan,CAT,2026,2026-152,-0.104933,0.233333,0.0,0.816667,0.816667,0.233333,0.0,0.0,0.739474,1.04,1.062365
volkan,CAT,2026,2026-153,-0.852233,0.608333,0.25,0.733333,0.983333,0.625,0.0,0.0,0.664761,0.96,0.706396
volkan,CAT,2026,2026-154,0.849215,0.316667,0.033333,0.716667,0.75,0.316667,0.066667,0.0,0.740226,1.2,1.087013
volkan,CAT,2026,2026-155,-1.426481,0.675,0.191667,0.725,0.916667,0.758333,0.0,0.0,0.611315,0.92,0.601878
volkan,CAT,2026,2026-156,-0.453419,0.075,0.008333,0.383333,0.391667,0.075,0.15,0.0,0.798842,0.96,1.413712
volkan,CAT,2026,2026-157,-2.252878,0.266667,0.075,0.766667,0.841667,0.325,0.0,0.025,0.682019,0.76,0.950241
volkan,CAT,2026,2026-158,0.496819,0.208333,0.0,0.883333,0.883333,0.208333,0.0,0.0,0.747297,1.24,1.10295
volkan,CAT,2026,2026-159,0.742605,0.033333,0.0,0.675,0.675,0.033333,0.0,0.0,0.779507,1.12,1.27507
volkan,CAT,2026,2026-160,0.621292,0.166667,0.0,0.9,0.9,0.166667,0.0,0.0,0.74158,1.16,1.06709
volkan,CAT,2026,2026-161,2.918087,0.0,0.0,0.325,0.325,0.0,0.433333,0.0,0.850913,1.52,1.920884
volkan,CAT,2026,2026-162,0.939791,0.0,0.0,0.45,0.45,0.0,0.1,0.0,0.802635,1.2,1.418089
volkan,CAT,2026,2026-163,-0.941991,0.458333,0.216667,0.575,0.791667,0.55,0.091667,0.0,0.688705,1.0,0.877334
volkan,CAT,2026,2026-164,2.66354,0.358333,0.125,0.458333,0.583333,0.358333,0.366667,0.0,0.772186,1.48,1.477838
volkan,CAT,2026,2026-165,-0.920318,0.233333,0.066667,0.808333,0.875,0.275,0.0,0.0,0.723971,0.96,1.001398
volkan,CAT,2026,2026-166,0.788739,0.216667,0.016667,0.658333,0.675,0.216667,0.033333,0.0,0.758133,1.28,1.171703
volkan,CAT,2026,2026-167,0.743128,0.483333,0.008333,0.925,0.933333,0.483333,0.0,0.0,0.70684,1.2,0.896425
volkan,CAT,2026,2026-168,-0.879723,0.133333,0.05,0.633333,0.683333,0.15,0.016667,0.0,0.756564,0.88,1.169489
volkan,CAT,2026,2026-169,1.395349,0.108333,0.0,0.583333,0.583333,0.108333,0.208333,0.0,0.782368,1.2,1.323313
volkan,CAT,2026,2026-170,0.354594,0.416667,0.066667,0.666667,0.733333,0.416667,0.041667,0.0,0.724927,1.08,1.012725
volkan,CAT,2026,2026-171,0.570955,0.083333,0.0,0.75,0.75,0.083333,0.008333,0.0,0.764194,1.08,1.192252
volkan,CAT,2026,2026-172,-0.675733,0.941667,0.341667,0.658333,1.0,0.966667,0.0,0.0,0.616316,1.0,0.483653
volkan,CAT,2026,2026-173,1.302633,0.358333,0.0,0.833333,0.833333,0.358333,0.083333,0.0,0.729814,1.36,1.026931
volkan,CAT,2026,2026-174,-0.860938,0.425,0.083333,0.75,0.833333,0.458333,0.025,0.0,0.708704,0.92,0.930769
volkan,CAT,2026,2026-175,-1.779159,0.375,0.075,0.8,0.875,0.391667,0.0,0.008333,0.697268,0.72,0.911794
volkan,CAT,2026,2026-176,1.425127,0.391667,0.025,0.833333,0.858333,0.391667,0.1,0.0,0.72213,1.32,0.999925
volkan,CAT,2026,2026-177,-0.426729,0.4,0.058333,0.85,0.908333,0.4,0.0,0.0,0.713844,1.12,0.939902
volkan,CAT,2026,2026-178,0.04337,0.658333,0.066667,0.908333,0.975,0.658333,0.0,0.0,0.684407,1.12,0.790335
volkan,CAT,2026,2026-179,1.922757,0.041667,0.0,0.391667,0.391667,0.041667,0.283333,0.0,0.812114,1.36,1.523555
volkan,CAT,2026,2026-180,1.136491,0.241667,0.05,0.6,0.65,0.241667,0.108333,0.0,0.758348,1.32,1.194456
volkan,CAT,2026,2026-181,0.632709,0.491667,0.1,0.825,0.925,0.491667,0.0,0.0,0.695867,1.28,0.851007
volkan,CAT,2026,2026-182,1.069914,0.333333,0.025,0.541667,0.566667,0.333333,0.3,0.0,0.7609,1.28,1.229712
volkan,CAT,2026,2026-183,-0.727509,0.375,0.033333,0.858333,0.891667,0.375,0.0,0.0,0.717733,1.0,0.955456
volkan,CAT,2026,2026-184,0.753089,0.3,0.008333,0.816667,0.825,0.3,0.0,0.0,0.739231,1.16,1.064553
volkan,CAT,2026,2026-185,1.109937,0.525,0.05,0.708333,0.758333,0.525,0.05,0.0,0.714879,1.32,0.962068
volkan,CAT,2026,2026-186,0.755422,0.275,0.0,0.875,0.875,0.275,0.0,0.0,0.736035,1.16,1.043053
volkan,CAT,2026,2026-187,-0.204135,0.133333,0.016667,0.641667,0.658333,0.133333,0.05,0.0,0.768774,1.04,1.23183
volkan,CAT,2026,2026-188,-3.747414,0.708333,0.266667,0.583333,0.85,0.725,0.0,0.108333,0.566379,0.56,0.690423
volkan,CAT,2026,2026-189,0.557303,0.066667,0.0,0.858333,0.858333,0.066667,0.0,0.0,0.758829,1.16,1.156934
volkan,CAT,2026,2026-190,0.114876,0.425,0.125,0.808333,0.933333,0.425,0.0,0.0,0.703287,1.04,0.890008
volkan,CAT,2026,2026-191,-0.369554,0.066667,0.016667,0.491667,0.508333,0.066667,0.166667,0.0,0.790057,0.96,1.363244
volkan,CAT,2026,2026-192,0.778099,0.433333,0.05,0.858333,0.908333,0.433333,0.0,0.0,0.713891,1.2,0.93573
volkan,CAT,2026,2026-193,0.265703,0.625,0.208333,0.783333,0.991667,0.641667,0.0,0.0,0.664699,1.16,0.702734
volkan,CAT,2026,2026-194,0.203956,0.3,0.075,0.783333,0.858333,0.3,0.0,0.0,0.727983,1.12,1.011587
volkan,CAT,2026,2026-195,-1.483591,0.591667,0.275,0.616667,0.891667,0.658333,0.0,0.0,0.645538,0.8,0.681527
volkan,CAT,2026,2026-196,-1.459323,0.316667,0.166667,0.75,0.916667,0.366667,0.0,0.0,0.688173,0.8,0.869112
volkan,CAT,2026,2026-197,0.370536,0.025,0.0,0.716667,0.716667,0.025,0.0,0.0,0.779743,1.08,1.273501
volkan,CAT,2026,2026-198,0.076057,0.266667,0.2,0.583333,0.783333,0.358333,0.083333,0.0,0.705353,1.16,0.95524
volkan,CAT,2026,2026-199,0.138741,0.241667,0.033333,0.708333,0.741667,0.241667,0.025,0.0,0.745416,1.12,1.104539
volkan,PFP,42,42-0,0.304717,0.558333,0.541667,0.391667,0.933333,0.825,0.0,0.0,0.56048,0.56,0.417253
volkan,PFP,42,42-1,-1.039984,0.0,0.125,0.0,0.125,0.125,0.0,0.566667,0.283078,-1.28,0.97816
volkan,PFP,42,42-2,0.750451,0.491667,0.275,0.558333,0.833333,0.533333,0.033333,0.0,0.679144,0.48,0.804475
volkan,PFP,42,42-3,0.940565,0.391667,0.141667,0.566667,0.708333,0.433333,0.15,0.0,0.72191,1.04,1.039419
volkan,PFP,42,42-4,-1.951035,0.0,0.0,0.0,0.0,0.0,0.0,1.0,0.137051,-1.44,1.934361
volkan,PFP,42,42-5,-1.30218,0.0,0.041667,0.0,0.041667,0.041667,0.0,0.808333,0.227594,-1.24,1.282906
volkan,PFP,42,42-6,0.12784,0.541667,0.516667,0.341667,0.858333,0.8,0.0,0.0,0.538783,-0.2,0.3982
volkan,PFP,42,42-7,-0.316243,0.316667,0.525,0.066667,0.591667,0.591667,0.0,0.216667,0.425251,-0.56,0.507463
volkan,PFP,42,42-8,-0.016801,0.466667,0.475,0.241667,0.716667,0.7,0.0,0.041667,0.489879,-0.24,0.418361
volkan,PFP,42,42-9,-0.853044,0.025,0.191667,0.0,0.191667,0.191667,0.0,0.5,0.301587,-0.72,0.898037
volkan,PFP,42,42-10,0.879398,0.441667,0.216667,0.6,0.816667,0.483333,0.083333,0.0,0.700252,1.16,0.915063
volkan,PFP,42,42-11,0.777792,0.508333,0.266667,0.591667,0.858333,0.566667,0.025,0.0,0.674004,0.96,0.775852
volkan,PFP,42,42-12,0.066031,0.475,0.5,0.291667,0.791667,0.708333,0.0,0.016667,0.522162,0.2,0.452165
volkan,PFP,42,42-13,1.127241,0.3,0.091667,0.641667,0.733333,0.3,0.125,0.0,0.741299,1.2,1.111101
volkan,PFP,42,42-14,0.467509,0.55,0.483333,0.491667,0.975,0.758333,0.0,0.0,0.59991,0.72,0.528575
volkan,PFP,42,42-15,-0.859292,0.025,0.216667,0.0,0.216667,0.216667,0.0,0.45,0.316018,-1.16,0.813848
volkan,PFP,42,42-16,0.368751,0.55,0.491667,0.475,0.966667,0.775,0.0,0.0,0.591895,0.24,0.497492
volkan,PFP,42,42-17,-0.958883,0.0,0.1,0.0,0.1,0.1,0.0,0.541667,0.287951,-1.04,0.949583
volkan,PFP,42,42-18,0.87845,0.516667,0.166667,0.666667,0.833333,0.525,0.016667,0.0,0.69085,0.92,0.843208
volkan,PFP,42,42-19,-0.049926,0.533333,0.6,0.233333,0.833333,0.825,0.0,0.008333,0.510883,-0.44,0.383957
volkan,PFP,42,42-20,-0.184862,0.375,0.525,0.091667,0.616667,0.616667,0.0,0.133333,0.446834,-0.0,0.428103
volkan,PFP,42,42-21,-0.68093,0.083333,0.35,0.0,0.35,0.35,0.0,0.341667,0.346785,-0.92,0.688528
volkan,PFP,42,42-22,1.222541,0.233333,0.025,0.683333,0.708333,0.233333,0.15,0.0,0.758881,1.28,1.200668
volkan,PFP,42,42-23,-0.154529,0.416667,0.466667,0.208333,0.675,0.666667,0.0,0.058333,0.473285,0.04,0.427352
volkan,PFP,42,42-24,-0.428328,0.191667,0.475,0.041667,0.516667,0.516667,0.0,0.216667,0.39629,-0.76,0.524473
volkan,PFP,42,42-25,-0.352134,0.258333,0.483333,0.066667,0.55,0.55,0.0,0.225,0.412558,-0.64,0.522351
volkan,PFP,42,42-26,0.532309,0.575,0.458333,0.475,0.933333,0.733333,0.008333,0.0,0.62609,0.8,0.592039
volkan,PFP,42,42-27,0.365444,0.558333,0.458333,0.458333,0.916667,0.733333,0.0,0.0,0.595407,0.16,0.52876
volkan,PFP,42,42-28,0.412733,0.533333,0.466667,0.475,0.941667,0.733333,0.0,0.0,0.609096,0.2,0.550078
volkan,PFP,42,42-29,0.430821,0.566667,0.475,0.491667,0.966667,0.775,0.0,0.0,0.60081,0.52,0.506873
volkan,PFP,42,42-30,2.141648,0.0,0.0,0.116667,0.116667,0.0,0.733333,0.0,0.885625,1.96,2.179222
volkan,PFP,42,42-31,-0.406415,0.258333,0.533333,0.016667,0.55,0.55,0.0,0.141667,0.416713,-0.32,0.466794
volkan,PFP,42,42-32,-0.512243,0.175,0.466667,0.016667,0.483333,0.483333,0.0,0.258333,0.390112,-0.44,0.523439
volkan,PFP,42,42-33,-0.813773,0.041667,0.233333,0.0,0.233333,0.233333,0.0,0.425,0.321901,-0.96,0.796877
volkan,PFP,42,42-34,0.615979,0.583333,0.45,0.491667,0.941667,0.725,0.008333,0.0,0.626185,0.8,0.582417
volkan,PFP,42,42-35,1.128972,0.325,0.091667,0.591667,0.683333,0.325,0.175,0.0,0.74896,1.0,1.162979
volkan,PFP,42,42-36,-0.113947,0.416667,0.5,0.183333,0.683333,0.675,0.0,0.041667,0.472996,0.08,0.416911
volkan,PFP,42,42-37,-0.840156,0.008333,0.241667,0.0,0.241667,0.241667,0.0,0.433333,0.319554,-0.64,0.795712
volkan,PFP,42,42-38,-0.824481,0.016667,0.25,0.0,0.25,0.25,0.0,0.425,0.317833,-0.6,0.808957
volkan,PFP,42,42-39,0.650593,0.591667,0.333333,0.575,0.908333,0.691667,0.016667,0.0,0.649578,1.04,0.682164
volkan,PFP,42,42-40,0.743254,0.508333,0.275,0.575,0.85,0.566667,0.066667,0.0,0.678602,0.84,0.815446
volkan,PFP,42,42-41,0.543154,0.541667,0.441667,0.508333,0.95,0.7,0.008333,0.0,0.622743,0.68,0.591023
volkan,PFP,42,42-42,-0.66551,0.091667,0.35,0.0,0.35,0.35,0.0,0.341667,0.351988,-0.84,0.660029
volkan,PFP,42,42-43,0.232161,0.483333,0.541667,0.358333,0.9,0.825,0.0,0.0,0.538432,0.64,0.391711
volkan,PFP,42,42-44,0.116686,0.475,0.558333,0.291667,0.85,0.758333,0.0,0.0,0.528722,0.36,0.421285
volkan,PFP,42,42-45,0.218689,0.516667,0.558333,0.308333,0.866667,0.808333,0.0,0.0,0.532599,0.28,0.39966
volkan,PFP,42,42-46,0.871429,0.533333,0.208333,0.65,0.858333,0.55,0.008333,0.0,0.687491,0.88,0.828889
volkan,PFP,42,42-47,0.223596,0.483333,0.5,0.375,0.875,0.733333,0.0,0.0,0.554479,0.16,0.455547
volkan,PFP,42,42-48,0.678914,0.55,0.316667,0.591667,0.908333,0.625,0.041667,0.0,0.65781,0.68,0.709694
volkan,PFP,42,42-49,0.067579,0.466667,0.541667,0.266667,0.808333,0.741667,0.0,0.0,0.516428,0.4,0.423851
volkan,PFP,42,42-50,0.289119,0.516667,0.533333,0.4,0.933333,0.8,0.0,0.0,0.562446,0.4,0.435742
volkan,PFP,42,42-51,0.631288,0.616667,0.433333,0.508333,0.941667,0.708333,0.008333,0.0,0.632944,0.64,0.601342
volkan,PFP,42,42-52,-1.457156,0.0,0.0,0.0,0.0,0.0,0.0,0.9,0.199733,-1.4,1.466675
volkan,PFP,42,42-53,-0.319671,0.266667,0.533333,0.016667,0.55,0.55,0.0,0.141667,0.421101,-0.24,0.448833
volkan,PFP,42,42-54,-0.470373,0.216667,0.433333,0.008333,0.441667,0.441667,0.0,0.241667,0.394197,-0.4,0.547208
volkan,PFP,42,42-55,-0.638878,0.141667,0.408333,0.0,0.408333,0.408333,0.0,0.308333,0.36673,-0.52,0.607388
volkan,PFP,42,42-56,-0.275142,0.35,0.558333,0.05,0.608333,0.608333,0.0,0.141667,0.43648,-0.52,0.437257
volkan,PFP,42,42-57,1.494941,0.108333,0.0,0.441667,0.441667,0.108333,0.316667,0.0,0.803404,0.96,1.478552
volkan,PFP,42,42-58,-0.865831,0.016667,0.275,0.0,0.275,0.275,0.0,0.391667,0.32567,-0.68,0.764173
volkan,PFP,42,42-59,0.968278,0.483333,0.191667,0.575,0.766667,0.483333,0.075,0.0,0.70745,0.88,0.941461
volkan,PFP,42,42-60,-1.68287,0.0,0.0,0.0,0.0,0.0,0.0,0.95,0.16773,-1.52,1.691751
volkan,PFP,42,42-61,-0.334885,0.233333,0.483333,0.066667,0.55,0.55,0.0,0.191667,0.41327,-0.68,0.498978
volkan,PFP,42,42-62,0.162753,0.425,0.541667,0.3,0.841667,0.691667,0.0,0.0,0.53934,0.32,0.452821
volkan,PFP,42,42-63,0.586222,0.516667,0.375,0.55,0.925,0.683333,0.0,0.0,0.635815,0.52,0.646079
volkan,PFP,42,42-64,0.711227,0.516667,0.341667,0.533333,0.875,0.633333,0.025,0.0,0.654598,0.88,0.698189
volkan,PFP,42,42-65,0.793347,0.6,0.225,0.658333,0.883333,0.641667,0.016667,0.0,0.670512,1.08,0.757184
volkan,PFP,42,42-66,-0.348725,0.275,0.483333,0.041667,0.525,0.525,0.0,0.166667,0.414173,-0.52,0.484843
volkan,PFP,42,42-67,-0.462352,0.258333,0.5,0.016667,0.516667,0.516667,0.0,0.2,0.407139,-0.44,0.50638
volkan,PFP,42,42-68,0.857976,0.533333,0.216667,0.608333,0.825,0.55,0.058333,0.0,0.690776,0.84,0.856052
volkan,PFP,42,42-69,-0.191304,0.375,0.525,0.125,0.65,0.65,0.0,0.116667,0.452493,0.04,0.459426
volkan,PFP,42,42-70,-1.275686,0.0,0.0,0.0,0.0,0.0,0.0,0.775,0.231945,-1.4,1.269011
volkan,PFP,42,42-71,-1.133287,0.0,0.058333,0.0,0.058333,0.058333,0.0,0.7,0.257117,-1.0,1.118115
volkan,PFP,42,42-72,-0.919452,0.0,0.183333,0.0,0.183333,0.183333,0.0,0.516667,0.302895,-1.12,0.882422
volkan,PFP,42,42-73,0.497161,0.566667,0.45,0.525,0.975,0.716667,0.0,0.0,0.618637,0.48,0.552848
volkan,PFP,42,42-74,0.142426,0.525,0.475,0.358333,0.833333,0.725,0.0,0.0,0.540836,0.2,0.457698
volkan,PFP,42,42-75,0.690485,0.558333,0.358333,0.566667,0.925,0.633333,0.025,0.0,0.648525,0.4,0.66469
volkan,PFP,42,42-76,-0.427253,0.225,0.525,0.016667,0.541667,0.541667,0.0,0.191667,0.407431,-0.44,0.475096
volkan,PFP,42,42-77,0.15854,0.5,0.516667,0.333333,0.85,0.741667,0.0,0.0,0.542087,0.48,0.437656
volkan,PFP,42,42-78,0.62559,0.575,0.391667,0.55,0.941667,0.675,0.025,0.0,0.641218,0.72,0.636248
volkan,PFP,42,42-79,-0.309347,0.258333,0.483333,0.1,0.583333,0.583333,0.0,0.15,0.427392,-0.28,0.481965
volkan,PFP,42,42-80,0.456775,0.508333,0.516667,0.425,0.941667,0.75,0.0,0.0,0.595312,0.32,0.521958
volkan,PFP,42,42-81,-0.661926,0.108333,0.358333,0.0,0.358333,0.358333,0.0,0.383333,0.349777,-0.48,0.680197
volkan,PFP,42,42-82,-0.363054,0.283333,0.516667,0.058333,0.575,0.575,0.0,0.183333,0.423631,-0.68,0.457844
volkan,PFP,42,42-83,-0.381738,0.283333,0.441667,0.091667,0.533333,0.533333,0.0,0.241667,0.413733,-0.28,0.53387
volkan,PFP,42,42-84,-1.19584,0.0,0.041667,0.0,0.041667,0.041667,0.0,0.725,0.24877,-1.32,1.155643
volkan,PFP,42,42-85,0.486972,0.616667,0.458333,0.483333,0.941667,0.758333,0.008333,0.0,0.614334,0.64,0.560967
volkan,PFP,42,42-86,-0.469402,0.233333,0.466667,0.016667,0.483333,0.483333,0.0,0.216667,0.398427,-0.32,0.531541
volkan,PFP,42,42-87,0.012494,0.5,0.466667,0.233333,0.7,0.675,0.0,0.033333,0.498705,-0.4,0.41668
volkan,PFP,42,42-88,0.480747,0.558333,0.416667,0.541667,0.958333,0.758333,0.0,0.0,0.61207,0.32,0.56102
volkan,PFP,42,42-89,0.446531,0.516667,0.483333,0.433333,0.916667,0.7,0.008333,0.0,0.603637,0.8,0.53911
volkan,PFP,42,42-90,0.665385,0.55,0.425,0.508333,0.933333,0.666667,0.008333,0.0,0.636751,0.56,0.618722
volkan,PFP,42,42-91,-0.098485,0.5,0.55,0.216667,0.766667,0.758333,0.0,0.058333,0.495046,-0.32,0.407907
volkan,PFP,42,42-92,-0.423298,0.2,0.483333,0.016667,0.5,0.5,0.0,0.191667,0.395775,-0.12,0.512446
volkan,PFP,42,42-93,-0.079718,0.408333,0.525,0.2,0.725,0.716667,0.0,0.1,0.478446,0.12,0.44419
volkan,PFP,42,42-94,-1.687334,0.0,0.0,0.0,0.0,0.0,0.0,0.95,0.170057,-1.44,1.659121
volkan,PFP,42,42-95,-1.447112,0.0,0.0,0.0,0.0,0.0,0.0,0.883333,0.206054,-1.36,1.413696
volkan,PFP,42,42-96,-1.3227,0.0,0.016667,0.0,0.016667,0.016667,0.0,0.841667,0.217559,-1.2,1.349142
volkan,PFP,42,42-97,-0.997247,0.0,0.125,0.0,0.125,0.125,0.0,0.575,0.280252,-1.08,0.998125
volkan,PFP,42,42-98,0.399774,0.583333,0.525,0.45,0.975,0.791667,0.0,0.0,0.591915,0.52,0.485075
volkan,PFP,42,42-99,-0.905479,0.025,0.158333,0.0,0.158333,0.158333,0.0,0.525,0.298382,-1.56,0.910583
volkan,PFP,42,42-100,-0.378163,0.275,0.5,0.025,0.525,0.525,0.0,0.183333,0.410934,-0.44,0.496293
volkan,PFP,42,42-101,1.299228,0.208333,0.016667,0.591667,0.608333,0.208333,0.175,0.0,0.772168,1.32,1.286031
volkan,PFP,42,42-102,-0.356264,0.241667,0.541667,0.025,0.566667,0.566667,0.0,0.175,0.417722,-0.68,0.459106
volkan,PFP,42,42-103,0.737516,0.575,0.308333,0.608333,0.916667,0.633333,0.016667,0.0,0.65874,0.88,0.708423
volkan,PFP,42,42-104,-0.933618,0.025,0.141667,0.0,0.141667,0.141667,0.0,0.45,0.304399,-1.24,0.870382
volkan,PFP,42,42-105,-0.205438,0.416667,0.516667,0.15,0.666667,0.666667,0.0,0.125,0.461321,-0.24,0.437874
volkan,PFP,42,42-106,-0.950022,0.0,0.125,0.0,0.125,0.125,0.0,0.541667,0.287847,-0.84,0.960906
volkan,PFP,42,42-107,-0.339033,0.283333,0.583333,0.016667,0.6,0.6,0.0,0.141667,0.425656,-0.6,0.432917
volkan,PFP,42,42-108,0.840308,0.525,0.25,0.591667,0.841667,0.55,0.025,0.0,0.67991,0.76,0.801128
volkan,PFP,42,42-109,-1.72732,0.0,0.0,0.0,0.0,0.0,0.0,0.983333,0.162549,-1.92,1.742087
volkan,PFP,42,42-110,0.434424,0.466667,0.458333,0.475,0.933333,0.708333,0.008333,0.0,0.596829,0.8,0.546342
volkan,PFP,42,42-111,0.237736,0.458333,0.55,0.341667,0.891667,0.783333,0.0,0.0,0.537708,0.48,0.410517
volkan,PFP,42,42-112,-0.59415,0.133333,0.441667,0.0,0.441667,0.441667,0.0,0.275,0.374793,-0.76,0.573064
volkan,PFP,42,42-113,-1.446058,0.0,0.0,0.0,0.0,0.0,0.0,0.866667,0.203023,-1.24,1.44988
volkan,PFP,42,42-114,0.07213,0.458333,0.475,0.291667,0.766667,0.708333,0.0,0.008333,0.512646,0.28,0.424718
volkan,PFP,42,42-115,-0.529493,0.15,0.475,0.0,0.475,0.475,0.0,0.283333,0.379388,-0.44,0.552618
volkan,PFP,42,42-116,0.232676,0.508333,0.508333,0.383333,0.891667,0.741667,0.0,0.0,0.565602,0.4,0.474135
volkan,PFP,42,42-117,0.021852,0.491667,0.491667,0.3,0.791667,0.733333,0.0,0.016667,0.517534,0.16,0.418554
volkan,PFP,42,42-118,1.601779,0.075,0.0,0.375,0.375,0.075,0.425,0.0,0.820217,1.6,1.593725
volkan,PFP,42,42-119,-0.239356,0.358333,0.525,0.108333,0.633333,0.633333,0.0,0.091667,0.451006,0.0,0.434567
volkan,PFP,42,42-120,-1.023497,0.0,0.091667,0.0,0.091667,0.091667,0.0,0.55,0.287824,-1.08,0.946304
volkan,PFP,42,42-121,0.179276,0.458333,0.475,0.366667,0.841667,0.7,0.0,0.0,0.553651,0.52,0.481187
volkan,PFP,42,42-122,0.219997,0.483333,0.516667,0.375,0.891667,0.766667,0.0,0.0,0.550158,0.28,0.443976
volkan,PFP,42,42-123,1.359188,0.141667,0.0,0.591667,0.591667,0.141667,0.175,0.0,0.779173,1.44,1.327264
volkan,PFP,42,42-124,0.835111,0.55,0.25,0.608333,0.858333,0.575,0.016667,0.0,0.679764,0.72,0.796284
volkan,PFP,42,42-125,0.356871,0.5,0.491667,0.408333,0.9,0.75,0.0,0.0,0.578852,0.6,0.500541
volkan,PFP,42,42-126,1.463303,0.133333,0.0,0.441667,0.441667,0.133333,0.341667,0.0,0.802593,1.56,1.492848
volkan,PFP,42,42-127,-1.188763,0.0,0.066667,0.0,0.066667,0.066667,0.0,0.741667,0.247793,-1.08,1.16637
volkan,PFP,42,42-128,-0.639752,0.091667,0.375,0.0,0.375,0.375,0.0,0.35,0.35739,-0.64,0.660326
volkan,PFP,42,42-129,-0.926576,0.0,0.175,0.0,0.175,0.175,0.0,0.491667,0.303523,-1.2,0.875051
volkan,PFP,42,42-130,-0.38981,0.3,0.55,0.008333,0.558333,0.558333,0.0,0.183333,0.417457,-0.6,0.465761
volkan,PFP,42,42-131,-1.376686,0.0,0.0,0.0,0.0,0.0,0.0,0.825,0.219615,-1.32,1.338484
volkan,PFP,42,42-132,0.635151,0.566667,0.408333,0.516667,0.925,0.675,0.016667,0.0,0.641698,0.88,0.639749
volkan,PFP,42,42-133,-0.222223,0.375,0.416667,0.175,0.591667,0.591667,0.0,0.225,0.436924,-0.12,0.557341
volkan,PFP,42,42-134,-1.470806,0.0,0.0,0.0,0.0,0.0,0.0,0.875,0.203917,-1.44,1.465847
volkan,PFP,42,42-135,-1.015579,0.0,0.116667,0.0,0.116667,0.116667,0.0,0.575,0.274468,-0.8,1.030113
volkan,PFP,42,42-136,0.313514,0.5,0.433333,0.458333,0.891667,0.7,0.0,0.0,0.587625,0.48,0.527824
volkan,PFP,42,42-137,0.838127,0.525,0.233333,0.583333,0.816667,0.55,0.066667,0.0,0.689657,0.84,0.85982
volkan,PFP,42,42-138,1.996731,0.0,0.0,0.141667,0.141667,0.0,0.6,0.0,0.865285,1.72,1.947466
volkan,PFP,42,42-139,2.913862,0.0,0.0,0.0,0.0,0.0,1.0,0.0,0.942286,2.08,2.929869
volkan,PFP,42,42-140,0.414409,0.558333,0.5,0.466667,0.966667,0.741667,0.0,0.0,0.596338,0.52,0.513812
volkan,PFP,42,42-141,-0.989538,0.0,0.141667,0.0,0.141667,0.141667,0.0,0.583333,0.285023,-1.32,0.978731
volkan,PFP,42,42-142,-2.132046,0.0,0.0,0.0,0.0,0.0,0.0,1.0,0.118053,-1.88,2.10675
volkan,PFP,42,42-143,0.267711,0.533333,0.516667,0.358333,0.875,0.758333,0.0,0.0,0.548496,-0.04,0.441095
volkan,PFP,42,42-144,-0.812941,0.05,0.225,0.0,0.225,0.225,0.0,0.466667,0.30919,-1.12,0.861867
volkan,PFP,42,42-145,-0.415357,0.258333,0.5,0.033333,0.533333,0.533333,0.0,0.166667,0.412307,-0.28,0.496228
volkan,PFP,42,42-146,-0.612097,0.141667,0.366667,0.0,0.366667,0.366667,0.0,0.341667,0.359824,-0.36,0.646998
volkan,PFP,42,42-147,-0.140791,0.433333,0.491667,0.175,0.666667,0.666667,0.0,0.058333,0.474814,-0.08,0.416489
volkan,PFP,42,42-148,1.06598,0.35,0.108333,0.575,0.683333,0.35,0.15,0.0,0.737177,0.84,1.100265
volkan,PFP,42,42-149,0.157049,0.516667,0.508333,0.333333,0.841667,0.758333,0.0,0.0,0.533733,-0.12,0.423503
volkan,PFP,42,42-150,-0.158635,0.466667,0.516667,0.166667,0.683333,0.683333,0.0,0.091667,0.470321,-0.6,0.432688
volkan,PFP,42,42-151,-1.035654,0.0,0.125,0.0,0.125,0.125,0.0,0.616667,0.273133,-1.24,1.039243
volkan,PFP,42,42-152,-1.674683,0.0,0.0,0.0,0.0,0.0,0.0,0.925,0.169492,-1.64,1.708922
volkan,PFP,42,42-153,-0.486308,0.2,0.491667,0.0,0.491667,0.491667,0.0,0.266667,0.39194,-0.48,0.541079
volkan,PFP,42,42-154,-0.053783,0.433333,0.491667,0.191667,0.683333,0.675,0.0,0.033333,0.476327,0.12,0.416118
volkan,PFP,42,42-155,1.76793,0.008333,0.0,0.283333,0.283333,0.008333,0.466667,0.0,0.839971,1.44,1.735449
volkan,PFP,42,42-156,0.130275,0.433333,0.491667,0.308333,0.8,0.716667,0.0,0.0,0.518806,0.36,0.435602
volkan,PFP,42,42-157,0.98274,0.425,0.15,0.591667,0.741667,0.425,0.158333,0.0,0.723248,1.2,1.046162
volkan,PFP,42,42-158,-0.499296,0.175,0.491667,0.0,0.491667,0.491667,0.0,0.241667,0.392428,-0.56,0.518986
volkan,PFP,42,42-159,-1.184944,0.0,0.058333,0.0,0.058333,0.058333,0.0,0.666667,0.249814,-1.08,1.169871
volkan,PFP,42,42-160,-0.965117,0.0,0.133333,0.0,0.133333,0.133333,0.0,0.583333,0.287214,-1.2,0.962513
volkan,PFP,42,42-161,-0.725226,0.05,0.366667,0.0,0.366667,0.366667,0.0,0.366667,0.348863,-0.6,0.666354
volkan,PFP,42,42-162,2.12847,0.0,0.0,0.108333,0.108333,0.0,0.733333,0.0,0.883792,1.92,2.155372
volkan,PFP,42,42-163,-0.821387,0.066667,0.341667,0.0,0.341667,0.341667,0.0,0.416667,0.334516,-0.6,0.744143
volkan,PFP,42,42-164,0.838489,0.491667,0.233333,0.591667,0.825,0.525,0.05,0.0,0.693046,0.92,0.871496
volkan,PFP,42,42-165,-0.902927,0.033333,0.158333,0.0,0.158333,0.158333,0.0,0.6,0.294053,-1.28,0.931669
volkan,PFP,42,42-166,0.931573,0.441667,0.141667,0.633333,0.775,0.458333,0.058333,0.0,0.709459,0.76,0.945387
volkan,PFP,42,42-167,0.384951,0.533333,0.5,0.433333,0.933333,0.775,0.0,0.0,0.57781,0.36,0.47805
volkan,PFP,42,42-168,-0.156638,0.433333,0.55,0.133333,0.683333,0.683333,0.0,0.066667,0.468161,-0.52,0.388948
volkan,PFP,42,42-169,-0.040763,0.4,0.475,0.191667,0.666667,0.633333,0.0,0.125,0.471676,-0.08,0.477497
volkan,PFP,42,42-170,-0.654788,0.075,0.391667,0.0,0.391667,0.391667,0.0,0.35,0.355659,-0.64,0.643425
volkan,PFP,42,42-171,0.446072,0.583333,0.475,0.466667,0.941667,0.775,0.008333,0.0,0.602415,0.84,0.538397
volkan,PFP,42,42-172,-0.454983,0.166667,0.383333,0.033333,0.416667,0.416667,0.0,0.308333,0.377903,-0.6,0.606723
volkan,PFP,42,42-173,-1.225606,0.0,0.075,0.0,0.075,0.075,0.0,0.733333,0.240006,-1.28,1.222703
volkan,PFP,42,42-174,-1.277938,0.0,0.041667,0.0,0.041667,0.041667,0.0,0.716667,0.227078,-1.28,1.31199
volkan,PFP,42,42-175,0.172588,0.5,0.508333,0.3,0.808333,0.725,0.0,0.0,0.529807,0.0,0.440518
volkan,PFP,42,42-176,1.579091,0.041667,0.0,0.458333,0.458333,0.041667,0.358333,0.0,0.814563,1.56,1.564728
volkan,PFP,42,42-177,0.159992,0.525,0.55,0.366667,0.916667,0.816667,0.0,0.0,0.550156,0.2,0.424716
volkan,PFP,42,42-178,-0.118638,0.458333,0.516667,0.183333,0.7,0.7,0.0,0.116667,0.468044,-0.36,0.437247
volkan,PFP,42,42-179,0.285826,0.533333,0.483333,0.408333,0.891667,0.75,0.0,0.0,0.57817,0.36,0.503766
volkan,PFP,42,42-180,1.306002,0.208333,0.058333,0.583333,0.641667,0.208333,0.241667,0.0,0.773247,1.28,1.314505
volkan,PFP,42,42-181,0.219383,0.5,0.458333,0.333333,0.791667,0.691667,0.0,0.008333,0.531803,-0.12,0.453949
volkan,PFP,42,42-182,-0.410927,0.225,0.483333,0.016667,0.5,0.5,0.0,0.183333,0.40299,-0.24,0.4952
volkan,PFP,42,42-183,1.106289,0.341667,0.083333,0.666667,0.75,0.341667,0.116667,0.0,0.73648,1.2,1.083977
volkan,PFP,42,42-184,0.428756,0.566667,0.5,0.483333,0.983333,0.783333,0.008333,0.0,0.596073,0.64,0.513244
volkan,PFP,42,42-185,1.535756,0.108333,0.0,0.375,0.375,0.108333,0.341667,0.0,0.810153,1.56,1.527581
volkan,PFP,42,42-186,0.183234,0.5,0.541667,0.333333,0.875,0.783333,0.0,0.0,0.540013,0.08,0.42005
volkan,PFP,42,42-187,-1.224469,0.0,0.016667,0.0,0.016667,0.016667,0.0,0.775,0.23966,-1.2,1.215308
volkan,PFP,42,42-188,-1.368159,0.0,0.0,0.0,0.0,0.0,0.0,0.808333,0.217422,-1.36,1.357163
volkan,PFP,42,42-189,1.650928,0.066667,0.0,0.366667,0.366667,0.066667,0.458333,0.0,0.828277,1.72,1.670704
volkan,PFP,42,42-190,1.723666,0.041667,0.0,0.316667,0.316667,0.041667,0.433333,0.0,0.832895,1.6,1.688973
volkan,PFP,42,42-191,-0.179519,0.383333,0.5,0.141667,0.641667,0.641667,0.0,0.108333,0.45722,-0.44,0.439064
volkan,PFP,42,42-192,-0.383187,0.291667,0.483333,0.05,0.533333,0.533333,0.0,0.216667,0.415834,-0.12,0.516559
volkan,PFP,42,42-193,1.461444,0.15,0.0,0.45,0.45,0.15,0.35,0.0,0.7996,1.84,1.474904
volkan,PFP,42,42-194,-1.107046,0.0,0.091667,0.0,0.091667,0.091667,0.0,0.716667,0.255033,-1.16,1.135037
volkan,PFP,42,42-195,-0.894727,0.016667,0.208333,0.0,0.208333,0.208333,0.0,0.5,0.306897,-1.56,0.860344
volkan,PFP,42,42-196,0.643327,0.591667,0.375,0.558333,0.933333,0.658333,0.008333,0.0,0.648457,0.68,0.663341
volkan,PFP,42,42-197,-0.394605,0.3,0.516667,0.016667,0.533333,0.533333,0.0,0.225,0.410808,-0.6,0.50628
volkan,PFP,42,42-198,-0.005122,0.416667,0.408333,0.233333,0.641667,0.625,0.0,0.058333,0.480709,0.12,0.435253
volkan,PFP,42,42-199,-0.163443,0.408333,0.516667,0.158333,0.675,0.675,0.0,0.116667,0.460508,-0.28,0.434451
volkan,PFP,137,137-0,-0.83988,0.033333,0.225,0.0,0.225,0.225,0.0,0.425,0.316268,-0.8,0.816495
volkan,PFP,137,137-1,-0.732168,0.058333,0.333333,0.0,0.333333,0.333333,0.0,0.375,0.34016,-0.64,0.711589
volkan,PFP,137,137-2,-0.626851,0.15,0.383333,0.0,0.383333,0.383333,0.0,0.35,0.356278,-0.84,0.689733
volkan,PFP,137,137-3,0.00625,0.475,0.558333,0.241667,0.8,0.758333,0.0,0.025,0.508146,-0.08,0.415564
volkan,PFP,137,137-4,-0.570385,0.125,0.458333,0.0,0.458333,0.458333,0.0,0.3,0.379538,-0.68,0.562167
volkan,PFP,137,137-5,-1.007635,0.0,0.15,0.0,0.15,0.15,0.0,0.566667,0.285687,-1.48,0.965335
volkan,PFP,137,137-6,0.22413,0.483333,0.55,0.35,0.9,0.791667,0.0,0.0,0.547973,0.12,0.428361
volkan,PFP,137,137-7,-0.680806,0.1,0.4,0.0,0.4,0.4,0.0,0.333333,0.359309,-0.48,0.631514
volkan,PFP,137,137-8,-1.975848,0.0,0.0,0.0,0.0,0.0,0.0,1.0,0.132691,-1.56,1.967685
volkan,PFP,137,137-9,1.958634,0.0,0.0,0.175,0.175,0.0,0.6,0.0,0.859549,1.84,1.886278
volkan,PFP,137,137-10,1.619418,0.033333,0.0,0.391667,0.391667,0.033333,0.358333,0.0,0.818876,1.4,1.592341
volkan,PFP,137,137-11,-1.046955,0.0,0.108333,0.0,0.108333,0.108333,0.0,0.558333,0.277411,-0.6,1.0101
volkan,PFP,137,137-12,-0.352262,0.275,0.45,0.041667,0.491667,0.491667,0.0,0.225,0.407191,-0.12,0.529632
volkan,PFP,137,137-13,-0.039214,0.458333,0.466667,0.241667,0.708333,0.691667,0.0,0.075,0.486445,-0.16,0.442056
volkan,PFP,137,137-14,0.968455,0.441667,0.175,0.583333,0.758333,0.441667,0.091667,0.0,0.713858,1.0,0.976411
volkan,PFP,137,137-15,-2.598075,0.0,0.0,0.0,0.0,0.0,0.0,1.0,0.075876,-1.88,2.639432
volkan,PFP,137,137-16,-0.838116,0.025,0.25,0.0,0.25,0.25,0.0,0.458333,0.311883,-0.84,0.843683
volkan,PFP,137,137-17,0.165563,0.475,0.508333,0.35,0.858333,0.775,0.0,0.0,0.537918,0.16,0.425033
volkan,PFP,137,137-18,-1.815344,0.0,0.0,0.0,0.0,0.0,0.0,1.0,0.150354,-1.68,1.849009
volkan,PFP,137,137-19,-0.640166,0.083333,0.4,0.0,0.4,0.4,0.0,0.358333,0.354295,-0.48,0.662748
volkan,PFP,137,137-20,-0.300888,0.283333,0.491667,0.066667,0.558333,0.558333,0.0,0.158333,0.423846,-0.2,0.47806
volkan,PFP,137,137-21,-0.448263,0.241667,0.541667,0.016667,0.558333,0.558333,0.0,0.208333,0.412385,-0.52,0.463349
volkan,PFP,137,137-22,-1.043383,0.0,0.116667,0.0,0.116667,0.116667,0.0,0.608333,0.273566,-1.12,1.0322
volkan,PFP,137,137-23,1.046346,0.4,0.116667,0.675,0.791667,0.4,0.075,0.0,0.722194,1.12,1.006188
volkan,PFP,137,137-24,-0.594046,0.091667,0.325,0.0,0.325,0.325,0.0,0.366667,0.358045,-0.6,0.660825
volkan,PFP,137,137-25,0.783179,0.55,0.283333,0.583333,0.866667,0.566667,0.025,0.0,0.67777,0.44,0.789906
volkan,PFP,137,137-26,-0.373046,0.325,0.5,0.075,0.575,0.575,0.0,0.183333,0.427399,-0.2,0.471995
volkan,PFP,137,137-27,0.152686,0.525,0.525,0.375,0.9,0.8,0.0,0.0,0.54829,0.08,0.415182
volkan,PFP,137,137-28,-0.453875,0.183333,0.458333,0.016667,0.475,0.475,0.0,0.225,0.391243,-0.72,0.531164
volkan,PFP,137,137-29,1.015703,0.4,0.083333,0.65,0.733333,0.4,0.108333,0.0,0.730507,0.6,1.055202
volkan,PFP,137,137-30,0.314326,0.533333,0.525,0.416667,0.941667,0.783333,0.0,0.0,0.581455,0.4,0.483045
volkan,PFP,137,137-31,-0.949702,0.0,0.175,0.0,0.175,0.175,0.0,0.575,0.283722,-1.0,0.983408
volkan,PFP,137,137-32,0.720263,0.491667,0.275,0.591667,0.866667,0.591667,0.008333,0.0,0.666888,0.96,0.745071
volkan,PFP,137,137-33,2.65798,0.0,0.0,0.0,0.0,0.0,0.966667,0.0,0.926768,1.8,2.637902
volkan,PFP,137,137-34,-1.741191,0.0,0.0,0.0,0.0,0.0,0.0,0.975,0.159938,-1.44,1.746539
volkan,PFP,137,137-35,-0.080598,0.425,0.483333,0.191667,0.675,0.658333,0.0,0.058333,0.474071,0.04,0.418348
volkan,PFP,137,137-36,0.022184,0.475,0.5,0.291667,0.791667,0.725,0.0,0.033333,0.516324,0.32,0.417863
volkan,PFP,137,137-37,-0.198292,0.416667,0.516667,0.133333,0.65,0.65,0.0,0.125,0.45876,-0.36,0.441392
volkan,PFP,137,137-38,0.913303,0.45,0.158333,0.616667,0.775,0.45,0.083333,0.0,0.70697,1.32,0.943557
volkan,PFP,137,137-39,-0.192114,0.375,0.483333,0.15,0.633333,0.633333,0.0,0.133333,0.449749,-0.24,0.476282
volkan,PFP,137,137-40,0.840026,0.541667,0.316667,0.558333,0.875,0.6,0.0,0.0,0.663794,0.4,0.735331
volkan,PFP,137,137-41,0.635433,0.525,0.316667,0.566667,0.883333,0.625,0.025,0.0,0.654696,0.92,0.709146
volkan,PFP,137,137-42,-0.996261,0.0,0.125,0.0,0.125,0.125,0.0,0.558333,0.284341,-0.76,0.973631
volkan,PFP,137,137-43,-1.106161,0.0,0.058333,0.0,0.058333,0.058333,0.0,0.675,0.259514,-1.08,1.100971
volkan,PFP,137,137-44,1.787637,0.008333,0.0,0.291667,0.291667,0.008333,0.508333,0.0,0.845157,1.72,1.801755
volkan,PFP,137,137-45,-0.190261,0.358333,0.458333,0.133333,0.591667,0.591667,0.0,0.1,0.452052,0.04,0.425691
volkan,PFP,137,137-46,0.101085,0.491667,0.541667,0.325,0.866667,0.775,0.0,0.0,0.535431,0.32,0.419049
volkan,PFP,137,137-47,1.554169,0.058333,0.0,0.375,0.375,0.058333,0.341667,0.0,0.81028,1.56,1.513053
volkan,PFP,137,137-48,0.664131,0.65,0.391667,0.566667,0.958333,0.7,0.0,0.0,0.639948,0.84,0.615118
volkan,PFP,137,137-49,-0.630889,0.141667,0.35,0.0,0.35,0.35,0.0,0.333333,0.358824,-0.48,0.655266
volkan,PFP,137,137-50,-0.331603,0.308333,0.516667,0.041667,0.558333,0.558333,0.0,0.225,0.418775,-0.48,0.504446
volkan,PFP,137,137-51,1.076932,0.35,0.091667,0.625,0.716667,0.35,0.175,0.0,0.739328,1.2,1.124761
volkan,PFP,137,137-52,1.370465,0.166667,0.008333,0.525,0.533333,0.166667,0.15,0.0,0.780202,1.48,1.324553
volkan,PFP,137,137-53,-0.338788,0.341667,0.516667,0.083333,0.6,0.6,0.0,0.108333,0.444971,-0.2,0.427233
volkan,PFP,137,137-54,1.3345,0.2,0.0,0.583333,0.583333,0.2,0.116667,0.0,0.772086,1.36,1.271293
volkan,PFP,137,137-55,-0.37606,0.225,0.458333,0.041667,0.5,0.5,0.0,0.266667,0.395491,-0.28,0.56682
volkan,PFP,137,137-56,0.191903,0.508333,0.516667,0.333333,0.85,0.75,0.0,0.0,0.540322,0.28,0.437735
volkan,PFP,137,137-57,-1.292154,0.0,0.008333,0.0,0.008333,0.008333,0.0,0.775,0.236869,-1.6,1.224383
volkan,PFP,137,137-58,-0.223985,0.391667,0.533333,0.108333,0.641667,0.641667,0.0,0.133333,0.454085,-0.2,0.434276
volkan,PFP,137,137-59,0.499185,0.591667,0.425,0.508333,0.933333,0.741667,0.008333,0.0,0.621331,0.76,0.57286
volkan,PFP,137,137-60,0.37522,0.516667,0.483333,0.483333,0.966667,0.741667,0.0,0.0,0.590696,0.24,0.511611
volkan,PFP,137,137-61,0.742053,0.583333,0.358333,0.533333,0.891667,0.625,0.016667,0.0,0.659264,0.8,0.705793
volkan,PFP,137,137-62,-0.721375,0.066667,0.316667,0.0,0.316667,0.316667,0.0,0.375,0.340607,-0.76,0.709457
volkan,PFP,137,137-63,-0.202698,0.375,0.533333,0.091667,0.625,0.625,0.0,0.091667,0.452026,-0.28,0.414123
volkan,PFP,137,137-64,-0.106074,0.4,0.475,0.216667,0.691667,0.675,0.0,0.1,0.474074,-0.16,0.471141
volkan,PFP,137,137-65,1.702647,0.033333,0.0,0.316667,0.316667,0.033333,0.45,0.0,0.833937,1.72,1.708006
volkan,PFP,137,137-66,-1.218646,0.0,0.025,0.0,0.025,0.025,0.0,0.741667,0.23705,-1.04,1.230582
volkan,PFP,137,137-67,-0.292621,0.341667,0.491667,0.1,0.591667,0.591667,0.0,0.183333,0.431709,-0.48,0.479466
volkan,PFP,137,137-68,-0.121263,0.45,0.491667,0.175,0.666667,0.666667,0.0,0.083333,0.468964,-0.2,0.424453
volkan,PFP,137,137-69,3.110762,0.0,0.0,0.0,0.0,0.0,1.0,0.0,0.95203,2.28,3.145739
volkan,PFP,137,137-70,0.607553,0.558333,0.341667,0.541667,0.883333,0.675,0.025,0.0,0.648042,1.08,0.688777
volkan,PFP,137,137-71,-0.057651,0.475,0.5,0.166667,0.666667,0.666667,0.0,0.058333,0.476383,-0.2,0.406387
volkan,PFP,137,137-72,0.04985,0.45,0.416667,0.3,0.716667,0.666667,0.0,0.05,0.501723,-0.12,0.444234
volkan,PFP,137,137-73,-1.56946,0.0,0.0,0.0,0.0,0.0,0.0,0.908333,0.183797,-1.52,1.588441
volkan,PFP,137,137-74,0.103745,0.483333,0.491667,0.35,0.841667,0.7,0.0,0.0,0.542858,-0.04,0.480824
volkan,PFP,137,137-75,1.292329,0.258333,0.016667,0.558333,0.575,0.258333,0.158333,0.0,0.771594,1.56,1.289532
volkan,PFP,137,137-76,-0.193478,0.366667,0.541667,0.075,0.616667,0.616667,0.0,0.091667,0.450232,-0.4,0.407401
volkan,PFP,137,137-77,-0.482773,0.166667,0.466667,0.0,0.466667,0.466667,0.0,0.208333,0.389675,-0.64,0.527921
volkan,PFP,137,137-78,-0.320344,0.283333,0.516667,0.05,0.566667,0.566667,0.0,0.15,0.427192,-0.4,0.460854
volkan,PFP,137,137-79,0.822072,0.475,0.208333,0.608333,0.816667,0.516667,0.066667,0.0,0.694413,1.0,0.889903
volkan,PFP,137,137-80,0.605951,0.583333,0.4,0.516667,0.916667,0.691667,0.016667,0.0,0.633306,0.92,0.624675
volkan,PFP,137,137-81,1.128074,0.341667,0.075,0.625,0.7,0.341667,0.133333,0.0,0.744365,1.24,1.130268
volkan,PFP,137,137-82,0.204276,0.516667,0.466667,0.366667,0.833333,0.75,0.0,0.008333,0.53723,0.0,0.434579
volkan,PFP,137,137-83,0.745318,0.583333,0.325,0.558333,0.883333,0.625,0.033333,0.0,0.662457,1.08,0.723352
volkan,PFP,137,137-84,-0.890788,0.0,0.166667,0.0,0.166667,0.166667,0.0,0.433333,0.30909,-1.04,0.846114
volkan,PFP,137,137-85,0.138789,0.433333,0.475,0.308333,0.783333,0.65,0.0,0.016667,0.535193,0.52,0.47177
volkan,PFP,137,137-86,-1.118181,0.0,0.066667,0.0,0.066667,0.066667,0.0,0.608333,0.273045,-1.0,1.028689
volkan,PFP,137,137-87,-0.632498,0.083333,0.358333,0.0,0.358333,0.358333,0.0,0.375,0.347457,-0.64,0.687402
volkan,PFP,137,137-88,-0.884575,0.0,0.216667,0.0,0.216667,0.216667,0.0,0.475,0.306435,-0.64,0.862473
volkan,PFP,137,137-89,-0.121239,0.425,0.475,0.2,0.675,0.675,0.0,0.1,0.470765,-0.16,0.44256
volkan,PFP,137,137-90,1.080744,0.366667,0.075,0.616667,0.691667,0.366667,0.125,0.0,0.740934,0.96,1.112378
volkan,PFP,137,137-91,0.415538,0.608333,0.55,0.45,1.0,0.833333,0.0,0.0,0.5872,0.56,0.447055
volkan,PFP,137,137-92,-1.122452,0.0,0.075,0.0,0.075,0.075,0.0,0.65,0.264186,-0.88,1.080112
volkan,PFP,137,137-93,0.608223,0.483333,0.4,0.483333,0.883333,0.616667,0.025,0.0,0.636455,0.8,0.66804
volkan,PFP,137,137-94,2.18768,0.0,0.0,0.058333,0.058333,0.0,0.758333,0.0,0.886199,1.88,2.147717
volkan,PFP,137,137-95,1.339749,0.225,0.025,0.558333,0.583333,0.225,0.216667,0.0,0.774358,0.92,1.305649
volkan,PFP,137,137-96,0.715568,0.525,0.291667,0.6,0.891667,0.633333,0.0,0.0,0.655841,1.0,0.711669
volkan,PFP,137,137-97,1.20599,0.266667,0.025,0.7,0.725,0.266667,0.091667,0.0,0.751231,1.44,1.151925
volkan,PFP,137,137-98,1.233436,0.233333,0.041667,0.6,0.641667,0.233333,0.2,0.0,0.766319,1.2,1.26971
volkan,PFP,137,137-99,0.341164,0.608333,0.466667,0.475,0.941667,0.808333,0.0,0.0,0.589393,0.08,0.484699
volkan,PFP,137,137-100,-0.340886,0.325,0.508333,0.075,0.583333,0.583333,0.0,0.166667,0.432689,-0.12,0.460017
volkan,PFP,137,137-101,2.087957,0.0,0.0,0.108333,0.108333,0.0,0.7,0.0,0.876046,1.76,2.061713
volkan,PFP,137,137-102,0.368075,0.558333,0.558333,0.4,0.958333,0.833333,0.0,0.0,0.5679,0.44,0.419063
volkan,PFP,137,137-103,1.291066,0.2,0.016667,0.633333,0.65,0.2,0.175,0.0,0.770032,1.2,1.265794
volkan,PFP,137,137-104,0.010497,0.458333,0.458333,0.266667,0.725,0.683333,0.0,0.058333,0.499516,0.04,0.446706
volkan,PFP,137,137-105,2.161759,0.0,0.0,0.058333,0.058333,0.0,0.75,0.0,0.882684,1.8,2.116492
volkan,PFP,137,137-106,-3.001345,0.0,0.0,0.0,0.0,0.0,0.0,1.0,0.052875,-2.28,3.051322
volkan,PFP,137,137-107,-0.262965,0.325,0.533333,0.066667,0.6,0.6,0.0,0.141667,0.436622,-0.32,0.445498
volkan,PFP,137,137-108,-2.964778,0.0,0.0,0.0,0.0,0.0,0.0,1.0,0.054674,-2.16,3.013239
volkan,PFP,137,137-109,1.678688,0.058333,0.0,0.325,0.325,0.058333,0.483333,0.0,0.834286,1.44,1.718045
volkan,PFP,137,137-110,-0.57792,0.108333,0.433333,0.0,0.433333,0.433333,0.0,0.308333,0.372734,-0.64,0.579573
volkan,PFP,137,137-111,1.266303,0.275,0.008333,0.658333,0.666667,0.275,0.175,0.0,0.761236,1.32,1.224558
volkan,PFP,137,137-112,-0.473743,0.283333,0.525,0.0,0.525,0.525,0.0,0.241667,0.400195,-0.6,0.53763
volkan,PFP,137,137-113,-0.641194,0.125,0.375,0.0,0.375,0.375,0.0,0.35,0.354125,-0.64,0.668431
volkan,PFP,137,137-114,-0.389012,0.291667,0.516667,0.058333,0.575,0.575,0.0,0.25,0.414804,-0.4,0.506861
volkan,PFP,137,137-115,-0.249659,0.325,0.525,0.066667,0.591667,0.591667,0.0,0.116667,0.437097,-0.36,0.427141
volkan,PFP,137,137-116,1.255613,0.266667,0.0,0.691667,0.691667,0.266667,0.133333,0.0,0.760039,1.32,1.206612
volkan,PFP,137,137-117,-0.686074,0.116667,0.366667,0.0,0.366667,0.366667,0.0,0.333333,0.354711,-0.76,0.664966
volkan,PFP,137,137-118,-1.848787,0.0,0.0,0.0,0.0,0.0,0.0,1.0,0.14864,-1.76,1.85303
volkan,PFP,137,137-119,-0.31704,0.35,0.5,0.083333,0.583333,0.583333,0.0,0.208333,0.423961,-0.28,0.511318
volkan,PFP,137,137-120,1.942559,0.0,0.0,0.208333,0.208333,0.0,0.683333,0.0,0.864119,1.8,1.955139
volkan,PFP,137,137-121,2.226408,0.0,0.0,0.058333,0.058333,0.0,0.758333,0.0,0.891885,1.88,2.230453
volkan,PFP,137,137-122,0.103639,0.525,0.425,0.375,0.8,0.758333,0.0,0.016667,0.527985,-0.2,0.431135
volkan,PFP,137,137-123,-1.255067,0.0,0.058333,0.0,0.058333,0.058333,0.0,0.725,0.225658,-1.6,1.337665
volkan,PFP,137,137-124,-1.5471,0.0,0.0,0.0,0.0,0.0,0.0,0.916667,0.188039,-1.64,1.548436
volkan,PFP,137,137-125,0.111437,0.491667,0.533333,0.266667,0.8,0.733333,0.0,0.0,0.519289,-0.2,0.415908
volkan,PFP,137,137-126,0.22928,0.491667,0.508333,0.375,0.883333,0.741667,0.0,0.0,0.558732,0.4,0.469224
volkan,PFP,137,137-127,-0.903158,0.008333,0.15,0.0,0.15,0.15,0.0,0.458333,0.306815,-1.08,0.856031
volkan,PFP,137,137-128,-0.146796,0.383333,0.5,0.133333,0.633333,0.633333,0.0,0.141667,0.450268,-0.04,0.472313
volkan,PFP,137,137-129,1.006923,0.391667,0.15,0.658333,0.808333,0.391667,0.108333,0.0,0.719694,1.24,0.996997
volkan,PFP,137,137-130,-0.146176,0.425,0.466667,0.225,0.691667,0.691667,0.0,0.116667,0.473516,-0.4,0.479224
volkan,PFP,137,137-131,-0.314946,0.391667,0.558333,0.058333,0.616667,0.616667,0.0,0.133333,0.440614,-0.44,0.43759
volkan,PFP,137,137-132,0.600451,0.525,0.416667,0.541667,0.958333,0.683333,0.0,0.0,0.627264,0.2,0.600901
volkan,PFP,137,137-133,-1.159657,0.0,0.05,0.0,0.05,0.05,0.0,0.633333,0.255696,-1.12,1.134266
volkan,PFP,137,137-134,0.151749,0.475,0.483333,0.35,0.833333,0.716667,0.0,0.0,0.54153,0.16,0.457413
volkan,PFP,137,137-135,0.33816,0.508333,0.533333,0.416667,0.95,0.8,0.0,0.0,0.565872,0.56,0.432218
volkan,PFP,137,137-136,0.007584,0.5,0.575,0.225,0.8,0.783333,0.0,0.016667,0.50269,-0.0,0.389083
volkan,PFP,137,137-137,-0.298613,0.308333,0.466667,0.083333,0.55,0.55,0.0,0.183333,0.426025,-0.84,0.501539
volkan,PFP,137,137-138,-0.029487,0.45,0.541667,0.25,0.791667,0.758333,0.0,0.016667,0.49886,0.08,0.402926
volkan,PFP,137,137-139,1.095607,0.408333,0.066667,0.7,0.766667,0.408333,0.1,0.0,0.727362,1.0,1.04021
volkan,PFP,137,137-140,-2.407855,0.0,0.0,0.0,0.0,0.0,0.0,1.0,0.09274,-1.88,2.383549
volkan,PFP,137,137-141,0.970356,0.5,0.141667,0.666667,0.808333,0.5,0.066667,0.0,0.708071,1.0,0.932074
volkan,PFP,137,137-142,-0.054668,0.433333,0.475,0.25,0.725,0.675,0.0,0.033333,0.496424,-0.12,0.434364
volkan,PFP,137,137-143,-0.557724,0.125,0.425,0.0,0.425,0.425,0.0,0.308333,0.367023,-0.8,0.620846
volkan,PFP,137,137-144,0.202865,0.458333,0.55,0.333333,0.883333,0.775,0.0,0.0,0.541215,0.56,0.421853
volkan,PFP,137,137-145,0.618659,0.525,0.408333,0.533333,0.941667,0.666667,0.0,0.0,0.634435,0.32,0.622797
volkan,PFP,137,137-146,0.938405,0.475,0.208333,0.6,0.808333,0.491667,0.066667,0.0,0.699604,1.28,0.900065
volkan,PFP,137,137-147,-0.393954,0.2,0.525,0.041667,0.566667,0.566667,0.0,0.216667,0.407829,-0.6,0.494035
volkan,PFP,137,137-148,-0.800885,0.041667,0.233333,0.0,0.233333,0.233333,0.0,0.408333,0.324333,-0.88,0.776828
volkan,PFP,137,137-149,0.07057,0.45,0.5,0.241667,0.741667,0.716667,0.0,0.025,0.495045,0.28,0.401449
volkan,PFP,137,137-150,-1.028025,0.0,0.108333,0.0,0.108333,0.108333,0.0,0.608333,0.274165,-1.16,1.028975
volkan,PFP,137,137-151,1.687123,0.041667,0.0,0.308333,0.308333,0.041667,0.425,0.0,0.830508,1.28,1.669251
volkan,PFP,137,137-152,3.708529,0.0,0.0,0.0,0.0,0.0,1.0,0.0,0.972907,2.28,3.765829
volkan,PFP,137,137-153,-0.882556,0.0,0.158333,0.0,0.158333,0.158333,0.0,0.466667,0.304061,-0.88,0.871087
volkan,PFP,137,137-154,1.694662,0.016667,0.0,0.291667,0.291667,0.016667,0.458333,0.0,0.834718,1.32,1.701172
volkan,PFP,137,137-155,0.723206,0.575,0.308333,0.6,0.908333,0.625,0.016667,0.0,0.654573,0.84,0.690112
volkan,PFP,137,137-156,-0.04033,0.45,0.5,0.241667,0.741667,0.7,0.0,0.025,0.495153,0.08,0.423826
volkan,PFP,137,137-157,0.950618,0.441667,0.15,0.658333,0.808333,0.441667,0.058333,0.0,0.707173,1.2,0.929898
volkan,PFP,137,137-158,0.986405,0.433333,0.133333,0.658333,0.791667,0.433333,0.066667,0.0,0.715801,0.96,0.977539
volkan,PFP,137,137-159,0.374409,0.433333,0.441667,0.475,0.916667,0.683333,0.0,0.0,0.585429,0.28,0.537034
volkan,PFP,137,137-160,-0.601175,0.116667,0.383333,0.0,0.383333,0.383333,0.0,0.333333,0.361556,-0.2,0.641322
volkan,PFP,137,137-161,0.175896,0.491667,0.491667,0.341667,0.833333,0.766667,0.0,0.0,0.531374,0.12,0.411787
volkan,PFP,137,137-162,-1.11499,0.0,0.1,0.0,0.1,0.1,0.0,0.575,0.272267,-1.16,1.04382
volkan,PFP,137,137-163,0.681243,0.608333,0.408333,0.5,0.908333,0.7,0.033333,0.0,0.643194,1.04,0.640024
volkan,PFP,137,137-164,-0.269201,0.391667,0.558333,0.083333,0.641667,0.641667,0.0,0.125,0.450026,-0.32,0.415857
volkan,PFP,137,137-165,1.059224,0.375,0.091667,0.65,0.741667,0.375,0.141667,0.0,0.73545,1.0,1.080598
volkan,PFP,137,137-166,0.116911,0.533333,0.483333,0.333333,0.816667,0.733333,0.0,0.0,0.532095,0.32,0.445273
volkan,PFP,137,137-167,-0.122426,0.45,0.541667,0.175,0.716667,0.716667,0.0,0.083333,0.474192,-0.6,0.410721
volkan,PFP,137,137-168,-0.840159,0.1,0.291667,0.0,0.291667,0.291667,0.0,0.433333,0.326038,-0.72,0.791518
volkan,PFP,137,137-169,0.574944,0.516667,0.483333,0.466667,0.95,0.733333,0.008333,0.0,0.611967,0.72,0.541965
volkan,PFP,137,137-170,0.247893,0.575,0.516667,0.408333,0.925,0.8,0.0,0.0,0.566136,0.36,0.451073
volkan,PFP,137,137-171,-0.282704,0.325,0.558333,0.041667,0.6,0.6,0.0,0.116667,0.432971,-0.44,0.433441
volkan,PFP,137,137-172,-0.014739,0.466667,0.483333,0.275,0.758333,0.716667,0.0,0.05,0.503934,0.04,0.430823
volkan,PFP,137,137-173,0.97984,0.441667,0.141667,0.658333,0.8,0.441667,0.058333,0.0,0.710593,1.08,0.943311
volkan,PFP,137,137-174,-0.173795,0.316667,0.475,0.116667,0.591667,0.591667,0.0,0.141667,0.439409,-0.36,0.480924
volkan,PFP,137,137-175,-0.935282,0.033333,0.15,0.0,0.15,0.15,0.0,0.55,0.291158,-1.2,0.942235
volkan,PFP,137,137-176,0.668167,0.533333,0.333333,0.55,0.883333,0.591667,0.041667,0.0,0.663844,0.68,0.745928
volkan,PFP,137,137-177,0.213525,0.533333,0.45,0.4,0.85,0.741667,0.0,0.0,0.548024,-0.04,0.438224
volkan,PFP,137,137-178,-1.329987,0.0,0.033333,0.0,0.033333,0.033333,0.0,0.741667,0.229649,-1.0,1.280733
volkan,PFP,137,137-179,2.848663,0.0,0.0,0.0,0.0,0.0,1.0,0.0,0.938093,2.04,2.826609
volkan,PFP,137,137-180,-0.531019,0.208333,0.441667,0.025,0.466667,0.466667,0.0,0.3,0.3907,-0.12,0.568763
volkan,PFP,137,137-181,-0.074551,0.45,0.516667,0.191667,0.708333,0.708333,0.0,0.058333,0.475879,-0.2,0.41412
volkan,PFP,137,137-182,-1.524811,0.0,0.0,0.0,0.0,0.0,0.0,0.933333,0.195168,-1.52,1.485933
volkan,PFP,137,137-183,-0.136188,0.383333,0.516667,0.158333,0.675,0.675,0.0,0.108333,0.464288,0.0,0.439115
volkan,PFP,137,137-184,-0.68768,0.091667,0.341667,0.0,0.341667,0.341667,0.0,0.366667,0.345693,-0.92,0.699339
volkan,PFP,137,137-185,-0.527871,0.133333,0.433333,0.0,0.433333,0.433333,0.0,0.275,0.380114,-0.8,0.571974
volkan,PFP,137,137-186,-1.152544,0.0,0.041667,0.0,0.041667,0.041667,0.0,0.658333,0.25272,-1.32,1.149723
volkan,PFP,137,137-187,-0.413452,0.283333,0.433333,0.066667,0.5,0.5,0.0,0.216667,0.413593,-0.16,0.508872
volkan,PFP,137,137-188,-0.552106,0.158333,0.433333,0.0,0.433333,0.433333,0.0,0.275,0.381654,-0.56,0.553976
volkan,PFP,137,137-189,-0.644944,0.108333,0.383333,0.0,0.383333,0.383333,0.0,0.375,0.34971,-0.56,0.690526
volkan,PFP,137,137-190,-0.623048,0.1,0.375,0.0,0.375,0.375,0.0,0.333333,0.358956,-1.04,0.651443
volkan,PFP,137,137-191,-1.278609,0.0,0.033333,0.0,0.033333,0.033333,0.0,0.8,0.23117,-1.36,1.278562
volkan,PFP,137,137-192,-1.920888,0.0,0.0,0.0,0.0,0.0,0.0,1.0,0.139037,-1.8,1.932155
volkan,PFP,137,137-193,-0.632742,0.116667,0.391667,0.0,0.391667,0.391667,0.0,0.316667,0.367264,-0.6,0.602852
volkan,PFP,137,137-194,1.825612,0.008333,0.0,0.25,0.25,0.008333,0.641667,0.0,0.853802,1.76,1.882835
volkan,PFP,137,137-195,0.521098,0.575,0.483333,0.491667,0.975,0.775,0.0,0.0,0.608109,0.52,0.526073
volkan,PFP,137,137-196,-0.49011,0.191667,0.5,0.0,0.5,0.5,0.0,0.241667,0.39278,-0.6,0.524743
volkan,PFP,137,137-197,-1.231114,0.0,0.016667,0.0,0.016667,0.016667,0.0,0.725,0.251692,-0.88,1.137622
volkan,PFP,137,137-198,-0.165171,0.433333,0.55,0.158333,0.708333,0.708333,0.0,0.075,0.470569,-0.36,0.401032
volkan,PFP,137,137-199,0.03401,0.508333,0.5,0.241667,0.741667,0.716667,0.0,0.033333,0.502413,-0.24,0.417232
volkan,PFP,369,369-0,0.231976,0.516667,0.541667,0.358333,0.9,0.775,0.0,0.0,0.561518,0.52,0.434854
volkan,PFP,369,369-1,0.030686,0.458333,0.583333,0.191667,0.775,0.733333,0.0,0.008333,0.494551,0.24,0.414029
volkan,PFP,369,369-2,1.22262,0.266667,0.033333,0.6,0.633333,0.266667,0.166667,0.0,0.761494,1.28,1.234811
volkan,PFP,369,369-3,-0.670696,0.1,0.358333,0.0,0.358333,0.358333,0.0,0.341667,0.348113,-0.84,0.684458
volkan,PFP,369,369-4,0.230225,0.483333,0.533333,0.358333,0.891667,0.825,0.0,0.0,0.553654,0.28,0.421637
volkan,PFP,369,369-5,0.256787,0.525,0.508333,0.375,0.883333,0.741667,0.0,0.0,0.558327,0.4,0.460287
volkan,PFP,369,369-6,-0.722373,0.033333,0.383333,0.0,0.383333,0.383333,0.0,0.341667,0.349336,-0.96,0.664618
volkan,PFP,369,369-7,0.237807,0.475,0.491667,0.391667,0.883333,0.741667,0.0,0.0,0.552373,0.44,0.455165
volkan,PFP,369,369-8,0.032378,0.483333,0.466667,0.283333,0.75,0.708333,0.0,0.025,0.507879,-0.08,0.432858
volkan,PFP,369,369-9,1.926765,0.0,0.0,0.2,0.2,0.0,0.608333,0.0,0.860755,1.84,1.924305
volkan,PFP,369,369-10,0.841279,0.6,0.283333,0.6,0.883333,0.616667,0.008333,0.0,0.665344,1.0,0.723511
volkan,PFP,369,369-11,-3.155046,0.0,0.0,0.0,0.0,0.0,0.0,1.0,0.045516,-2.28,3.23135
volkan,PFP,369,369-12,-0.487376,0.191667,0.441667,0.025,0.466667,0.466667,0.0,0.241667,0.38702,-0.4,0.555354
volkan,PFP,369,369-13,0.128524,0.458333,0.458333,0.316667,0.775,0.666667,0.0,0.0,0.52708,0.28,0.467672
volkan,PFP,369,369-14,-2.890421,0.0,0.0,0.0,0.0,0.0,0.0,1.0,0.059911,-1.84,2.865065
volkan,PFP,369,369-15,-2.602773,0.0,0.0,0.0,0.0,0.0,0.0,1.0,0.075645,-2.16,2.668523
volkan,PFP,369,369-16,0.18643,0.541667,0.483333,0.366667,0.85,0.758333,0.0,0.0,0.543416,0.32,0.429867
volkan,PFP,369,369-17,-1.667763,0.0,0.0,0.0,0.0,0.0,0.0,0.975,0.168244,-1.44,1.686401
volkan,PFP,369,369-18,1.434687,0.166667,0.0,0.491667,0.491667,0.166667,0.275,0.0,0.793901,1.56,1.434378
volkan,PFP,369,369-19,-0.661515,0.091667,0.408333,0.0,0.408333,0.408333,0.0,0.291667,0.361129,-0.88,0.620272
volkan,PFP,369,369-20,-0.158063,0.433333,0.483333,0.158333,0.641667,0.641667,0.0,0.075,0.46653,-0.08,0.417129
volkan,PFP,369,369-21,1.071875,0.341667,0.15,0.583333,0.733333,0.341667,0.125,0.0,0.728884,1.24,1.05789
volkan,PFP,369,369-22,-0.335319,0.241667,0.5,0.033333,0.533333,0.533333,0.0,0.175,0.411169,-0.44,0.482342
volkan,PFP,369,369-23,1.114239,0.333333,0.066667,0.65,0.716667,0.333333,0.108333,0.0,0.735383,1.12,1.075801
volkan,PFP,369,369-24,-0.500427,0.208333,0.533333,0.0,0.533333,0.533333,0.0,0.183333,0.401317,-0.64,0.496453
volkan,PFP,369,369-25,-0.467771,0.216667,0.491667,0.0,0.491667,0.491667,0.0,0.25,0.393801,-0.28,0.542472
volkan,PFP,369,369-26,1.125826,0.383333,0.066667,0.683333,0.75,0.383333,0.091667,0.0,0.730221,0.92,1.041402
volkan,PFP,369,369-27,-0.43343,0.233333,0.483333,0.033333,0.516667,0.516667,0.0,0.258333,0.39956,-0.56,0.550492
volkan,PFP,369,369-28,-1.038158,0.0,0.141667,0.0,0.141667,0.141667,0.0,0.508333,0.285058,-0.96,0.972378
volkan,PFP,369,369-29,0.22191,0.483333,0.533333,0.325,0.858333,0.766667,0.0,0.0,0.539556,0.56,0.418422
volkan,PFP,369,369-30,0.488949,0.516667,0.45,0.5,0.95,0.716667,0.0,0.0,0.615118,0.48,0.569612
volkan,PFP,369,369-31,-0.099903,0.466667,0.525,0.175,0.7,0.7,0.0,0.041667,0.479396,-0.36,0.393622
volkan,PFP,369,369-32,-0.424318,0.2,0.45,0.0,0.45,0.45,0.0,0.258333,0.389797,-0.52,0.554389
volkan,PFP,369,369-33,-1.962954,0.0,0.0,0.0,0.0,0.0,0.0,1.0,0.13117,-1.64,2.007026
volkan,PFP,369,369-34,-0.578553,0.158333,0.466667,0.0,0.466667,0.466667,0.0,0.283333,0.380977,-0.48,0.561794
volkan,PFP,369,369-35,-0.138219,0.416667,0.491667,0.216667,0.708333,0.683333,0.0,0.066667,0.4832,0.16,0.441218
volkan,PFP,369,369-36,-0.55189,0.108333,0.441667,0.0,0.441667,0.441667,0.0,0.283333,0.37209,-0.72,0.58861
volkan,PFP,369,369-37,0.626275,0.541667,0.391667,0.525,0.916667,0.675,0.016667,0.0,0.640055,0.92,0.647307
volkan,PFP,369,369-38,-0.013418,0.441667,0.541667,0.208333,0.75,0.733333,0.0,0.025,0.493689,0.2,0.399465
volkan,PFP,369,369-39,0.367813,0.558333,0.5,0.433333,0.933333,0.775,0.0,0.0,0.590724,0.88,0.498721
volkan,PFP,369,369-40,0.511879,0.5,0.408333,0.558333,0.966667,0.691667,0.0,0.0,0.623186,0.12,0.605147
volkan,PFP,369,369-41,-0.60238,0.1,0.366667,0.0,0.366667,0.366667,0.0,0.341667,0.355958,-0.36,0.647605
volkan,PFP,369,369-42,-0.545278,0.15,0.408333,0.008333,0.416667,0.416667,0.0,0.316667,0.366605,-0.8,0.633412
volkan,PFP,369,369-43,-1.148539,0.0,0.058333,0.0,0.058333,0.058333,0.0,0.641667,0.256904,-1.36,1.127801
volkan,PFP,369,369-44,-0.64239,0.108333,0.3,0.0,0.3,0.3,0.0,0.408333,0.342112,-0.76,0.729643
volkan,PFP,369,369-45,-0.123988,0.5,0.55,0.175,0.725,0.725,0.0,0.041667,0.487805,-0.48,0.380975
volkan,PFP,369,369-46,0.446608,0.525,0.45,0.491667,0.941667,0.716667,0.0,0.0,0.596853,0.08,0.532932
volkan,PFP,369,369-47,-0.857714,0.05,0.216667,0.0,0.216667,0.216667,0.0,0.475,0.312274,-1.04,0.841159
volkan,PFP,369,369-48,0.029596,0.491667,0.533333,0.275,0.808333,0.75,0.0,0.0,0.516561,0.12,0.40783
volkan,PFP,369,369-49,-1.521616,0.0,0.0,0.0,0.0,0.0,0.0,0.891667,0.197752,-1.6,1.468863
volkan,PFP,369,369-50,-1.174665,0.0,0.066667,0.0,0.066667,0.066667,0.0,0.683333,0.249217,-1.44,1.181189
volkan,PFP,369,369-51,0.216574,0.516667,0.541667,0.35,0.891667,0.758333,0.0,0.0,0.557579,0.48,0.455663
volkan,PFP,369,369-52,1.454491,0.183333,0.0,0.45,0.45,0.183333,0.266667,0.0,0.792139,1.68,1.407223
volkan,PFP,369,369-53,0.726874,0.566667,0.383333,0.541667,0.925,0.65,0.008333,0.0,0.645326,0.52,0.655521
volkan,PFP,369,369-54,-0.642818,0.091667,0.333333,0.0,0.333333,0.333333,0.0,0.366667,0.351979,-0.6,0.670321
volkan,PFP,369,369-55,0.861417,0.541667,0.191667,0.666667,0.858333,0.55,0.058333,0.0,0.690576,1.08,0.857142
volkan,PFP,369,369-56,0.15782,0.533333,0.491667,0.35,0.841667,0.741667,0.0,0.0,0.54263,-0.24,0.438945
volkan,PFP,369,369-57,-0.616591,0.116667,0.416667,0.0,0.416667,0.416667,0.0,0.283333,0.37269,-0.88,0.578109
volkan,PFP,369,369-58,-1.032616,0.0,0.15,0.0,0.15,0.15,0.0,0.666667,0.268724,-1.68,1.064006
volkan,PFP,369,369-59,0.092656,0.516667,0.533333,0.308333,0.841667,0.75,0.0,0.0,0.537313,0.12,0.438384
volkan,PFP,369,369-60,-0.398194,0.275,0.491667,0.05,0.541667,0.541667,0.0,0.158333,0.421961,-0.24,0.463097
volkan,PFP,369,369-61,-1.820899,0.0,0.0,0.0,0.0,0.0,0.0,0.991667,0.15528,-1.52,1.783082
volkan,PFP,369,369-62,0.172438,0.55,0.566667,0.325,0.891667,0.825,0.0,0.0,0.542561,-0.12,0.403109
volkan,PFP,369,369-63,-1.604932,0.0,0.0,0.0,0.0,0.0,0.0,0.925,0.175998,-1.52,1.650014
volkan,PFP,369,369-64,-0.547018,0.125,0.416667,0.0,0.416667,0.416667,0.0,0.283333,0.369004,-0.32,0.596722
volkan,PFP,369,369-65,0.849584,0.558333,0.25,0.591667,0.841667,0.575,0.05,0.0,0.676753,0.72,0.788445
volkan,PFP,369,369-66,-0.917635,0.008333,0.166667,0.0,0.166667,0.166667,0.0,0.575,0.28926,-1.24,0.962009
volkan,PFP,369,369-67,1.020256,0.416667,0.1,0.65,0.75,0.416667,0.141667,0.0,0.72762,1.08,1.049039
volkan,PFP,369,369-68,0.653268,0.591667,0.375,0.583333,0.958333,0.675,0.0,0.0,0.641218,0.48,0.626275
volkan,PFP,369,369-69,-1.243689,0.0,0.041667,0.0,0.041667,0.041667,0.0,0.766667,0.231041,-1.24,1.293752
volkan,PFP,369,369-70,1.151157,0.308333,0.05,0.683333,0.733333,0.308333,0.116667,0.0,0.741501,1.0,1.101166
volkan,PFP,369,369-71,-0.469619,0.191667,0.458333,0.008333,0.466667,0.466667,0.0,0.225,0.397086,-0.36,0.513122
volkan,PFP,369,369-72,-0.662576,0.083333,0.333333,0.0,0.333333,0.333333,0.0,0.4,0.34247,-0.8,0.71742
volkan,PFP,369,369-73,0.43348,0.558333,0.458333,0.458333,0.916667,0.716667,0.0,0.0,0.604296,0.48,0.538491
volkan,PFP,369,369-74,1.53104,0.066667,0.0,0.491667,0.491667,0.066667,0.3,0.0,0.805,1.32,1.482462
volkan,PFP,369,369-75,0.597911,0.625,0.416667,0.541667,0.958333,0.741667,0.0,0.0,0.625883,1.0,0.567564
volkan,PFP,369,369-76,0.068143,0.466667,0.458333,0.325,0.783333,0.683333,0.0,0.008333,0.52761,0.12,0.442532
volkan,PFP,369,369-77,0.518152,0.508333,0.475,0.508333,0.983333,0.725,0.0,0.0,0.610177,0.44,0.553514
volkan,PFP,369,369-78,0.768912,0.533333,0.241667,0.616667,0.858333,0.566667,0.05,0.0,0.677601,1.0,0.793825
volkan,PFP,369,369-79,2.208458,0.0,0.0,0.05,0.05,0.0,0.783333,0.0,0.889404,1.96,2.182616
volkan,PFP,369,369-80,0.609541,0.541667,0.441667,0.516667,0.958333,0.7,0.0,0.0,0.625244,0.44,0.584612
volkan,PFP,369,369-81,0.102991,0.5,0.55,0.275,0.825,0.75,0.0,0.0,0.52816,-0.12,0.422401
volkan,PFP,369,369-82,1.185387,0.25,0.041667,0.625,0.666667,0.25,0.133333,0.0,0.75544,1.04,1.179693
volkan,PFP,369,369-83,-0.666769,0.1,0.341667,0.0,0.341667,0.341667,0.0,0.391667,0.340866,-0.88,0.726539
volkan,PFP,369,369-84,1.195109,0.316667,0.016667,0.708333,0.725,0.316667,0.1,0.0,0.74389,1.32,1.116252
volkan,PFP,369,369-85,2.089352,0.0,0.0,0.133333,0.133333,0.0,0.733333,0.0,0.879068,2.04,2.089965
volkan,PFP,369,369-86,-0.859006,0.033333,0.233333,0.0,0.233333,0.233333,0.0,0.433333,0.322602,-0.72,0.786383
volkan,PFP,369,369-87,0.806216,0.633333,0.241667,0.691667,0.933333,0.65,0.0,0.0,0.665599,1.12,0.717928
volkan,PFP,369,369-88,0.84898,0.491667,0.175,0.683333,0.858333,0.541667,0.033333,0.0,0.682602,1.28,0.818563
volkan,PFP,369,369-89,-1.191223,0.0,0.041667,0.0,0.041667,0.041667,0.0,0.675,0.255369,-1.08,1.120651
volkan,PFP,369,369-90,-2.083709,0.0,0.0,0.0,0.0,0.0,0.0,1.0,0.122026,-1.92,2.075416
volkan,PFP,369,369-91,2.871627,0.0,0.0,0.0,0.0,0.0,1.0,0.0,0.93937,2.16,2.876088
volkan,PFP,369,369-92,-2.061716,0.0,0.0,0.0,0.0,0.0,0.0,1.0,0.120019,-1.76,2.119379
volkan,PFP,369,369-93,1.454118,0.108333,0.0,0.458333,0.458333,0.108333,0.233333,0.0,0.794939,1.52,1.414093
volkan,PFP,369,369-94,1.793163,0.0,0.0,0.225,0.225,0.0,0.45,0.0,0.840169,1.48,1.7286
volkan,PFP,369,369-95,-1.086711,0.0,0.075,0.0,0.075,0.075,0.0,0.633333,0.262945,-1.24,1.092539
volkan,PFP,369,369-96,-0.429271,0.2,0.408333,0.05,0.458333,0.458333,0.0,0.266667,0.391541,-0.16,0.567451
volkan,PFP,369,369-97,-1.847038,0.0,0.0,0.0,0.0,0.0,0.0,1.0,0.147953,-1.76,1.845226
volkan,PFP,369,369-98,-0.573374,0.15,0.408333,0.0,0.408333,0.408333,0.0,0.316667,0.365328,-0.96,0.665964
volkan,PFP,369,369-99,-2.606954,0.0,0.0,0.0,0.0,0.0,0.0,1.0,0.076232,-1.92,2.605112
volkan,PFP,369,369-100,2.447595,0.0,0.0,0.0,0.0,0.0,0.883333,0.0,0.912177,2.16,2.469723
volkan,PFP,369,369-101,-0.774114,0.041667,0.275,0.0,0.275,0.275,0.0,0.433333,0.322379,-0.92,0.799136
volkan,PFP,369,369-102,-0.419893,0.241667,0.425,0.025,0.45,0.45,0.0,0.266667,0.386722,-0.64,0.594637
volkan,PFP,369,369-103,-2.045843,0.0,0.0,0.0,0.0,0.0,0.0,1.0,0.123133,-1.92,2.081668
volkan,PFP,369,369-104,0.862104,0.5,0.166667,0.683333,0.85,0.533333,0.066667,0.0,0.689917,1.08,0.852054
volkan,PFP,369,369-105,0.328284,0.558333,0.541667,0.391667,0.933333,0.808333,0.0,0.0,0.561051,0.28,0.437596
volkan,PFP,369,369-106,1.034031,0.408333,0.091667,0.658333,0.75,0.408333,0.133333,0.0,0.72556,0.92,1.037478
volkan,PFP,369,369-107,0.175197,0.45,0.475,0.325,0.8,0.7,0.0,0.008333,0.530404,0.12,0.45982
volkan,PFP,369,369-108,-0.222364,0.341667,0.525,0.091667,0.616667,0.616667,0.0,0.141667,0.441289,-0.36,0.45764
volkan,PFP,369,369-109,-0.133694,0.45,0.483333,0.175,0.658333,0.641667,0.0,0.05,0.474906,0.08,0.430564
volkan,PFP,369,369-110,1.801781,0.025,0.0,0.266667,0.266667,0.025,0.583333,0.0,0.850148,1.56,1.846085
volkan,PFP,369,369-111,0.499768,0.558333,0.45,0.508333,0.958333,0.725,0.0,0.0,0.609996,0.28,0.556716
volkan,PFP,369,369-112,-1.014326,0.0,0.116667,0.0,0.116667,0.116667,0.0,0.525,0.287224,-0.72,0.955104
volkan,PFP,369,369-113,0.3677,0.516667,0.508333,0.433333,0.941667,0.783333,0.0,0.0,0.57033,0.28,0.465465
volkan,PFP,369,369-114,0.269233,0.491667,0.483333,0.391667,0.875,0.75,0.0,0.016667,0.548118,0.2,0.450793
volkan,PFP,369,369-115,-0.678598,0.058333,0.341667,0.0,0.341667,0.341667,0.0,0.383333,0.345567,-0.6,0.689553
volkan,PFP,369,369-116,-0.072946,0.433333,0.583333,0.133333,0.716667,0.716667,0.0,0.033333,0.477932,0.24,0.391952
volkan,PFP,369,369-117,-0.994879,0.0,0.133333,0.0,0.133333,0.133333,0.0,0.533333,0.289455,-1.32,0.95311
volkan,PFP,369,369-118,0.93942,0.475,0.2,0.6,0.8,0.475,0.125,0.0,0.707247,1.0,0.941391
volkan,PFP,369,369-119,0.77847,0.55,0.258333,0.583333,0.841667,0.575,0.041667,0.0,0.678689,0.8,0.799799
volkan,PFP,369,369-120,-1.518781,0.0,0.0,0.0,0.0,0.0,0.0,0.891667,0.197303,-1.6,1.459393
volkan,PFP,369,369-121,-1.423723,0.0,0.0,0.0,0.0,0.0,0.0,0.833333,0.21423,-1.52,1.353881
volkan,PFP,369,369-122,0.978785,0.516667,0.141667,0.691667,0.833333,0.516667,0.075,0.0,0.706217,1.04,0.924314
volkan,PFP,369,369-123,1.339497,0.175,0.033333,0.491667,0.525,0.175,0.233333,0.0,0.783273,1.32,1.357228
volkan,PFP,369,369-124,-2.13659,0.0,0.0,0.0,0.0,0.0,0.0,1.0,0.119135,-1.72,2.097052
volkan,PFP,369,369-125,1.078108,0.383333,0.083333,0.691667,0.775,0.383333,0.083333,0.0,0.727031,1.4,1.033355
volkan,PFP,369,369-126,0.699484,0.566667,0.35,0.55,0.9,0.633333,0.025,0.0,0.65655,0.76,0.706549
volkan,PFP,369,369-127,1.275301,0.216667,0.033333,0.55,0.583333,0.216667,0.241667,0.0,0.775247,1.16,1.324268
volkan,PFP,369,369-128,0.425079,0.575,0.541667,0.441667,0.983333,0.833333,0.0,0.0,0.585333,0.44,0.460815
volkan,PFP,369,369-129,1.955968,0.0,0.0,0.175,0.175,0.0,0.616667,0.0,0.865521,1.88,1.972731
volkan,PFP,369,369-130,0.703888,0.541667,0.341667,0.525,0.866667,0.608333,0.025,0.0,0.664448,0.84,0.745398
volkan,PFP,369,369-131,0.513951,0.533333,0.458333,0.5,0.958333,0.708333,0.0,0.0,0.617374,0.6,0.572136
volkan,PFP,369,369-132,0.491925,0.566667,0.491667,0.491667,0.983333,0.766667,0.0,0.0,0.607358,0.56,0.519573
volkan,PFP,369,369-133,-1.561684,0.0,0.0,0.0,0.0,0.0,0.0,0.891667,0.181666,-1.44,1.615958
volkan,PFP,369,369-134,0.245354,0.483333,0.491667,0.358333,0.85,0.716667,0.0,0.0,0.557483,0.76,0.486643
volkan,PFP,369,369-135,2.197761,0.0,0.0,0.05,0.05,0.0,0.766667,0.0,0.891496,1.92,2.239986
volkan,PFP,369,369-136,1.47046,0.1,0.0,0.466667,0.466667,0.1,0.283333,0.0,0.798241,1.56,1.439406
volkan,PFP,369,369-137,-0.726608,0.083333,0.258333,0.0,0.258333,0.258333,0.0,0.425,0.331235,-0.68,0.771106
volkan,PFP,369,369-138,1.069092,0.366667,0.125,0.616667,0.741667,0.366667,0.1,0.0,0.729988,1.28,1.054842
volkan,PFP,369,369-139,0.504925,0.491667,0.483333,0.508333,0.991667,0.733333,0.0,0.0,0.601181,0.44,0.530007
volkan,PFP,369,369-140,-1.515391,0.0,0.0,0.0,0.0,0.0,0.0,0.891667,0.189888,-1.56,1.542667
volkan,PFP,369,369-141,-0.557669,0.175,0.475,0.0,0.475,0.475,0.0,0.275,0.383874,-0.4,0.55582
volkan,PFP,369,369-142,-1.805564,0.0,0.0,0.0,0.0,0.0,0.0,0.991667,0.151714,-2.0,1.825116
volkan,PFP,369,369-143,1.00057,0.441667,0.125,0.666667,0.791667,0.441667,0.066667,0.0,0.711999,0.96,0.956309
volkan,PFP,369,369-144,-0.293508,0.325,0.508333,0.058333,0.566667,0.566667,0.0,0.133333,0.434564,-0.12,0.433536
volkan,PFP,369,369-145,-1.197497,0.0,0.016667,0.0,0.016667,0.016667,0.0,0.691667,0.244824,-1.36,1.187137
volkan,PFP,369,369-146,0.355825,0.508333,0.466667,0.466667,0.933333,0.725,0.0,0.0,0.592195,0.6,0.525391
volkan,PFP,369,369-147,0.060891,0.516667,0.466667,0.333333,0.8,0.725,0.0,0.016667,0.527414,-0.0,0.429971
volkan,PFP,369,369-148,-0.734187,0.066667,0.258333,0.0,0.258333,0.258333,0.0,0.425,0.323428,-1.08,0.811192
volkan,PFP,369,369-149,1.042388,0.358333,0.116667,0.633333,0.75,0.358333,0.075,0.0,0.72648,1.04,1.024615
volkan,PFP,369,369-150,0.567493,0.541667,0.425,0.55,0.975,0.716667,0.0,0.0,0.62388,0.24,0.586404
volkan,PFP,369,369-151,-0.326013,0.316667,0.55,0.033333,0.583333,0.583333,0.0,0.141667,0.431418,-0.4,0.450821
volkan,PFP,369,369-152,0.159952,0.491667,0.533333,0.333333,0.866667,0.775,0.0,0.0,0.536654,0.28,0.419838
volkan,PFP,369,369-153,1.172015,0.308333,0.058333,0.591667,0.65,0.308333,0.166667,0.0,0.758105,1.2,1.214565
volkan,PFP,369,369-154,-2.277682,0.0,0.0,0.0,0.0,0.0,0.0,1.0,0.105077,-1.84,2.234325
volkan,PFP,369,369-155,1.339122,0.216667,0.008333,0.558333,0.566667,0.216667,0.208333,0.0,0.775556,1.48,1.307325
volkan,PFP,369,369-156,-0.957434,0.0,0.183333,0.0,0.183333,0.183333,0.0,0.533333,0.296299,-1.28,0.916604
volkan,PFP,369,369-157,-0.400505,0.258333,0.533333,0.008333,0.541667,0.541667,0.0,0.183333,0.410279,-0.68,0.481898
volkan,PFP,369,369-158,0.853967,0.541667,0.175,0.683333,0.858333,0.541667,0.033333,0.0,0.689039,0.84,0.834507
volkan,PFP,369,369-159,-0.344609,0.316667,0.5,0.05,0.55,0.55,0.0,0.175,0.427698,-0.32,0.475793
volkan,PFP,369,369-160,1.494031,0.108333,0.0,0.45,0.45,0.108333,0.3,0.0,0.801889,1.56,1.46054
volkan,PFP,369,369-161,-0.807596,0.05,0.25,0.0,0.25,0.25,0.0,0.416667,0.321787,-0.8,0.797656
volkan,PFP,369,369-162,-0.239289,0.341667,0.516667,0.091667,0.608333,0.608333,0.0,0.125,0.441901,-0.4,0.447224
volkan,PFP,369,369-163,-2.746209,0.0,0.0,0.0,0.0,0.0,0.0,1.0,0.066775,-2.08,2.781872
volkan,PFP,369,369-164,1.19522,0.275,0.058333,0.616667,0.675,0.275,0.141667,0.0,0.75338,1.2,1.18726
volkan,PFP,369,369-165,-1.211251,0.0,0.058333,0.0,0.058333,0.058333,0.0,0.7,0.251138,-1.28,1.155106
volkan,PFP,369,369-166,1.643909,0.1,0.0,0.341667,0.341667,0.1,0.483333,0.0,0.827255,1.64,1.660971
volkan,PFP,369,369-167,0.721479,0.55,0.358333,0.516667,0.875,0.625,0.016667,0.0,0.658644,0.64,0.715754
volkan,PFP,369,369-168,1.403925,0.158333,0.0,0.558333,0.558333,0.158333,0.216667,0.0,0.781761,1.48,1.346678
volkan,PFP,369,369-169,-0.526088,0.2,0.416667,0.016667,0.433333,0.433333,0.0,0.325,0.384325,-0.36,0.597446
volkan,PFP,369,369-170,0.524277,0.458333,0.425,0.491667,0.916667,0.675,0.016667,0.0,0.629324,0.24,0.633898
volkan,PFP,369,369-171,-0.449724,0.258333,0.458333,0.025,0.483333,0.483333,0.0,0.258333,0.39881,-0.56,0.545199
volkan,PFP,369,369-172,-0.098782,0.466667,0.55,0.175,0.725,0.708333,0.0,0.033333,0.486702,-0.16,0.408067
volkan,PFP,369,369-173,0.053851,0.5,0.533333,0.258333,0.791667,0.758333,0.0,0.041667,0.505075,-0.4,0.41217
volkan,PFP,369,369-174,0.199838,0.466667,0.458333,0.366667,0.825,0.683333,0.0,0.0,0.551891,0.48,0.500385
volkan,PFP,369,369-175,-0.54819,0.116667,0.425,0.0,0.425,0.425,0.0,0.275,0.373063,-0.6,0.583509
volkan,PFP,369,369-176,0.356066,0.525,0.45,0.483333,0.933333,0.75,0.0,0.0,0.587925,0.32,0.513791
volkan,PFP,369,369-177,1.05976,0.425,0.15,0.6,0.75,0.425,0.108333,0.0,0.727856,1.16,1.048829
volkan,PFP,369,369-178,-0.585372,0.108333,0.391667,0.0,0.391667,0.391667,0.0,0.333333,0.358427,-0.6,0.647317
volkan,PFP,369,369-179,-1.391402,0.0,0.0,0.0,0.0,0.0,0.0,0.85,0.211107,-1.16,1.393912
volkan,PFP,369,369-180,0.254504,0.483333,0.533333,0.358333,0.891667,0.775,0.0,0.0,0.544278,0.24,0.426773
volkan,PFP,369,369-181,0.227448,0.483333,0.5,0.425,0.925,0.775,0.0,0.0,0.55981,0.28,0.449087
volkan,PFP,369,369-182,0.533,0.558333,0.466667,0.491667,0.958333,0.716667,0.0,0.0,0.621855,0.4,0.575518
volkan,PFP,369,369-183,0.016653,0.441667,0.5,0.266667,0.766667,0.691667,0.0,0.0,0.510013,0.16,0.441943
volkan,PFP,369,369-184,-0.127383,0.45,0.508333,0.166667,0.675,0.675,0.0,0.108333,0.466008,-0.2,0.443505
volkan,PFP,369,369-185,-1.489992,0.0,0.0,0.0,0.0,0.0,0.0,0.9,0.199235,-1.44,1.453503
volkan,PFP,369,369-186,-0.581476,0.15,0.458333,0.0,0.458333,0.458333,0.0,0.25,0.378895,-0.68,0.568079
volkan,PFP,369,369-187,-0.244752,0.366667,0.483333,0.116667,0.6,0.6,0.0,0.108333,0.451035,-0.36,0.449162
volkan,PFP,369,369-188,-0.858205,0.008333,0.208333,0.0,0.208333,0.208333,0.0,0.475,0.308111,-0.88,0.858193
volkan,PFP,369,369-189,0.12465,0.483333,0.508333,0.333333,0.841667,0.75,0.0,0.0,0.528883,0.2,0.42698
volkan,PFP,369,369-190,0.378446,0.516667,0.483333,0.425,0.908333,0.733333,0.0,0.0,0.596672,0.68,0.522978
volkan,PFP,369,369-191,0.139139,0.458333,0.525,0.316667,0.841667,0.741667,0.0,0.0,0.530276,0.36,0.430842
volkan,PFP,369,369-192,-0.411408,0.258333,0.475,0.033333,0.508333,0.508333,0.0,0.25,0.407839,-0.36,0.525027
volkan,PFP,369,369-193,0.001881,0.441667,0.45,0.283333,0.733333,0.7,0.0,0.083333,0.498888,-0.08,0.473085
volkan,PFP,369,369-194,0.438737,0.55,0.491667,0.475,0.966667,0.775,0.0,0.0,0.60157,0.52,0.519489
volkan,PFP,369,369-195,-2.863164,0.0,0.0,0.0,0.0,0.0,0.0,1.0,0.059747,-2.16,2.918708
volkan,PFP,369,369-196,-0.392589,0.216667,0.516667,0.008333,0.525,0.525,0.0,0.183333,0.404225,-0.16,0.486313
volkan,PFP,369,369-197,-1.7188,0.0,0.0,0.0,0.0,0.0,0.0,1.0,0.166686,-1.8,1.697142
volkan,PFP,369,369-198,0.501067,0.541667,0.516667,0.466667,0.983333,0.758333,0.0,0.0,0.602496,0.68,0.514957
volkan,PFP,369,369-199,-2.175564,0.0,0.0,0.0,0.0,0.0,0.0,1.0,0.118787,-1.64,2.092374
volkan,PFP,1024,1024-0,-0.453679,0.225,0.475,0.008333,0.483333,0.483333,0.0,0.225,0.401032,-0.6,0.518474
volkan,PFP,1024,1024-1,-0.139218,0.45,0.533333,0.158333,0.691667,0.691667,0.0,0.058333,0.470799,-0.28,0.39664
volkan,PFP,1024,1024-2,2.417348,0.0,0.0,0.0,0.0,0.0,0.85,0.0,0.910266,2.2,2.461536
volkan,PFP,1024,1024-3,0.083214,0.491667,0.475,0.308333,0.783333,0.75,0.0,0.016667,0.51324,0.04,0.410636
volkan,PFP,1024,1024-4,1.48629,0.125,0.0,0.441667,0.441667,0.125,0.358333,0.0,0.804815,1.4,1.498996
volkan,PFP,1024,1024-5,0.45974,0.5,0.425,0.541667,0.966667,0.683333,0.0,0.0,0.613686,-0.0,0.576717
volkan,PFP,1024,1024-6,-0.213213,0.416667,0.5,0.166667,0.666667,0.666667,0.0,0.125,0.456836,-0.24,0.447616
volkan,PFP,1024,1024-7,-0.65551,0.075,0.316667,0.0,0.316667,0.316667,0.0,0.366667,0.346461,-0.92,0.696532
volkan,PFP,1024,1024-8,-0.363281,0.275,0.483333,0.041667,0.525,0.525,0.0,0.183333,0.41551,-0.16,0.488966
volkan,PFP,1024,1024-9,0.450501,0.533333,0.458333,0.491667,0.95,0.733333,0.0,0.0,0.605211,0.12,0.546873
volkan,PFP,1024,1024-10,-1.466925,0.0,0.0,0.0,0.0,0.0,0.0,0.858333,0.207458,-1.4,1.414656
volkan,PFP,1024,1024-11,-0.372172,0.3,0.466667,0.075,0.541667,0.541667,0.0,0.233333,0.419603,-0.08,0.508048
volkan,PFP,1024,1024-12,1.562737,0.083333,0.0,0.4,0.4,0.083333,0.408333,0.0,0.817341,1.64,1.582749
volkan,PFP,1024,1024-13,0.762199,0.533333,0.308333,0.575,0.883333,0.558333,0.025,0.0,0.669122,0.56,0.750595
volkan,PFP,1024,1024-14,0.246562,0.466667,0.533333,0.341667,0.875,0.75,0.0,0.0,0.547105,0.12,0.438143
volkan,PFP,1024,1024-15,-0.340309,0.258333,0.458333,0.091667,0.55,0.55,0.0,0.2,0.418177,-0.28,0.516556
volkan,PFP,1024,1024-16,-0.891364,0.0,0.166667,0.0,0.166667,0.166667,0.0,0.483333,0.305978,-0.68,0.867625
volkan,PFP,1024,1024-17,2.037654,0.0,0.0,0.125,0.125,0.0,0.691667,0.0,0.876247,1.88,2.078422
volkan,PFP,1024,1024-18,0.591213,0.525,0.433333,0.5,0.933333,0.691667,0.016667,0.0,0.62567,0.68,0.612438
volkan,PFP,1024,1024-19,-1.030628,0.0,0.15,0.0,0.15,0.15,0.0,0.566667,0.282426,-1.2,0.981611
volkan,PFP,1024,1024-20,-0.837841,0.016667,0.241667,0.0,0.241667,0.241667,0.0,0.416667,0.317399,-0.68,0.806819
volkan,PFP,1024,1024-21,-0.519407,0.191667,0.475,0.0,0.475,0.475,0.0,0.266667,0.380853,-0.68,0.573496
volkan,PFP,1024,1024-22,-0.45672,0.225,0.55,0.0,0.55,0.55,0.0,0.175,0.411888,-0.6,0.455568
volkan,PFP,1024,1024-23,0.597314,0.575,0.408333,0.533333,0.941667,0.716667,0.0,0.0,0.62888,0.88,0.60189
volkan,PFP,1024,1024-24,1.160834,0.291667,0.083333,0.508333,0.591667,0.291667,0.183333,0.0,0.755994,1.48,1.212827
volkan,PFP,1024,1024-25,-0.094463,0.391667,0.516667,0.125,0.641667,0.633333,0.0,0.1,0.457413,-0.2,0.432429
volkan,PFP,1024,1024-26,1.098646,0.35,0.075,0.675,0.75,0.35,0.125,0.0,0.735802,1.2,1.085502
volkan,PFP,1024,1024-27,-1.234635,0.0,0.025,0.0,0.025,0.025,0.0,0.758333,0.237324,-1.16,1.236033
volkan,PFP,1024,1024-28,0.524817,0.55,0.483333,0.475,0.958333,0.75,0.0,0.0,0.611542,0.72,0.53989
volkan,PFP,1024,1024-29,0.662467,0.6,0.35,0.558333,0.908333,0.658333,0.008333,0.0,0.647688,0.96,0.662248
volkan,PFP,1024,1024-30,1.173854,0.3,0.058333,0.6,0.658333,0.3,0.15,0.0,0.751964,1.44,1.177483
volkan,PFP,1024,1024-31,1.003531,0.441667,0.183333,0.583333,0.766667,0.441667,0.091667,0.0,0.712084,1.12,0.96453
volkan,PFP,1024,1024-32,0.949154,0.433333,0.166667,0.666667,0.833333,0.441667,0.05,0.0,0.705427,1.44,0.922544
volkan,PFP,1024,1024-33,-1.982724,0.0,0.0,0.0,0.0,0.0,0.0,1.0,0.132218,-1.96,1.98202
volkan,PFP,1024,1024-34,-0.512017,0.116667,0.425,0.016667,0.441667,0.441667,0.0,0.316667,0.373054,-0.4,0.593758
volkan,PFP,1024,1024-35,-1.617087,0.0,0.0,0.0,0.0,0.0,0.0,0.933333,0.178717,-1.56,1.605334
volkan,PFP,1024,1024-36,-0.252073,0.316667,0.5,0.108333,0.608333,0.608333,0.0,0.141667,0.441523,-0.24,0.454769
volkan,PFP,1024,1024-37,-1.935859,0.0,0.0,0.0,0.0,0.0,0.0,1.0,0.136805,-1.96,1.951835
volkan,PFP,1024,1024-38,0.876777,0.483333,0.241667,0.566667,0.808333,0.5,0.05,0.0,0.692802,0.96,0.864815
volkan,PFP,1024,1024-39,-0.385024,0.241667,0.516667,0.041667,0.558333,0.558333,0.0,0.208333,0.409923,-0.64,0.490425
volkan,PFP,1024,1024-40,0.952162,0.475,0.108333,0.691667,0.8,0.483333,0.066667,0.0,0.711752,0.92,0.952215
volkan,PFP,1024,1024-41,-0.694434,0.108333,0.383333,0.0,0.383333,0.383333,0.0,0.325,0.357169,-0.6,0.645442
volkan,PFP,1024,1024-42,-0.121534,0.375,0.45,0.208333,0.658333,0.616667,0.0,0.075,0.475705,0.04,0.439852
volkan,PFP,1024,1024-43,0.806678,0.558333,0.233333,0.65,0.883333,0.583333,0.033333,0.0,0.681449,0.68,0.803419
volkan,PFP,1024,1024-44,-0.9207,0.0,0.175,0.0,0.175,0.175,0.0,0.575,0.294875,-1.28,0.921901
volkan,PFP,1024,1024-45,-1.944503,0.0,0.0,0.0,0.0,0.0,0.0,1.0,0.138225,-1.72,1.927528
volkan,PFP,1024,1024-46,2.42525,0.0,0.0,0.0,0.0,0.0,0.841667,0.0,0.910599,2.04,2.456196
volkan,PFP,1024,1024-47,-1.629288,0.0,0.0,0.0,0.0,0.0,0.0,0.925,0.176965,-1.6,1.624717
volkan,PFP,1024,1024-48,0.371418,0.608333,0.466667,0.475,0.941667,0.766667,0.0,0.0,0.591253,0.04,0.505548
volkan,PFP,1024,1024-49,0.901256,0.425,0.233333,0.55,0.783333,0.458333,0.125,0.0,0.706447,1.0,0.944179
volkan,PFP,1024,1024-50,0.545248,0.558333,0.45,0.458333,0.908333,0.7,0.0,0.0,0.623868,0.76,0.592136
volkan,PFP,1024,1024-51,-1.769431,0.0,0.0,0.0,0.0,0.0,0.0,0.991667,0.155172,-1.72,1.802026
volkan,PFP,1024,1024-52,0.660271,0.508333,0.383333,0.508333,0.891667,0.641667,0.016667,0.0,0.644475,0.52,0.660382
volkan,PFP,1024,1024-53,0.355437,0.575,0.516667,0.45,0.966667,0.816667,0.0,0.0,0.583233,0.36,0.454477
volkan,PFP,1024,1024-54,0.715129,0.491667,0.333333,0.516667,0.85,0.583333,0.025,0.0,0.660415,0.72,0.730941
volkan,PFP,1024,1024-55,-2.183124,0.0,0.0,0.0,0.0,0.0,0.0,1.0,0.110492,-1.92,2.206889
volkan,PFP,1024,1024-56,-0.067843,0.45,0.583333,0.175,0.758333,0.75,0.0,0.066667,0.486336,-0.04,0.425298
volkan,PFP,1024,1024-57,-0.675636,0.133333,0.258333,0.0,0.258333,0.258333,0.0,0.391667,0.333412,-0.92,0.779114
volkan,PFP,1024,1024-58,-1.359565,0.0,0.016667,0.0,0.016667,0.016667,0.0,0.833333,0.21942,-1.48,1.334294
volkan,PFP,1024,1024-59,-0.119658,0.4,0.5,0.166667,0.666667,0.641667,0.0,0.1,0.466616,-0.24,0.45438
volkan,PFP,1024,1024-60,-1.509762,0.0,0.0,0.0,0.0,0.0,0.0,0.916667,0.19443,-1.48,1.49182
volkan,PFP,1024,1024-61,-0.053294,0.475,0.525,0.2,0.725,0.708333,0.0,0.041667,0.487667,-0.24,0.400928
volkan,PFP,1024,1024-62,-0.899341,0.0,0.166667,0.0,0.166667,0.166667,0.0,0.491667,0.304303,-1.2,0.872806
volkan,PFP,1024,1024-63,-0.333747,0.291667,0.491667,0.041667,0.533333,0.533333,0.0,0.2,0.413284,-0.6,0.501641
volkan,PFP,1024,1024-64,-0.226425,0.341667,0.5,0.083333,0.583333,0.583333,0.0,0.175,0.435724,-0.24,0.485986
volkan,PFP,1024,1024-65,-1.99674,0.0,0.0,0.0,0.0,0.0,0.0,1.0,0.129997,-2.0,2.003959
volkan,PFP,1024,1024-66,-0.072562,0.416667,0.5,0.2,0.7,0.691667,0.0,0.058333,0.478771,0.08,0.428758
volkan,PFP,1024,1024-67,0.486877,0.608333,0.508333,0.458333,0.966667,0.766667,0.0,0.0,0.608858,0.68,0.522837
volkan,PFP,1024,1024-68,-0.683814,0.083333,0.308333,0.0,0.308333,0.308333,0.0,0.4,0.339148,-0.76,0.726612
volkan,PFP,1024,1024-69,-0.028345,0.458333,0.533333,0.2,0.733333,0.725,0.0,0.05,0.484657,-0.16,0.405178
volkan,PFP,1024,1024-70,0.225393,0.475,0.525,0.333333,0.858333,0.766667,0.0,0.0,0.532424,0.16,0.41982
volkan,PFP,1024,1024-71,0.272283,0.525,0.533333,0.375,0.908333,0.775,0.0,0.0,0.558645,0.4,0.444165
volkan,PFP,1024,1024-72,-0.66278,0.1,0.358333,0.0,0.358333,0.358333,0.0,0.341667,0.351337,-0.76,0.679642
volkan,PFP,1024,1024-73,-0.075206,0.441667,0.491667,0.191667,0.683333,0.675,0.0,0.091667,0.476505,-0.2,0.442938
volkan,PFP,1024,1024-74,-0.458991,0.216667,0.45,0.008333,0.458333,0.458333,0.0,0.225,0.396316,-0.24,0.523981
volkan,PFP,1024,1024-75,0.190854,0.5,0.525,0.341667,0.866667,0.75,0.0,0.0,0.548024,0.24,0.442375
volkan,PFP,1024,1024-76,2.172069,0.0,0.0,0.091667,0.091667,0.0,0.775,0.0,0.887845,2.0,2.17862
volkan,PFP,1024,1024-77,1.061123,0.375,0.116667,0.583333,0.7,0.375,0.141667,0.0,0.733565,1.28,1.088828
volkan,PFP,1024,1024-78,0.513334,0.575,0.45,0.475,0.925,0.741667,0.0,0.0,0.610045,0.44,0.553982
volkan,PFP,1024,1024-79,0.467789,0.5,0.483333,0.458333,0.941667,0.725,0.0,0.0,0.601306,0.4,0.547466
volkan,PFP,1024,1024-80,-0.119441,0.45,0.55,0.15,0.7,0.7,0.0,0.05,0.476136,-0.24,0.388169
volkan,PFP,1024,1024-81,0.257175,0.5,0.483333,0.416667,0.9,0.733333,0.0,0.0,0.56212,0.0,0.469699
volkan,PFP,1024,1024-82,0.520727,0.641667,0.525,0.466667,0.991667,0.816667,0.0,0.0,0.603596,0.56,0.478556
volkan,PFP,1024,1024-83,0.275461,0.516667,0.491667,0.433333,0.925,0.733333,0.0,0.0,0.579982,0.36,0.48835
volkan,PFP,1024,1024-84,2.118684,0.0,0.0,0.083333,0.083333,0.0,0.691667,0.0,0.882645,2.08,2.148156
volkan,PFP,1024,1024-85,-0.480852,0.15,0.441667,0.008333,0.45,0.45,0.0,0.225,0.383207,-0.6,0.54932
volkan,PFP,1024,1024-86,0.653347,0.566667,0.325,0.558333,0.883333,0.658333,0.008333,0.0,0.652811,0.96,0.700752
volkan,PFP,1024,1024-87,-0.620066,0.1,0.383333,0.0,0.383333,0.383333,0.0,0.325,0.356056,-0.32,0.64954
volkan,PFP,1024,1024-88,0.843938,0.525,0.233333,0.616667,0.85,0.566667,0.033333,0.0,0.676198,0.92,0.782206
volkan,PFP,1024,1024-89,-0.260361,0.341667,0.516667,0.083333,0.6,0.6,0.0,0.158333,0.435589,-0.28,0.463799
volkan,PFP,1024,1024-90,-1.307344,0.0,0.025,0.0,0.025,0.025,0.0,0.791667,0.220027,-1.72,1.357478
volkan,PFP,1024,1024-91,0.52292,0.55,0.391667,0.491667,0.883333,0.675,0.025,0.0,0.629034,0.8,0.642625
volkan,PFP,1024,1024-92,-0.040401,0.458333,0.55,0.225,0.775,0.75,0.0,0.058333,0.492246,-0.08,0.41685
volkan,PFP,1024,1024-93,-1.844562,0.0,0.0,0.0,0.0,0.0,0.0,1.0,0.149583,-1.6,1.806233
volkan,PFP,1024,1024-94,0.138788,0.475,0.516667,0.291667,0.808333,0.775,0.0,0.0,0.511804,0.24,0.397433
volkan,PFP,1024,1024-95,0.282639,0.475,0.433333,0.433333,0.866667,0.675,0.0,0.0,0.57525,0.36,0.536758
volkan,PFP,1024,1024-96,0.365249,0.575,0.533333,0.433333,0.966667,0.791667,0.0,0.0,0.583682,0.72,0.44914
volkan,PFP,1024,1024-97,0.169047,0.475,0.508333,0.35,0.858333,0.75,0.0,0.0,0.537013,0.36,0.424985
volkan,PFP,1024,1024-98,-1.388095,0.0,0.0,0.0,0.0,0.0,0.0,0.883333,0.219452,-1.32,1.323005
volkan,PFP,1024,1024-99,0.944657,0.441667,0.175,0.608333,0.783333,0.441667,0.058333,0.0,0.708114,0.96,0.941796
volkan,PFP,1024,1024-100,0.052692,0.458333,0.508333,0.241667,0.75,0.691667,0.0,0.041667,0.499884,0.12,0.436179
volkan,PFP,1024,1024-101,-0.434545,0.225,0.475,0.008333,0.483333,0.483333,0.0,0.25,0.391814,-0.56,0.54959
volkan,PFP,1024,1024-102,-0.314861,0.25,0.508333,0.066667,0.575,0.575,0.0,0.133333,0.424989,-0.32,0.454964
volkan,PFP,1024,1024-103,0.09447,0.525,0.525,0.308333,0.833333,0.8,0.0,0.016667,0.519984,-0.24,0.401145
volkan,PFP,1024,1024-104,-0.276964,0.333333,0.475,0.091667,0.566667,0.566667,0.0,0.158333,0.433492,-0.36,0.481938
volkan,PFP,1024,1024-105,1.162645,0.275,0.05,0.658333,0.708333,0.275,0.125,0.0,0.749177,1.52,1.154409
volkan,PFP,1024,1024-106,0.252362,0.5,0.475,0.383333,0.858333,0.7,0.0,0.0,0.55764,0.36,0.48659
volkan,PFP,1024,1024-107,-0.848234,0.016667,0.225,0.0,0.225,0.225,0.0,0.475,0.31077,-0.8,0.844809
volkan,PFP,1024,1024-108,0.229203,0.525,0.55,0.366667,0.916667,0.791667,0.0,0.0,0.554227,0.2,0.417315
volkan,PFP,1024,1024-109,-0.803285,0.033333,0.216667,0.0,0.216667,0.216667,0.0,0.483333,0.311492,-0.64,0.841915
volkan,PFP,1024,1024-110,-0.190562,0.425,0.483333,0.2,0.683333,0.683333,0.0,0.075,0.4709,-0.28,0.438113
volkan,PFP,1024,1024-111,-0.19398,0.341667,0.458333,0.158333,0.616667,0.583333,0.0,0.133333,0.457809,0.12,0.489829
volkan,PFP,1024,1024-112,-0.433928,0.241667,0.533333,0.008333,0.541667,0.541667,0.0,0.191667,0.408377,-0.56,0.476285
volkan,PFP,1024,1024-113,0.289044,0.475,0.525,0.391667,0.916667,0.766667,0.0,0.0,0.566499,0.48,0.458821
volkan,PFP,1024,1024-114,0.537074,0.541667,0.441667,0.458333,0.9,0.7,0.033333,0.0,0.631869,0.52,0.624646
volkan,PFP,1024,1024-115,0.298362,0.475,0.483333,0.425,0.908333,0.725,0.0,0.0,0.572664,0.2,0.488712
volkan,PFP,1024,1024-116,1.177182,0.291667,0.05,0.625,0.675,0.291667,0.141667,0.0,0.750158,1.24,1.163475
volkan,PFP,1024,1024-117,1.564602,0.075,0.0,0.475,0.475,0.075,0.3,0.0,0.805279,1.36,1.484515
volkan,PFP,1024,1024-118,0.700849,0.566667,0.283333,0.625,0.908333,0.633333,0.025,0.0,0.662902,0.76,0.73285
volkan,PFP,1024,1024-119,-1.447227,0.0,0.0,0.0,0.0,0.0,0.0,0.875,0.20575,-1.4,1.442153
volkan,PFP,1024,1024-120,0.2584,0.491667,0.516667,0.391667,0.908333,0.741667,0.0,0.0,0.56665,0.36,0.465965
volkan,PFP,1024,1024-121,-2.292643,0.0,0.0,0.0,0.0,0.0,0.0,1.0,0.098594,-1.68,2.326043
volkan,PFP,1024,1024-122,0.040694,0.516667,0.525,0.3,0.825,0.775,0.0,0.016667,0.521809,-0.16,0.423509
volkan,PFP,1024,1024-123,0.560079,0.541667,0.441667,0.516667,0.958333,0.725,0.008333,0.0,0.623651,0.72,0.579619
volkan,PFP,1024,1024-124,-0.938357,0.0,0.141667,0.0,0.141667,0.141667,0.0,0.516667,0.292654,-1.08,0.933896
volkan,PFP,1024,1024-125,-1.597581,0.0,0.0,0.0,0.0,0.0,0.0,0.933333,0.183764,-1.64,1.564255
volkan,PFP,1024,1024-126,-0.841867,0.05,0.241667,0.0,0.241667,0.241667,0.0,0.466667,0.3159,-1.32,0.823315
volkan,PFP,1024,1024-127,-0.289939,0.308333,0.508333,0.058333,0.566667,0.566667,0.0,0.133333,0.432347,-0.28,0.441648
volkan,PFP,1024,1024-128,1.212432,0.291667,0.05,0.566667,0.616667,0.291667,0.15,0.0,0.758678,1.64,1.21811
volkan,PFP,1024,1024-129,-0.611522,0.125,0.341667,0.0,0.341667,0.341667,0.0,0.366667,0.34803,-0.96,0.727409
volkan,PFP,1024,1024-130,1.19278,0.241667,0.05,0.541667,0.591667,0.241667,0.166667,0.0,0.762033,1.36,1.243242
volkan,PFP,1024,1024-131,0.036004,0.416667,0.491667,0.283333,0.775,0.683333,0.0,0.008333,0.511869,0.4,0.42618
volkan,PFP,1024,1024-132,0.459359,0.6,0.475,0.483333,0.958333,0.783333,0.0,0.0,0.603901,0.36,0.525492
volkan,PFP,1024,1024-133,1.932302,0.0,0.0,0.15,0.15,0.0,0.608333,0.0,0.861012,1.56,1.900248
volkan,PFP,1024,1024-134,-0.44433,0.233333,0.45,0.016667,0.466667,0.466667,0.0,0.25,0.398024,-0.08,0.538553
volkan,PFP,1024,1024-135,-0.388455,0.275,0.516667,0.033333,0.55,0.55,0.0,0.158333,0.420226,-0.48,0.475975
volkan,PFP,1024,1024-136,1.419827,0.15,0.0,0.466667,0.466667,0.15,0.291667,0.0,0.792837,1.6,1.410498
volkan,PFP,1024,1024-137,-0.924784,0.016667,0.258333,0.0,0.258333,0.258333,0.0,0.525,0.300761,-1.32,0.916225
volkan,PFP,1024,1024-138,2.11632,0.0,0.0,0.116667,0.116667,0.0,0.733333,0.0,0.885614,1.88,2.183437
volkan,PFP,1024,1024-139,0.584726,0.516667,0.383333,0.583333,0.966667,0.666667,0.0,0.0,0.631855,0.48,0.617576
volkan,PFP,1024,1024-140,0.501021,0.516667,0.441667,0.491667,0.933333,0.7,0.0,0.0,0.615219,0.56,0.589169
volkan,PFP,1024,1024-141,0.627165,0.575,0.383333,0.525,0.908333,0.633333,0.025,0.0,0.6498,0.68,0.674189
volkan,PFP,1024,1024-142,0.788706,0.525,0.291667,0.566667,0.858333,0.566667,0.058333,0.0,0.677235,0.88,0.799432
volkan,PFP,1024,1024-143,-1.001698,0.0,0.125,0.0,0.125,0.125,0.0,0.616667,0.274085,-1.08,1.031983
volkan,PFP,1024,1024-144,-1.463705,0.0,0.0,0.0,0.0,0.0,0.0,0.833333,0.20387,-1.56,1.45025
volkan,PFP,1024,1024-145,-0.324913,0.308333,0.533333,0.041667,0.575,0.575,0.0,0.15,0.42459,-0.4,0.435686
volkan,PFP,1024,1024-146,0.973946,0.425,0.15,0.6,0.75,0.425,0.083333,0.0,0.717977,0.96,0.995855
volkan,PFP,1024,1024-147,-0.26743,0.316667,0.45,0.116667,0.566667,0.566667,0.0,0.216667,0.428911,-0.52,0.512909
volkan,PFP,1024,1024-148,-0.356829,0.275,0.591667,0.025,0.616667,0.616667,0.0,0.116667,0.431047,-0.52,0.413283
volkan,PFP,1024,1024-149,-1.63242,0.0,0.0,0.0,0.0,0.0,0.0,0.925,0.176062,-1.72,1.625939
volkan,PFP,1024,1024-150,0.108571,0.483333,0.508333,0.333333,0.841667,0.75,0.0,0.0,0.535468,0.2,0.419109
volkan,PFP,1024,1024-151,-1.035564,0.0,0.108333,0.0,0.108333,0.108333,0.0,0.583333,0.277868,-0.84,1.006158
volkan,PFP,1024,1024-152,0.358833,0.525,0.483333,0.458333,0.941667,0.766667,0.0,0.0,0.584271,0.56,0.48957
volkan,PFP,1024,1024-153,-1.836732,0.0,0.0,0.0,0.0,0.0,0.0,1.0,0.151193,-1.72,1.810253
volkan,PFP,1024,1024-154,0.90746,0.433333,0.241667,0.525,0.766667,0.466667,0.058333,0.0,0.694998,0.6,0.882652
volkan,PFP,1024,1024-155,0.611797,0.566667,0.391667,0.533333,0.925,0.675,0.008333,0.0,0.640308,0.64,0.642568
volkan,PFP,1024,1024-156,-1.085474,0.0,0.066667,0.0,0.066667,0.066667,0.0,0.641667,0.270901,-1.36,1.032386
volkan,PFP,1024,1024-157,-1.189078,0.0,0.05,0.0,0.05,0.05,0.0,0.725,0.246528,-1.16,1.176429
volkan,PFP,1024,1024-158,-0.159013,0.366667,0.441667,0.158333,0.6,0.6,0.0,0.133333,0.448117,0.12,0.492918
volkan,PFP,1024,1024-159,-1.710433,0.0,0.0,0.0,0.0,0.0,0.0,0.95,0.161753,-1.88,1.755783
volkan,PFP,1024,1024-160,-0.786836,0.041667,0.225,0.0,0.225,0.225,0.0,0.441667,0.32327,-0.96,0.783234
volkan,PFP,1024,1024-161,-2.156481,0.0,0.0,0.0,0.0,0.0,0.0,1.0,0.116399,-1.92,2.115245
volkan,PFP,1024,1024-162,-0.614817,0.075,0.4,0.0,0.4,0.4,0.0,0.316667,0.361881,-0.68,0.613658
volkan,PFP,1024,1024-163,0.513434,0.575,0.425,0.491667,0.916667,0.691667,0.016667,0.0,0.624358,0.8,0.602662
volkan,PFP,1024,1024-164,-1.755263,0.0,0.0,0.0,0.0,0.0,0.0,0.966667,0.162226,-1.76,1.719785
volkan,PFP,1024,1024-165,0.375268,0.541667,0.508333,0.466667,0.975,0.766667,0.0,0.0,0.595556,0.36,0.50676
volkan,PFP,1024,1024-166,-0.368979,0.291667,0.483333,0.05,0.533333,0.533333,0.0,0.225,0.412115,-0.32,0.515192
volkan,PFP,1024,1024-167,-0.433669,0.258333,0.475,0.025,0.5,0.5,0.0,0.216667,0.403943,-0.28,0.517164
volkan,PFP,1024,1024-168,0.144424,0.508333,0.508333,0.383333,0.891667,0.783333,0.0,0.0,0.554209,0.24,0.437515
volkan,PFP,1024,1024-169,0.734074,0.575,0.35,0.566667,0.916667,0.683333,0.008333,0.0,0.645678,0.8,0.654945
volkan,PFP,1024,1024-170,-2.060442,0.0,0.0,0.0,0.0,0.0,0.0,1.0,0.122986,-1.84,2.07072
volkan,PFP,1024,1024-171,-2.302819,0.0,0.0,0.0,0.0,0.0,0.0,1.0,0.099175,-2.08,2.350825
volkan,PFP,1024,1024-172,-0.315122,0.266667,0.525,0.058333,0.583333,0.583333,0.0,0.175,0.4245,-0.76,0.45008
volkan,PFP,1024,1024-173,-0.647231,0.116667,0.375,0.0,0.375,0.375,0.0,0.3,0.361216,-0.68,0.634181
volkan,PFP,1024,1024-174,-1.658396,0.0,0.0,0.0,0.0,0.0,0.0,0.95,0.176177,-1.72,1.618541
volkan,PFP,1024,1024-175,-0.474327,0.2,0.458333,0.008333,0.466667,0.466667,0.0,0.225,0.38835,-0.8,0.559352
volkan,PFP,1024,1024-176,0.116371,0.508333,0.508333,0.35,0.858333,0.766667,0.0,0.0,0.540094,0.0,0.421197
volkan,PFP,1024,1024-177,-0.195482,0.425,0.541667,0.175,0.716667,0.708333,0.0,0.083333,0.475468,-0.08,0.420183
volkan,PFP,1024,1024-178,0.170587,0.533333,0.516667,0.375,0.891667,0.808333,0.0,0.0,0.545196,0.0,0.407837
volkan,PFP,1024,1024-179,-0.352184,0.208333,0.508333,0.05,0.558333,0.558333,0.0,0.116667,0.419304,-0.24,0.454894
volkan,PFP,1024,1024-180,-0.788933,0.033333,0.291667,0.0,0.291667,0.291667,0.0,0.375,0.331903,-1.12,0.745806
volkan,PFP,1024,1024-181,-1.217064,0.0,0.025,0.0,0.025,0.025,0.0,0.741667,0.241006,-1.0,1.209513
volkan,PFP,1024,1024-182,-0.716231,0.058333,0.333333,0.0,0.333333,0.333333,0.0,0.358333,0.346962,-0.88,0.678602
volkan,PFP,1024,1024-183,-0.03899,0.441667,0.508333,0.25,0.758333,0.716667,0.0,0.05,0.500048,-0.2,0.43905
volkan,PFP,1024,1024-184,0.154547,0.533333,0.541667,0.366667,0.908333,0.816667,0.0,0.0,0.545626,-0.08,0.417612
volkan,PFP,1024,1024-185,-0.27275,0.308333,0.533333,0.066667,0.6,0.6,0.0,0.158333,0.432082,-0.52,0.448513
volkan,PFP,1024,1024-186,-1.152264,0.0,0.083333,0.0,0.083333,0.083333,0.0,0.65,0.250799,-1.28,1.178641
volkan,PFP,1024,1024-187,1.514339,0.091667,0.0,0.416667,0.416667,0.091667,0.308333,0.0,0.80828,1.28,1.511444
volkan,PFP,1024,1024-188,-0.199393,0.375,0.466667,0.166667,0.633333,0.633333,0.0,0.125,0.457838,-0.08,0.45771
volkan,PFP,1024,1024-189,-1.046237,0.0,0.083333,0.0,0.083333,0.083333,0.0,0.566667,0.278407,-1.16,1.000125
volkan,PFP,1024,1024-190,0.696606,0.575,0.366667,0.533333,0.9,0.65,0.008333,0.0,0.64817,0.64,0.660222
volkan,PFP,1024,1024-191,-0.890197,0.0,0.233333,0.0,0.233333,0.233333,0.0,0.416667,0.318678,-0.84,0.807388
volkan,PFP,1024,1024-192,-0.583305,0.141667,0.383333,0.0,0.383333,0.383333,0.0,0.316667,0.355284,-0.72,0.673145
volkan,PFP,1024,1024-193,1.315357,0.175,0.041667,0.541667,0.583333,0.175,0.191667,0.0,0.776264,1.36,1.311608
volkan,PFP,1024,1024-194,-0.921093,0.0,0.2,0.0,0.2,0.2,0.0,0.458333,0.309302,-1.0,0.849436
volkan,PFP,1024,1024-195,-1.033055,0.0,0.125,0.0,0.125,0.125,0.0,0.6,0.274414,-1.04,1.032999
volkan,PFP,1024,1024-196,0.791634,0.575,0.291667,0.6,0.891667,0.6,0.016667,0.0,0.671189,0.88,0.755858
volkan,PFP,1024,1024-197,-1.046091,0.0,0.116667,0.0,0.116667,0.116667,0.0,0.608333,0.269259,-0.96,1.063637
volkan,PFP,1024,1024-198,-0.344008,0.325,0.508333,0.066667,0.575,0.575,0.0,0.166667,0.422926,-0.4,0.494464
volkan,PFP,1024,1024-199,0.002774,0.5,0.491667,0.225,0.716667,0.708333,0.0,0.008333,0.498812,-0.24,0.394808
volkan,PFP,2026,2026-0,-0.793122,0.025,0.283333,0.0,0.283333,0.283333,0.0,0.383333,0.328667,-0.68,0.754351
volkan,PFP,2026,2026-1,0.240571,0.491667,0.508333,0.366667,0.875,0.725,0.0,0.0,0.555278,0.36,0.479566
volkan,PFP,2026,2026-2,-1.896326,0.0,0.0,0.0,0.0,0.0,0.0,1.0,0.146123,-1.56,1.842443
volkan,PFP,2026,2026-3,1.395772,0.175,0.0,0.466667,0.466667,0.175,0.233333,0.0,0.791685,1.48,1.410542
volkan,PFP,2026,2026-4,0.638295,0.583333,0.308333,0.633333,0.941667,0.683333,0.025,0.0,0.649546,1.0,0.687583
volkan,PFP,2026,2026-5,-0.292047,0.291667,0.475,0.075,0.55,0.55,0.0,0.191667,0.422006,-0.48,0.502149
volkan,PFP,2026,2026-6,-0.311949,0.308333,0.466667,0.091667,0.558333,0.558333,0.0,0.15,0.430879,-0.08,0.47438
volkan,PFP,2026,2026-7,0.303835,0.475,0.491667,0.45,0.941667,0.741667,0.0,0.0,0.574888,0.24,0.479105
volkan,PFP,2026,2026-8,-0.26766,0.3,0.458333,0.1,0.558333,0.558333,0.0,0.158333,0.433537,0.12,0.46666
volkan,PFP,2026,2026-9,-0.225909,0.341667,0.475,0.116667,0.591667,0.591667,0.0,0.15,0.440626,-0.08,0.467798
volkan,PFP,2026,2026-10,0.720068,0.533333,0.391667,0.508333,0.9,0.625,0.016667,0.0,0.648553,0.72,0.676798
volkan,PFP,2026,2026-11,0.514705,0.525,0.433333,0.516667,0.95,0.708333,0.008333,0.0,0.623608,0.4,0.598527
volkan,PFP,2026,2026-12,-0.064128,0.483333,0.541667,0.191667,0.733333,0.716667,0.0,0.025,0.491647,-0.16,0.394971
volkan,PFP,2026,2026-13,-0.085477,0.425,0.466667,0.233333,0.7,0.683333,0.0,0.066667,0.480305,-0.08,0.427079
volkan,PFP,2026,2026-14,0.160916,0.491667,0.433333,0.408333,0.841667,0.691667,0.0,0.0,0.55146,0.16,0.499552
volkan,PFP,2026,2026-15,-0.614018,0.108333,0.391667,0.0,0.391667,0.391667,0.0,0.341667,0.353233,-0.32,0.662268
volkan,PFP,2026,2026-16,-0.40375,0.266667,0.383333,0.091667,0.475,0.475,0.0,0.258333,0.398408,-0.8,0.596586
volkan,PFP,2026,2026-17,0.54826,0.541667,0.483333,0.466667,0.95,0.733333,0.008333,0.0,0.616105,0.64,0.560018
volkan,PFP,2026,2026-18,-0.130483,0.5,0.566667,0.183333,0.75,0.75,0.0,0.041667,0.491622,-0.24,0.394474
volkan,PFP,2026,2026-19,-1.374426,0.0,0.0,0.0,0.0,0.0,0.0,0.833333,0.213884,-1.2,1.372393
volkan,PFP,2026,2026-20,-0.477279,0.208333,0.391667,0.025,0.416667,0.416667,0.0,0.291667,0.379833,-0.4,0.600566
volkan,PFP,2026,2026-21,0.656622,0.516667,0.333333,0.55,0.883333,0.608333,0.016667,0.0,0.655039,0.72,0.703172
volkan,PFP,2026,2026-22,-0.232283,0.375,0.475,0.15,0.625,0.625,0.0,0.125,0.452331,0.12,0.457623
volkan,PFP,2026,2026-23,-0.148733,0.391667,0.475,0.166667,0.641667,0.616667,0.0,0.058333,0.467915,0.48,0.44162
volkan,PFP,2026,2026-24,0.641837,0.525,0.316667,0.6,0.916667,0.616667,0.008333,0.0,0.650436,0.76,0.688601
volkan,PFP,2026,2026-25,1.82461,0.008333,0.0,0.2,0.2,0.008333,0.608333,0.0,0.854078,1.76,1.884731
volkan,PFP,2026,2026-26,-0.713189,0.083333,0.366667,0.0,0.366667,0.366667,0.0,0.35,0.351308,-0.92,0.672037
volkan,PFP,2026,2026-27,1.348207,0.15,0.033333,0.533333,0.566667,0.15,0.175,0.0,0.779678,1.48,1.324577
volkan,PFP,2026,2026-28,-1.230013,0.0,0.041667,0.0,0.041667,0.041667,0.0,0.716667,0.236637,-1.32,1.250223
volkan,PFP,2026,2026-29,0.174978,0.458333,0.516667,0.375,0.891667,0.775,0.0,0.0,0.548528,0.28,0.437911
volkan,PFP,2026,2026-30,-1.16953,0.0,0.05,0.0,0.05,0.05,0.0,0.708333,0.254277,-1.28,1.126948
volkan,PFP,2026,2026-31,1.351458,0.2,0.0,0.558333,0.558333,0.2,0.225,0.0,0.778145,1.16,1.325668
volkan,PFP,2026,2026-32,0.833923,0.566667,0.216667,0.65,0.866667,0.583333,0.025,0.0,0.67924,0.96,0.789049
volkan,PFP,2026,2026-33,1.137717,0.266667,0.075,0.566667,0.641667,0.266667,0.166667,0.0,0.752544,0.96,1.179286
volkan,PFP,2026,2026-34,-0.885533,0.0,0.158333,0.0,0.158333,0.158333,0.0,0.475,0.300634,-1.24,0.904091
volkan,PFP,2026,2026-35,0.684555,0.583333,0.341667,0.55,0.891667,0.641667,0.025,0.0,0.654952,0.96,0.701204
volkan,PFP,2026,2026-36,-0.519013,0.133333,0.391667,0.0,0.391667,0.391667,0.0,0.316667,0.368729,-0.6,0.612334
volkan,PFP,2026,2026-37,-0.457385,0.216667,0.391667,0.033333,0.425,0.425,0.0,0.325,0.381033,-0.52,0.637773
volkan,PFP,2026,2026-38,0.506537,0.533333,0.475,0.441667,0.916667,0.7,0.0,0.0,0.605615,0.76,0.552015
volkan,PFP,2026,2026-39,0.876718,0.491667,0.216667,0.616667,0.833333,0.516667,0.058333,0.0,0.691563,0.96,0.858296
volkan,PFP,2026,2026-40,0.20442,0.491667,0.533333,0.358333,0.891667,0.791667,0.0,0.0,0.544488,0.16,0.41812
volkan,PFP,2026,2026-41,-0.627987,0.1,0.383333,0.0,0.383333,0.383333,0.0,0.325,0.357527,-0.76,0.64973
volkan,PFP,2026,2026-42,-0.825817,0.041667,0.233333,0.0,0.233333,0.233333,0.0,0.375,0.321723,-0.88,0.807337
volkan,PFP,2026,2026-43,1.444317,0.183333,0.0,0.458333,0.458333,0.183333,0.316667,0.0,0.798326,1.36,1.475508
volkan,PFP,2026,2026-44,0.593946,0.566667,0.4,0.516667,0.916667,0.683333,0.008333,0.0,0.639255,0.84,0.64422
volkan,PFP,2026,2026-45,0.719728,0.625,0.383333,0.575,0.958333,0.691667,0.008333,0.0,0.642028,0.84,0.623938
volkan,PFP,2026,2026-46,2.183488,0.0,0.0,0.066667,0.066667,0.0,0.783333,0.0,0.887932,1.68,2.176753
volkan,PFP,2026,2026-47,-0.815863,0.033333,0.208333,0.0,0.208333,0.208333,0.0,0.425,0.320949,-1.04,0.790275
volkan,PFP,2026,2026-48,2.559458,0.0,0.0,0.0,0.0,0.0,0.908333,0.0,0.919404,2.2,2.57398
volkan,PFP,2026,2026-49,3.150908,0.0,0.0,0.0,0.0,0.0,1.0,0.0,0.954645,2.16,3.242312
volkan,PFP,2026,2026-50,1.618413,0.066667,0.0,0.35,0.35,0.066667,0.416667,0.0,0.824567,1.48,1.632475
volkan,PFP,2026,2026-51,0.827107,0.525,0.2,0.633333,0.833333,0.558333,0.033333,0.0,0.686715,0.68,0.82944
volkan,PFP,2026,2026-52,-0.663822,0.1,0.3,0.0,0.3,0.3,0.0,0.433333,0.333946,-0.6,0.754207
volkan,PFP,2026,2026-53,0.994486,0.425,0.125,0.658333,0.783333,0.425,0.091667,0.0,0.720832,1.4,1.00645
volkan,PFP,2026,2026-54,-0.442692,0.233333,0.475,0.025,0.5,0.5,0.0,0.233333,0.399931,-0.36,0.53926
volkan,PFP,2026,2026-55,-0.021651,0.491667,0.516667,0.266667,0.783333,0.758333,0.0,0.025,0.503725,-0.2,0.404597
volkan,PFP,2026,2026-56,-0.290433,0.358333,0.475,0.116667,0.591667,0.591667,0.0,0.191667,0.434025,0.0,0.503639
volkan,PFP,2026,2026-57,0.28383,0.491667,0.508333,0.4,0.908333,0.75,0.0,0.0,0.568592,0.4,0.461663
volkan,PFP,2026,2026-58,1.288078,0.208333,0.025,0.566667,0.591667,0.208333,0.208333,0.0,0.773386,1.4,1.303328
volkan,PFP,2026,2026-59,-0.555584,0.15,0.358333,0.008333,0.366667,0.366667,0.0,0.308333,0.364518,-0.92,0.638887
volkan,PFP,2026,2026-60,-0.985404,0.0,0.166667,0.0,0.166667,0.166667,0.0,0.475,0.297139,-0.72,0.911675
volkan,PFP,2026,2026-61,-1.002957,0.0,0.175,0.0,0.175,0.175,0.0,0.583333,0.287291,-1.0,0.979489
volkan,PFP,2026,2026-62,-0.968277,0.0,0.158333,0.0,0.158333,0.158333,0.0,0.533333,0.28812,-1.16,0.96398
volkan,PFP,2026,2026-63,-1.431103,0.0,0.0,0.0,0.0,0.0,0.0,0.858333,0.207457,-1.6,1.413788
volkan,PFP,2026,2026-64,-0.912934,0.016667,0.15,0.0,0.15,0.15,0.0,0.525,0.295497,-0.84,0.921629
volkan,PFP,2026,2026-65,1.293266,0.216667,0.016667,0.591667,0.608333,0.216667,0.158333,0.0,0.769491,1.16,1.259311
volkan,PFP,2026,2026-66,-0.593312,0.15,0.408333,0.008333,0.416667,0.416667,0.0,0.35,0.360762,-0.36,0.668622
volkan,PFP,2026,2026-67,0.257108,0.508333,0.541667,0.4,0.941667,0.833333,0.0,0.0,0.554389,0.4,0.411475
volkan,PFP,2026,2026-68,-1.216894,0.0,0.05,0.0,0.05,0.05,0.0,0.75,0.240304,-1.08,1.214638
volkan,PFP,2026,2026-69,0.169651,0.566667,0.55,0.358333,0.908333,0.85,0.0,0.0,0.54167,0.44,0.388545
volkan,PFP,2026,2026-70,-1.740781,0.0,0.0,0.0,0.0,0.0,0.0,0.958333,0.162088,-1.72,1.739325
volkan,PFP,2026,2026-71,-0.698756,0.075,0.308333,0.0,0.308333,0.308333,0.0,0.366667,0.335713,-0.68,0.737095
volkan,PFP,2026,2026-72,2.254539,0.0,0.0,0.091667,0.091667,0.0,0.825,0.0,0.899387,1.68,2.325016
volkan,PFP,2026,2026-73,-0.58297,0.091667,0.416667,0.0,0.416667,0.416667,0.0,0.333333,0.358142,-0.8,0.655382
volkan,PFP,2026,2026-74,1.119976,0.366667,0.041667,0.691667,0.733333,0.366667,0.108333,0.0,0.736145,0.88,1.077643
volkan,PFP,2026,2026-75,0.455054,0.525,0.491667,0.458333,0.95,0.733333,0.0,0.0,0.600072,0.44,0.530874
volkan,PFP,2026,2026-76,-0.152986,0.358333,0.491667,0.125,0.616667,0.616667,0.0,0.125,0.449491,0.0,0.450125
volkan,PFP,2026,2026-77,-0.652107,0.108333,0.4,0.0,0.4,0.4,0.0,0.366667,0.354748,-0.6,0.660355
volkan,PFP,2026,2026-78,1.286909,0.241667,0.008333,0.666667,0.675,0.241667,0.183333,0.0,0.762821,1.16,1.228213
volkan,PFP,2026,2026-79,-0.177383,0.391667,0.516667,0.166667,0.683333,0.675,0.0,0.091667,0.465283,0.16,0.427324
volkan,PFP,2026,2026-80,1.527424,0.091667,0.0,0.4,0.4,0.091667,0.366667,0.0,0.806562,1.56,1.500611
volkan,PFP,2026,2026-81,-0.719079,0.05,0.375,0.0,0.375,0.375,0.0,0.341667,0.34821,-0.84,0.67363
volkan,PFP,2026,2026-82,0.057339,0.5,0.558333,0.241667,0.8,0.775,0.0,0.025,0.504207,-0.16,0.405018
volkan,PFP,2026,2026-83,0.465499,0.533333,0.458333,0.508333,0.966667,0.758333,0.0,0.0,0.589858,0.24,0.508216
volkan,PFP,2026,2026-84,0.37316,0.5,0.5,0.425,0.925,0.775,0.0,0.0,0.575133,0.48,0.474558
volkan,PFP,2026,2026-85,-1.233802,0.0,0.025,0.0,0.025,0.025,0.0,0.783333,0.235853,-1.16,1.237756
volkan,PFP,2026,2026-86,-0.664063,0.075,0.333333,0.0,0.333333,0.333333,0.0,0.316667,0.356581,-1.12,0.642384
volkan,PFP,2026,2026-87,-0.19598,0.316667,0.508333,0.091667,0.6,0.6,0.0,0.141667,0.438117,-0.28,0.448975
volkan,PFP,2026,2026-88,-0.853699,0.008333,0.191667,0.0,0.191667,0.191667,0.0,0.466667,0.31307,-1.04,0.824254
volkan,PFP,2026,2026-89,0.677325,0.591667,0.35,0.575,0.925,0.675,0.008333,0.0,0.645754,1.0,0.650422
volkan,PFP,2026,2026-90,0.588019,0.6,0.466667,0.491667,0.958333,0.733333,0.008333,0.0,0.622171,0.6,0.555435
volkan,PFP,2026,2026-91,-1.957084,0.0,0.0,0.0,0.0,0.0,0.0,1.0,0.13389,-1.92,1.969515
volkan,PFP,2026,2026-92,-1.805254,0.0,0.0,0.0,0.0,0.0,0.0,1.0,0.153475,-1.52,1.791965
volkan,PFP,2026,2026-93,-1.281563,0.0,0.008333,0.0,0.008333,0.008333,0.0,0.775,0.230311,-1.4,1.269213
volkan,PFP,2026,2026-94,0.11726,0.475,0.433333,0.35,0.783333,0.691667,0.0,0.025,0.526505,-0.2,0.45879
volkan,PFP,2026,2026-95,2.033173,0.0,0.0,0.175,0.175,0.0,0.708333,0.0,0.874948,1.92,2.06027
volkan,PFP,2026,2026-96,-0.382356,0.275,0.541667,0.041667,0.583333,0.583333,0.0,0.183333,0.414499,-0.64,0.486045
volkan,PFP,2026,2026-97,0.250651,0.483333,0.491667,0.391667,0.883333,0.733333,0.0,0.0,0.555947,0.2,0.462295
volkan,PFP,2026,2026-98,-1.063112,0.0,0.1,0.0,0.1,0.1,0.0,0.516667,0.281181,-0.84,0.989831
volkan,PFP,2026,2026-99,-1.046836,0.0,0.1,0.0,0.1,0.1,0.0,0.6,0.267349,-1.04,1.073054
volkan,PFP,2026,2026-100,-1.957228,0.0,0.0,0.0,0.0,0.0,0.0,1.0,0.13418,-2.0,1.981112
volkan,PFP,2026,2026-101,-0.028344,0.466667,0.55,0.225,0.775,0.733333,0.0,0.025,0.502643,0.12,0.408504
volkan,PFP,2026,2026-102,0.947217,0.458333,0.175,0.633333,0.808333,0.458333,0.066667,0.0,0.706267,1.0,0.925018
volkan,PFP,2026,2026-103,-0.356714,0.266667,0.491667,0.05,0.541667,0.541667,0.0,0.175,0.414677,-0.32,0.487631
volkan,PFP,2026,2026-104,1.396453,0.158333,0.0,0.591667,0.591667,0.158333,0.216667,0.0,0.786233,1.24,1.388603
volkan,PFP,2026,2026-105,0.197855,0.5,0.491667,0.35,0.841667,0.741667,0.0,0.0,0.537686,0.12,0.444441
volkan,PFP,2026,2026-106,-0.036412,0.466667,0.508333,0.208333,0.716667,0.708333,0.0,0.075,0.488195,-0.2,0.422039
volkan,PFP,2026,2026-107,0.517254,0.525,0.475,0.466667,0.941667,0.733333,0.0,0.0,0.614371,0.64,0.563547
volkan,PFP,2026,2026-108,0.487378,0.583333,0.5,0.458333,0.958333,0.775,0.0,0.0,0.600406,0.36,0.513744
volkan,PFP,2026,2026-109,1.147806,0.316667,0.083333,0.641667,0.725,0.316667,0.15,0.0,0.742551,1.24,1.123441
volkan,PFP,2026,2026-110,-0.801954,0.025,0.216667,0.0,0.216667,0.216667,0.0,0.458333,0.312534,-0.92,0.840981
volkan,PFP,2026,2026-111,-2.288049,0.0,0.0,0.0,0.0,0.0,0.0,1.0,0.101993,-1.92,2.30547
volkan,PFP,2026,2026-112,0.114747,0.508333,0.525,0.316667,0.841667,0.783333,0.0,0.0,0.529581,0.24,0.415322
volkan,PFP,2026,2026-113,-0.611675,0.075,0.333333,0.0,0.333333,0.333333,0.0,0.375,0.349973,-0.84,0.676293
volkan,PFP,2026,2026-114,-0.027177,0.425,0.483333,0.2,0.683333,0.666667,0.0,0.058333,0.475544,0.12,0.431361
volkan,PFP,2026,2026-115,1.6643,0.041667,0.0,0.375,0.375,0.041667,0.416667,0.0,0.822698,1.6,1.611504
volkan,PFP,2026,2026-116,-1.102842,0.0,0.1,0.0,0.1,0.1,0.0,0.625,0.266138,-1.6,1.076446
volkan,PFP,2026,2026-117,0.764797,0.516667,0.258333,0.625,0.883333,0.591667,0.033333,0.0,0.6714,1.2,0.780212
volkan,PFP,2026,2026-118,0.945868,0.516667,0.141667,0.666667,0.808333,0.516667,0.05,0.0,0.703589,0.8,0.910523
volkan,PFP,2026,2026-119,0.460736,0.516667,0.475,0.466667,0.941667,0.733333,0.0,0.0,0.592073,0.6,0.513537
volkan,PFP,2026,2026-120,1.118508,0.375,0.058333,0.708333,0.766667,0.375,0.108333,0.0,0.731623,0.96,1.055169
volkan,PFP,2026,2026-121,-0.458362,0.208333,0.483333,0.008333,0.491667,0.491667,0.0,0.216667,0.395502,-0.64,0.51483
volkan,PFP,2026,2026-122,-0.68151,0.058333,0.3,0.0,0.3,0.3,0.0,0.4,0.339727,-0.32,0.716609
volkan,PFP,2026,2026-123,1.038983,0.383333,0.116667,0.641667,0.758333,0.383333,0.141667,0.0,0.729481,1.16,1.052899
volkan,PFP,2026,2026-124,0.7203,0.533333,0.3,0.55,0.85,0.583333,0.058333,0.0,0.676562,0.64,0.801355
volkan,PFP,2026,2026-125,1.390378,0.15,0.0,0.491667,0.491667,0.15,0.241667,0.0,0.790238,1.52,1.407535
volkan,PFP,2026,2026-126,0.21229,0.558333,0.525,0.375,0.9,0.808333,0.0,0.0,0.548762,0.16,0.422193
volkan,PFP,2026,2026-127,1.623563,0.083333,0.0,0.325,0.325,0.083333,0.466667,0.0,0.824239,1.68,1.637621
volkan,PFP,2026,2026-128,-0.28208,0.35,0.508333,0.075,0.583333,0.583333,0.0,0.183333,0.433972,-0.52,0.480141
volkan,PFP,2026,2026-129,-1.060329,0.0,0.083333,0.0,0.083333,0.083333,0.0,0.658333,0.26898,-1.2,1.049948
volkan,PFP,2026,2026-130,-2.037089,0.0,0.0,0.0,0.0,0.0,0.0,1.0,0.122916,-1.88,2.109282
volkan,PFP,2026,2026-131,-1.101401,0.0,0.091667,0.0,0.091667,0.091667,0.0,0.633333,0.270346,-1.12,1.045576
volkan,PFP,2026,2026-132,0.818504,0.525,0.191667,0.658333,0.85,0.541667,0.025,0.0,0.689583,0.64,0.843871
volkan,PFP,2026,2026-133,-1.464929,0.0,0.0,0.0,0.0,0.0,0.0,0.875,0.198412,-1.52,1.48491
volkan,PFP,2026,2026-134,-0.452364,0.191667,0.516667,0.008333,0.525,0.525,0.0,0.208333,0.397584,-0.8,0.508748
volkan,PFP,2026,2026-135,2.106584,0.0,0.0,0.091667,0.091667,0.0,0.733333,0.0,0.883154,1.84,2.137707
volkan,PFP,2026,2026-136,0.846796,0.483333,0.258333,0.55,0.808333,0.508333,0.041667,0.0,0.689157,0.6,0.847338
volkan,PFP,2026,2026-137,1.790985,0.041667,0.0,0.25,0.25,0.041667,0.566667,0.0,0.848008,1.52,1.825075
volkan,PFP,2026,2026-138,-0.991562,0.0,0.166667,0.0,0.166667,0.166667,0.0,0.566667,0.287979,-1.04,0.960304
volkan,PFP,2026,2026-139,-2.459975,0.0,0.0,0.0,0.0,0.0,0.0,1.0,0.087383,-1.96,2.476031
volkan,PFP,2026,2026-140,1.516381,0.133333,0.0,0.458333,0.458333,0.133333,0.283333,0.0,0.805254,1.56,1.505498
volkan,PFP,2026,2026-141,-1.416943,0.0,0.0,0.0,0.0,0.0,0.0,0.841667,0.210977,-1.32,1.387348
volkan,PFP,2026,2026-142,0.090924,0.475,0.541667,0.283333,0.825,0.741667,0.0,0.0,0.522502,0.04,0.41875
volkan,PFP,2026,2026-143,0.217093,0.483333,0.483333,0.375,0.858333,0.7,0.0,0.0,0.562879,0.32,0.500565
volkan,PFP,2026,2026-144,-0.948896,0.0,0.191667,0.0,0.191667,0.191667,0.0,0.5,0.296018,-1.48,0.919609
volkan,PFP,2026,2026-145,1.552633,0.108333,0.0,0.433333,0.433333,0.108333,0.325,0.0,0.810524,1.16,1.536091
volkan,PFP,2026,2026-146,1.549338,0.141667,0.0,0.375,0.375,0.141667,0.425,0.0,0.81432,1.84,1.581451
volkan,PFP,2026,2026-147,0.551444,0.6,0.45,0.483333,0.933333,0.733333,0.016667,0.0,0.624217,1.08,0.583909
volkan,PFP,2026,2026-148,-0.029491,0.466667,0.525,0.233333,0.758333,0.733333,0.0,0.041667,0.497405,-0.16,0.41345
volkan,PFP,2026,2026-149,0.191437,0.508333,0.533333,0.333333,0.866667,0.766667,0.0,0.0,0.543104,0.44,0.426204
volkan,PFP,2026,2026-150,-1.095908,0.0,0.091667,0.0,0.091667,0.091667,0.0,0.625,0.270642,-0.84,1.044065
volkan,PFP,2026,2026-151,-0.239064,0.341667,0.441667,0.125,0.566667,0.566667,0.0,0.15,0.438621,0.04,0.480268
volkan,PFP,2026,2026-152,-0.104933,0.433333,0.558333,0.166667,0.725,0.725,0.0,0.041667,0.477146,-0.32,0.38584
volkan,PFP,2026,2026-153,-0.852233,0.075,0.216667,0.0,0.216667,0.216667,0.0,0.508333,0.302366,-1.2,0.908346
volkan,PFP,2026,2026-154,0.849215,0.475,0.233333,0.583333,0.816667,0.525,0.066667,0.0,0.688269,0.92,0.858574
volkan,PFP,2026,2026-155,-1.426481,0.0,0.033333,0.0,0.033333,0.033333,0.0,0.833333,0.216093,-1.16,1.366992
volkan,PFP,2026,2026-156,-0.453419,0.233333,0.491667,0.008333,0.5,0.5,0.0,0.241667,0.395816,-0.84,0.549573
volkan,PFP,2026,2026-157,-2.252878,0.0,0.0,0.0,0.0,0.0,0.0,1.0,0.102927,-1.96,2.314479
volkan,PFP,2026,2026-158,0.496819,0.558333,0.516667,0.475,0.991667,0.758333,0.0,0.0,0.601314,0.4,0.506223
volkan,PFP,2026,2026-159,0.742605,0.558333,0.308333,0.591667,0.9,0.608333,0.016667,0.0,0.663203,0.6,0.725049
volkan,PFP,2026,2026-160,0.621292,0.516667,0.375,0.533333,0.908333,0.666667,0.008333,0.0,0.640354,0.64,0.664046
volkan,PFP,2026,2026-161,2.918087,0.0,0.0,0.0,0.0,0.0,1.0,0.0,0.942878,2.12,2.959152
volkan,PFP,2026,2026-162,0.939791,0.483333,0.141667,0.641667,0.783333,0.483333,0.066667,0.0,0.705169,0.76,0.92054
volkan,PFP,2026,2026-163,-0.941991,0.008333,0.216667,0.0,0.216667,0.216667,0.0,0.483333,0.301558,-0.8,0.89808
volkan,PFP,2026,2026-164,2.66354,0.0,0.0,0.0,0.0,0.0,1.0,0.0,0.926681,2.2,2.663062
volkan,PFP,2026,2026-165,-0.920318,0.016667,0.191667,0.0,0.191667,0.191667,0.0,0.541667,0.297868,-1.16,0.917531
volkan,PFP,2026,2026-166,0.788739,0.55,0.316667,0.558333,0.875,0.591667,0.05,0.0,0.671807,0.72,0.766459
volkan,PFP,2026,2026-167,0.743128,0.5,0.216667,0.641667,0.858333,0.575,0.033333,0.0,0.674362,0.96,0.794403
volkan,PFP,2026,2026-168,-0.879723,0.016667,0.175,0.0,0.175,0.175,0.0,0.516667,0.301046,-0.96,0.896845
volkan,PFP,2026,2026-169,1.395349,0.15,0.0,0.433333,0.433333,0.15,0.266667,0.0,0.795628,1.2,1.441029
volkan,PFP,2026,2026-170,0.354594,0.483333,0.458333,0.45,0.908333,0.725,0.0,0.0,0.603528,0.36,0.549614
volkan,PFP,2026,2026-171,0.570955,0.566667,0.391667,0.558333,0.95,0.691667,0.0,0.0,0.635865,0.28,0.619858
volkan,PFP,2026,2026-172,-0.675733,0.058333,0.35,0.0,0.35,0.35,0.0,0.4,0.344239,-0.64,0.699819
volkan,PFP,2026,2026-173,1.302633,0.225,0.0,0.65,0.65,0.225,0.15,0.0,0.765562,1.4,1.239767
volkan,PFP,2026,2026-174,-0.860938,0.025,0.258333,0.0,0.258333,0.258333,0.0,0.45,0.315345,-0.56,0.825374
volkan,PFP,2026,2026-175,-1.779159,0.0,0.0,0.0,0.0,0.0,0.0,0.958333,0.154054,-1.92,1.810881
volkan,PFP,2026,2026-176,1.425127,0.15,0.0,0.441667,0.441667,0.15,0.275,0.0,0.793576,1.48,1.419122
volkan,PFP,2026,2026-177,-0.426729,0.3,0.475,0.05,0.525,0.525,0.0,0.208333,0.411889,-0.4,0.530547
volkan,PFP,2026,2026-178,0.04337,0.491667,0.575,0.233333,0.808333,0.775,0.0,0.008333,0.508126,0.04,0.397042
volkan,PFP,2026,2026-179,1.922757,0.0,0.0,0.15,0.15,0.0,0.65,0.0,0.862642,1.52,1.939125
volkan,PFP,2026,2026-180,1.136491,0.333333,0.05,0.733333,0.783333,0.333333,0.1,0.0,0.735553,1.28,1.078764
volkan,PFP,2026,2026-181,0.632709,0.55,0.391667,0.516667,0.908333,0.683333,0.008333,0.0,0.635922,0.84,0.629354
volkan,PFP,2026,2026-182,1.069914,0.416667,0.091667,0.733333,0.825,0.416667,0.05,0.0,0.719448,1.2,0.984926
volkan,PFP,2026,2026-183,-0.727509,0.083333,0.25,0.0,0.25,0.25,0.0,0.491667,0.319735,-0.96,0.832613
volkan,PFP,2026,2026-184,0.753089,0.566667,0.308333,0.575,0.883333,0.6,0.041667,0.0,0.671129,0.88,0.764002
volkan,PFP,2026,2026-185,1.109937,0.375,0.091667,0.666667,0.758333,0.375,0.083333,0.0,0.728892,1.12,1.039035
volkan,PFP,2026,2026-186,0.755422,0.583333,0.3,0.591667,0.891667,0.608333,0.033333,0.0,0.667834,0.84,0.744207
volkan,PFP,2026,2026-187,-0.204135,0.333333,0.533333,0.108333,0.641667,0.641667,0.0,0.066667,0.452363,-0.36,0.409878
volkan,PFP,2026,2026-188,-3.747414,0.0,0.0,0.0,0.0,0.0,0.0,1.0,0.026029,-2.28,3.799057
volkan,PFP,2026,2026-189,0.557303,0.608333,0.416667,0.558333,0.975,0.716667,0.0,0.0,0.627199,0.44,0.57984
volkan,PFP,2026,2026-190,0.114876,0.483333,0.516667,0.308333,0.825,0.766667,0.0,0.0,0.526507,0.12,0.402608
volkan,PFP,2026,2026-191,-0.369554,0.241667,0.558333,0.016667,0.575,0.575,0.0,0.166667,0.419747,-0.84,0.460047
volkan,PFP,2026,2026-192,0.778099,0.533333,0.25,0.633333,0.883333,0.608333,0.016667,0.0,0.668726,0.92,0.752156
volkan,PFP,2026,2026-193,0.265703,0.566667,0.6,0.341667,0.941667,0.858333,0.0,0.0,0.555997,0.56,0.393084
volkan,PFP,2026,2026-194,0.203956,0.491667,0.458333,0.433333,0.891667,0.733333,0.0,0.0,0.558689,0.04,0.464406
volkan,PFP,2026,2026-195,-1.483591,0.0,0.0,0.0,0.0,0.0,0.0,0.85,0.203567,-1.48,1.428089
volkan,PFP,2026,2026-196,-1.459323,0.0,0.0,0.0,0.0,0.0,0.0,0.875,0.206025,-1.44,1.414026
volkan,PFP,2026,2026-197,0.370536,0.641667,0.516667,0.433333,0.95,0.825,0.0,0.0,0.5774,0.32,0.446033
volkan,PFP,2026,2026-198,0.076057,0.466667,0.516667,0.225,0.741667,0.733333,0.0,0.033333,0.49465,0.12,0.405808
volkan,PFP,2026,2026-199,0.138741,0.533333,0.583333,0.3,0.883333,0.85,0.0,0.025,0.523942,-0.32,0.402982
difficulty,Saturn,42,42-0,0.304717,0.083333,0.175,0.125,0.3,0.208333,0.325,0.258333,0.591493,0.433268,1.575073
difficulty,Saturn,42,42-1,-1.039984,0.175,0.15,0.141667,0.291667,0.25,0.058333,0.466667,0.360147,0.329392,1.476008
difficulty,Saturn,42,42-2,0.750451,0.15,0.133333,0.2,0.333333,0.208333,0.325,0.2,0.633657,0.311491,1.605061
difficulty,Saturn,42,42-3,0.940565,0.15,0.158333,0.133333,0.291667,0.233333,0.341667,0.2,0.628304,0.397224,1.524136
difficulty,Saturn,42,42-4,-1.951035,0.158333,0.15,0.133333,0.283333,0.233333,0.0,0.675,0.244674,0.295974,2.056427
difficulty,Saturn,42,42-5,-1.30218,0.158333,0.15,0.15,0.3,0.233333,0.025,0.516667,0.314179,0.230658,1.750625
difficulty,Saturn,42,42-6,0.12784,0.183333,0.166667,0.141667,0.308333,0.258333,0.308333,0.291667,0.569635,0.329204,1.593054
difficulty,Saturn,42,42-7,-0.316243,0.158333,0.15,0.275,0.425,0.258333,0.158333,0.291667,0.512607,0.384477,1.419269
difficulty,Saturn,42,42-8,-0.016801,0.158333,0.166667,0.183333,0.35,0.266667,0.191667,0.341667,0.512452,0.27449,1.398905
difficulty,Saturn,42,42-9,-0.853044,0.2,0.141667,0.158333,0.3,0.241667,0.058333,0.525,0.348087,0.359839,1.586566
difficulty,Saturn,42,42-10,0.879398,0.1,0.083333,0.191667,0.275,0.15,0.358333,0.216667,0.647936,0.454616,1.688069
difficulty,Saturn,42,42-11,0.777792,0.166667,0.125,0.25,0.375,0.225,0.291667,0.216667,0.630363,0.386869,1.521868
difficulty,Saturn,42,42-12,0.066031,0.133333,0.116667,0.183333,0.3,0.216667,0.241667,0.35,0.518388,0.373342,1.557438
difficulty,Saturn,42,42-13,1.127241,0.1,0.141667,0.166667,0.308333,0.2,0.408333,0.2,0.665751,0.295184,1.782153
difficulty,Saturn,42,42-14,0.467509,0.183333,0.191667,0.166667,0.358333,0.291667,0.333333,0.225,0.619001,0.397071,1.543501
difficulty,Saturn,42,42-15,-0.859292,0.141667,0.125,0.141667,0.266667,0.208333,0.083333,0.508333,0.366152,0.273446,1.608321
difficulty,Saturn,42,42-16,0.368751,0.116667,0.133333,0.158333,0.291667,0.175,0.275,0.3,0.571646,0.359008,1.520432
difficulty,Saturn,42,42-17,-0.958883,0.116667,0.116667,0.183333,0.3,0.183333,0.066667,0.433333,0.39799,0.33599,1.449723
difficulty,Saturn,42,42-18,0.87845,0.108333,0.108333,0.191667,0.3,0.183333,0.383333,0.141667,0.668487,0.363493,1.647565
difficulty,Saturn,42,42-19,-0.049926,0.158333,0.15,0.175,0.325,0.216667,0.266667,0.325,0.549263,0.310979,1.571726
difficulty,Saturn,42,42-20,-0.184862,0.175,0.125,0.208333,0.333333,0.241667,0.225,0.375,0.510953,0.423196,1.557625
difficulty,Saturn,42,42-21,-0.68093,0.141667,0.158333,0.15,0.308333,0.208333,0.108333,0.441667,0.430597,0.398827,1.550106
difficulty,Saturn,42,42-22,1.222541,0.15,0.116667,0.191667,0.308333,0.208333,0.45,0.125,0.703905,0.261211,1.794568
difficulty,Saturn,42,42-23,-0.154529,0.141667,0.108333,0.175,0.283333,0.175,0.175,0.333333,0.522321,0.432755,1.443741
difficulty,Saturn,42,42-24,-0.428328,0.091667,0.166667,0.1,0.266667,0.208333,0.2,0.425,0.454426,0.313187,1.570156
difficulty,Saturn,42,42-25,-0.352134,0.166667,0.166667,0.183333,0.35,0.241667,0.1,0.441667,0.412122,0.356123,1.434464
difficulty,Saturn,42,42-26,0.532309,0.141667,0.133333,0.158333,0.291667,0.208333,0.383333,0.216667,0.635297,0.351518,1.709315
difficulty,Saturn,42,42-27,0.365444,0.116667,0.091667,0.133333,0.225,0.158333,0.325,0.325,0.579715,0.285345,1.730652
difficulty,Saturn,42,42-28,0.412733,0.133333,0.091667,0.166667,0.258333,0.175,0.3,0.325,0.550552,0.375183,1.611174
difficulty,Saturn,42,42-29,0.430821,0.125,0.15,0.15,0.3,0.233333,0.35,0.25,0.608777,0.303831,1.609651
difficulty,Saturn,42,42-30,2.141648,0.1,0.133333,0.133333,0.266667,0.183333,0.591667,0.0,0.810166,0.238317,2.428288
difficulty,Saturn,42,42-31,-0.406415,0.141667,0.108333,0.208333,0.316667,0.191667,0.116667,0.466667,0.420605,0.409232,1.479055
difficulty,Saturn,42,42-32,-0.512243,0.158333,0.1,0.183333,0.283333,0.183333,0.2,0.383333,0.48546,0.314901,1.518491
difficulty,Saturn,42,42-33,-0.813773,0.091667,0.1,0.175,0.275,0.141667,0.1,0.483333,0.382264,0.316255,1.594229
difficulty,Saturn,42,42-34,0.615979,0.116667,0.141667,0.141667,0.283333,0.183333,0.358333,0.2,0.628256,0.26045,1.616978
difficulty,Saturn,42,42-35,1.128972,0.15,0.108333,0.183333,0.291667,0.208333,0.416667,0.108333,0.70988,0.345681,1.830077
difficulty,Saturn,42,42-36,-0.113947,0.108333,0.133333,0.183333,0.316667,0.2,0.283333,0.325,0.538472,0.407034,1.541974
difficulty,Saturn,42,42-37,-0.840156,0.133333,0.125,0.15,0.275,0.191667,0.083333,0.516667,0.367862,0.330517,1.638072
difficulty,Saturn,42,42-38,-0.824481,0.2,0.141667,0.216667,0.358333,0.275,0.091667,0.491667,0.375936,0.335601,1.604565
difficulty,Saturn,42,42-39,0.650593,0.125,0.158333,0.116667,0.275,0.208333,0.333333,0.266667,0.590202,0.364283,1.618042
difficulty,Saturn,42,42-40,0.743254,0.05,0.05,0.141667,0.191667,0.1,0.416667,0.283333,0.637182,0.309137,1.874187
difficulty,Saturn,42,42-41,0.543154,0.133333,0.108333,0.191667,0.3,0.191667,0.308333,0.308333,0.579993,0.444877,1.601685
difficulty,Saturn,42,42-42,-0.66551,0.1,0.125,0.133333,0.258333,0.191667,0.141667,0.508333,0.380585,0.314779,1.704988
difficulty,Saturn,42,42-43,0.232161,0.175,0.15,0.15,0.3,0.233333,0.258333,0.308333,0.546765,0.454559,1.384707
difficulty,Saturn,42,42-44,0.116686,0.116667,0.166667,0.116667,0.283333,0.208333,0.266667,0.266667,0.580557,0.374039,1.516332
difficulty,Saturn,42,42-45,0.218689,0.133333,0.141667,0.183333,0.325,0.233333,0.283333,0.308333,0.551113,0.331364,1.547013
difficulty,Saturn,42,42-46,0.871429,0.175,0.133333,0.15,0.283333,0.208333,0.35,0.2,0.623749,0.287576,1.56733
difficulty,Saturn,42,42-47,0.223596,0.158333,0.108333,0.158333,0.266667,0.191667,0.283333,0.316667,0.550559,0.305244,1.639722
difficulty,Saturn,42,42-48,0.678914,0.125,0.158333,0.091667,0.25,0.2,0.291667,0.291667,0.561657,0.389356,1.561766
difficulty,Saturn,42,42-49,0.067579,0.183333,0.133333,0.191667,0.325,0.233333,0.225,0.325,0.526732,0.372088,1.447507
difficulty,Saturn,42,42-50,0.289119,0.116667,0.058333,0.2,0.258333,0.141667,0.3,0.3,0.576657,0.424741,1.625393
difficulty,Saturn,42,42-51,0.631288,0.15,0.133333,0.15,0.283333,0.208333,0.366667,0.2,0.635224,0.367417,1.638701
difficulty,Saturn,42,42-52,-1.457156,0.133333,0.108333,0.175,0.283333,0.166667,0.0,0.608333,0.28792,0.353245,1.991697
difficulty,Saturn,42,42-53,-0.319671,0.116667,0.091667,0.183333,0.275,0.166667,0.166667,0.416667,0.47564,0.355506,1.453843
difficulty,Saturn,42,42-54,-0.470373,0.116667,0.2,0.133333,0.333333,0.241667,0.108333,0.391667,0.432291,0.369571,1.373183
difficulty,Saturn,42,42-55,-0.638878,0.175,0.125,0.183333,0.308333,0.241667,0.158333,0.391667,0.478327,0.334299,1.444048
difficulty,Saturn,42,42-56,-0.275142,0.116667,0.083333,0.158333,0.241667,0.166667,0.133333,0.475,0.413571,0.273583,1.557505
difficulty,Saturn,42,42-57,1.494941,0.125,0.125,0.133333,0.258333,0.191667,0.416667,0.133333,0.688177,0.291663,1.756568
difficulty,Saturn,42,42-58,-0.865831,0.1,0.083333,0.183333,0.266667,0.166667,0.091667,0.458333,0.417047,0.337516,1.645068
difficulty,Saturn,42,42-59,0.968278,0.175,0.183333,0.125,0.308333,0.241667,0.408333,0.183333,0.648223,0.341472,1.685995
difficulty,Saturn,42,42-60,-1.68287,0.183333,0.175,0.216667,0.391667,0.266667,0.0,0.541667,0.323558,0.358021,1.660817
difficulty,Saturn,42,42-61,-0.334885,0.15,0.125,0.158333,0.283333,0.208333,0.175,0.408333,0.458504,0.394544,1.487707
difficulty,Saturn,42,42-62,0.162753,0.108333,0.15,0.141667,0.291667,0.2,0.275,0.275,0.559546,0.270815,1.521948
difficulty,Saturn,42,42-63,0.586222,0.15,0.133333,0.116667,0.25,0.216667,0.416667,0.225,0.628148,0.37223,1.669542
difficulty,Saturn,42,42-64,0.711227,0.141667,0.091667,0.166667,0.258333,0.183333,0.4,0.25,0.635541,0.345958,1.756187
difficulty,Saturn,42,42-65,0.793347,0.183333,0.125,0.183333,0.308333,0.233333,0.3,0.241667,0.599956,0.404773,1.517693
difficulty,Saturn,42,42-66,-0.348725,0.083333,0.125,0.166667,0.291667,0.166667,0.208333,0.416667,0.488812,0.330911,1.61545
difficulty,Saturn,42,42-67,-0.462352,0.141667,0.15,0.166667,0.316667,0.225,0.15,0.425,0.438061,0.326853,1.555092
difficulty,Saturn,42,42-68,0.857976,0.125,0.125,0.141667,0.266667,0.2,0.391667,0.175,0.648954,0.361213,1.612606
difficulty,Saturn,42,42-69,-0.191304,0.141667,0.141667,0.166667,0.308333,0.225,0.183333,0.358333,0.479894,0.433322,1.42165
difficulty,Saturn,42,42-70,-1.275686,0.2,0.208333,0.183333,0.391667,0.3,0.025,0.433333,0.372181,0.419799,1.521374
difficulty,Saturn,42,42-71,-1.133287,0.083333,0.108333,0.133333,0.241667,0.133333,0.05,0.55,0.340754,0.417587,1.756528
difficulty,Saturn,42,42-72,-0.919452,0.141667,0.158333,0.175,0.333333,0.208333,0.066667,0.458333,0.39688,0.335252,1.511758
difficulty,Saturn,42,42-73,0.497161,0.125,0.1,0.15,0.25,0.183333,0.341667,0.308333,0.586499,0.36964,1.674635
difficulty,Saturn,42,42-74,0.142426,0.15,0.116667,0.166667,0.283333,0.216667,0.266667,0.35,0.51185,0.376229,1.522738
difficulty,Saturn,42,42-75,0.690485,0.2,0.166667,0.208333,0.375,0.275,0.308333,0.183333,0.619393,0.372917,1.483027
difficulty,Saturn,42,42-76,-0.427253,0.1,0.091667,0.133333,0.225,0.15,0.216667,0.4,0.487607,0.381438,1.596536
difficulty,Saturn,42,42-77,0.15854,0.125,0.175,0.15,0.325,0.233333,0.283333,0.283333,0.570496,0.434493,1.59913
difficulty,Saturn,42,42-78,0.62559,0.141667,0.125,0.1,0.225,0.175,0.375,0.266667,0.60043,0.375435,1.697241
difficulty,Saturn,42,42-79,-0.309347,0.116667,0.083333,0.141667,0.225,0.15,0.166667,0.425,0.45488,0.392809,1.571291
difficulty,Saturn,42,42-80,0.456775,0.133333,0.158333,0.133333,0.291667,0.208333,0.3,0.316667,0.566586,0.383919,1.527493
difficulty,Saturn,42,42-81,-0.661926,0.141667,0.15,0.191667,0.341667,0.216667,0.133333,0.416667,0.45207,0.429108,1.449502
difficulty,Saturn,42,42-82,-0.363054,0.183333,0.1,0.2,0.3,0.191667,0.116667,0.433333,0.433574,0.276008,1.574636
difficulty,Saturn,42,42-83,-0.381738,0.183333,0.183333,0.166667,0.35,0.258333,0.125,0.408333,0.451309,0.457254,1.35542
difficulty,Saturn,42,42-84,-1.19584,0.091667,0.066667,0.208333,0.275,0.125,0.025,0.55,0.344036,0.341063,1.814727
difficulty,Saturn,42,42-85,0.486972,0.125,0.125,0.183333,0.308333,0.175,0.325,0.258333,0.591591,0.329184,1.598273
difficulty,Saturn,42,42-86,-0.469402,0.125,0.191667,0.15,0.341667,0.233333,0.133333,0.333333,0.45038,0.375519,1.36204
difficulty,Saturn,42,42-87,0.012494,0.191667,0.108333,0.208333,0.316667,0.241667,0.2,0.341667,0.501629,0.363005,1.470432
difficulty,Saturn,42,42-88,0.480747,0.141667,0.091667,0.166667,0.258333,0.2,0.375,0.216667,0.631483,0.292054,1.741929
difficulty,Saturn,42,42-89,0.446531,0.1,0.133333,0.125,0.258333,0.166667,0.366667,0.216667,0.615584,0.376488,1.665932
difficulty,Saturn,42,42-90,0.665385,0.158333,0.15,0.166667,0.316667,0.233333,0.308333,0.233333,0.611731,0.343187,1.542262
difficulty,Saturn,42,42-91,-0.098485,0.15,0.158333,0.125,0.283333,0.225,0.266667,0.325,0.530163,0.288552,1.531429
difficulty,Saturn,42,42-92,-0.423298,0.158333,0.108333,0.208333,0.316667,0.216667,0.108333,0.441667,0.425361,0.372726,1.559648
difficulty,Saturn,42,42-93,-0.079718,0.141667,0.058333,0.225,0.283333,0.166667,0.233333,0.341667,0.560375,0.351322,1.560313
difficulty,Saturn,42,42-94,-1.687334,0.183333,0.175,0.183333,0.358333,0.25,0.0,0.6,0.283087,0.258113,1.942071
difficulty,Saturn,42,42-95,-1.447112,0.141667,0.141667,0.15,0.291667,0.225,0.0,0.583333,0.319148,0.320313,1.718486
difficulty,Saturn,42,42-96,-1.3227,0.108333,0.141667,0.108333,0.25,0.2,0.008333,0.633333,0.265954,0.331434,1.854244
difficulty,Saturn,42,42-97,-0.997247,0.125,0.158333,0.1,0.258333,0.208333,0.091667,0.558333,0.353748,0.355437,1.656157
difficulty,Saturn,42,42-98,0.399774,0.208333,0.166667,0.158333,0.325,0.241667,0.325,0.183333,0.614848,0.39316,1.480614
difficulty,Saturn,42,42-99,-0.905479,0.125,0.183333,0.166667,0.35,0.216667,0.066667,0.458333,0.403202,0.304998,1.527265
difficulty,Saturn,42,42-100,-0.378163,0.116667,0.133333,0.141667,0.275,0.175,0.175,0.433333,0.436736,0.287455,1.585305
difficulty,Saturn,42,42-101,1.299228,0.141667,0.1,0.116667,0.216667,0.183333,0.591667,0.091667,0.77616,0.266039,2.245805
difficulty,Saturn,42,42-102,-0.356264,0.116667,0.133333,0.158333,0.291667,0.191667,0.133333,0.416667,0.444537,0.305246,1.571119
difficulty,Saturn,42,42-103,0.737516,0.075,0.108333,0.125,0.233333,0.166667,0.308333,0.275,0.572804,0.37572,1.62354
difficulty,Saturn,42,42-104,-0.933618,0.125,0.15,0.141667,0.291667,0.216667,0.066667,0.533333,0.356428,0.323041,1.717027
difficulty,Saturn,42,42-105,-0.205438,0.125,0.125,0.15,0.275,0.208333,0.183333,0.425,0.450894,0.344351,1.501268
difficulty,Saturn,42,42-106,-0.950022,0.116667,0.141667,0.133333,0.275,0.208333,0.075,0.541667,0.356995,0.341094,1.64783
difficulty,Saturn,42,42-107,-0.339033,0.15,0.141667,0.116667,0.258333,0.191667,0.15,0.458333,0.426951,0.378753,1.474247
difficulty,Saturn,42,42-108,0.840308,0.158333,0.125,0.175,0.3,0.216667,0.283333,0.225,0.596283,0.2899,1.462956
difficulty,Saturn,42,42-109,-1.72732,0.116667,0.116667,0.183333,0.3,0.183333,0.0,0.641667,0.264799,0.224855,2.06843
difficulty,Saturn,42,42-110,0.434424,0.066667,0.141667,0.133333,0.275,0.183333,0.366667,0.283333,0.595621,0.362374,1.671437
difficulty,Saturn,42,42-111,0.237736,0.083333,0.075,0.125,0.2,0.116667,0.35,0.341667,0.567069,0.395928,1.780963
difficulty,Saturn,42,42-112,-0.59415,0.191667,0.175,0.183333,0.358333,0.275,0.158333,0.408333,0.43471,0.333046,1.578299
difficulty,Saturn,42,42-113,-1.446058,0.116667,0.108333,0.141667,0.25,0.166667,0.0,0.666667,0.269157,0.308515,1.912626
difficulty,Saturn,42,42-114,0.07213,0.133333,0.133333,0.141667,0.275,0.191667,0.183333,0.308333,0.513731,0.391867,1.510451
difficulty,Saturn,42,42-115,-0.529493,0.166667,0.1,0.266667,0.366667,0.225,0.15,0.375,0.479656,0.368156,1.489337
difficulty,Saturn,42,42-116,0.232676,0.133333,0.125,0.166667,0.291667,0.208333,0.275,0.316667,0.555303,0.441594,1.507271
difficulty,Saturn,42,42-117,0.021852,0.141667,0.116667,0.225,0.341667,0.183333,0.175,0.325,0.523386,0.384293,1.441331
difficulty,Saturn,42,42-118,1.601779,0.108333,0.091667,0.208333,0.3,0.158333,0.533333,0.033333,0.788574,0.274982,2.124541
difficulty,Saturn,42,42-119,-0.239356,0.141667,0.175,0.175,0.35,0.258333,0.191667,0.358333,0.492101,0.384016,1.425274
difficulty,Saturn,42,42-120,-1.023497,0.141667,0.141667,0.166667,0.308333,0.233333,0.091667,0.441667,0.378863,0.342671,1.530659
difficulty,Saturn,42,42-121,0.179276,0.175,0.133333,0.166667,0.3,0.233333,0.316667,0.266667,0.582467,0.404212,1.592594
difficulty,Saturn,42,42-122,0.219997,0.1,0.141667,0.108333,0.25,0.166667,0.341667,0.316667,0.56736,0.282913,1.665363
difficulty,Saturn,42,42-123,1.359188,0.141667,0.133333,0.108333,0.241667,0.2,0.483333,0.091667,0.713218,0.342336,1.941792
difficulty,Saturn,42,42-124,0.835111,0.15,0.133333,0.141667,0.275,0.216667,0.316667,0.25,0.608795,0.357034,1.610609
difficulty,Saturn,42,42-125,0.356871,0.141667,0.133333,0.158333,0.291667,0.225,0.316667,0.283333,0.577549,0.369583,1.537781
difficulty,Saturn,42,42-126,1.463303,0.1,0.166667,0.125,0.291667,0.2,0.483333,0.075,0.748841,0.243362,1.93967
difficulty,Saturn,42,42-127,-1.188763,0.166667,0.191667,0.158333,0.35,0.25,0.025,0.5,0.37182,0.383102,1.527205
difficulty,Saturn,42,42-128,-0.639752,0.108333,0.075,0.125,0.2,0.141667,0.183333,0.408333,0.458572,0.376232,1.513239
difficulty,Saturn,42,42-129,-0.926576,0.125,0.083333,0.166667,0.25,0.166667,0.116667,0.508333,0.39769,0.329508,1.664725
difficulty,Saturn,42,42-130,-0.38981,0.141667,0.125,0.183333,0.308333,0.2,0.158333,0.433333,0.442325,0.26274,1.649595
difficulty,Saturn,42,42-131,-1.376686,0.075,0.1,0.108333,0.208333,0.141667,0.016667,0.625,0.273979,0.292243,2.012556
difficulty,Saturn,42,42-132,0.635151,0.116667,0.1,0.191667,0.291667,0.183333,0.341667,0.225,0.605387,0.417234,1.660174
difficulty,Saturn,42,42-133,-0.222223,0.075,0.083333,0.166667,0.25,0.116667,0.266667,0.325,0.540908,0.402445,1.633325
difficulty,Saturn,42,42-134,-1.470806,0.133333,0.175,0.158333,0.333333,0.225,0.008333,0.591667,0.292799,0.343983,1.887071
difficulty,Saturn,42,42-135,-1.015579,0.158333,0.183333,0.208333,0.391667,0.258333,0.033333,0.4,0.408385,0.443685,1.409024
difficulty,Saturn,42,42-136,0.313514,0.15,0.125,0.191667,0.316667,0.2,0.258333,0.333333,0.543693,0.313595,1.551863
difficulty,Saturn,42,42-137,0.838127,0.208333,0.225,0.158333,0.383333,0.308333,0.358333,0.116667,0.660742,0.362795,1.500187
difficulty,Saturn,42,42-138,1.996731,0.158333,0.158333,0.158333,0.316667,0.233333,0.533333,0.0,0.777832,0.29455,2.071209
difficulty,Saturn,42,42-139,2.913862,0.15,0.033333,0.183333,0.216667,0.15,0.741667,0.0,0.887405,0.202872,2.935008
difficulty,Saturn,42,42-140,0.414409,0.158333,0.1,0.208333,0.308333,0.225,0.3,0.258333,0.58767,0.351814,1.512249
difficulty,Saturn,42,42-141,-0.989538,0.083333,0.125,0.166667,0.291667,0.183333,0.066667,0.491667,0.389383,0.258394,1.631835
difficulty,Saturn,42,42-142,-2.132046,0.125,0.141667,0.108333,0.25,0.225,0.0,0.725,0.203883,0.273952,2.314575
difficulty,Saturn,42,42-143,0.267711,0.133333,0.133333,0.15,0.283333,0.191667,0.308333,0.325,0.565781,0.322466,1.602342
difficulty,Saturn,42,42-144,-0.812941,0.083333,0.175,0.083333,0.258333,0.2,0.125,0.483333,0.369172,0.342396,1.630654
difficulty,Saturn,42,42-145,-0.415357,0.116667,0.116667,0.141667,0.258333,0.175,0.158333,0.4,0.468335,0.335358,1.592586
difficulty,Saturn,42,42-146,-0.612097,0.091667,0.116667,0.191667,0.308333,0.166667,0.141667,0.425,0.44102,0.400859,1.607565
difficulty,Saturn,42,42-147,-0.140791,0.116667,0.141667,0.1,0.241667,0.191667,0.258333,0.375,0.519185,0.428282,1.536434
difficulty,Saturn,42,42-148,1.06598,0.15,0.133333,0.15,0.283333,0.2,0.416667,0.191667,0.664452,0.315006,1.741425
difficulty,Saturn,42,42-149,0.157049,0.141667,0.133333,0.183333,0.316667,0.208333,0.283333,0.266667,0.583538,0.415431,1.546145
difficulty,Saturn,42,42-150,-0.158635,0.141667,0.125,0.141667,0.266667,0.2,0.216667,0.375,0.507281,0.229275,1.613756
difficulty,Saturn,42,42-151,-1.035654,0.158333,0.175,0.175,0.35,0.25,0.05,0.483333,0.386153,0.383909,1.55433
difficulty,Saturn,42,42-152,-1.674683,0.2,0.141667,0.175,0.316667,0.25,0.0,0.616667,0.281108,0.361465,1.864421
difficulty,Saturn,42,42-153,-0.486308,0.125,0.083333,0.183333,0.266667,0.175,0.208333,0.4,0.464207,0.392733,1.574918
difficulty,Saturn,42,42-154,-0.053783,0.091667,0.133333,0.108333,0.241667,0.166667,0.233333,0.441667,0.477136,0.440356,1.548698
difficulty,Saturn,42,42-155,1.76793,0.175,0.183333,0.158333,0.341667,0.266667,0.525,0.016667,0.768652,0.280906,2.024387
difficulty,Saturn,42,42-156,0.130275,0.2,0.191667,0.183333,0.375,0.258333,0.233333,0.291667,0.560414,0.405957,1.473827
difficulty,Saturn,42,42-157,0.98274,0.108333,0.108333,0.166667,0.275,0.166667,0.375,0.2,0.642399,0.372912,1.715597
difficulty,Saturn,42,42-158,-0.499296,0.15,0.15,0.133333,0.283333,0.225,0.141667,0.416667,0.430021,0.353328,1.488807
difficulty,Saturn,42,42-159,-1.184944,0.166667,0.083333,0.2,0.283333,0.191667,0.025,0.55,0.345596,0.386199,1.691585
difficulty,Saturn,42,42-160,-0.965117,0.141667,0.108333,0.158333,0.266667,0.166667,0.1,0.533333,0.37273,0.295929,1.692818
difficulty,Saturn,42,42-161,-0.725226,0.15,0.133333,0.125,0.258333,0.208333,0.133333,0.466667,0.40228,0.371583,1.565904
difficulty,Saturn,42,42-162,2.12847,0.15,0.133333,0.166667,0.3,0.216667,0.583333,0.0,0.806732,0.272364,2.301522
difficulty,Saturn,42,42-163,-0.821387,0.158333,0.191667,0.133333,0.325,0.25,0.108333,0.408333,0.413855,0.450296,1.431307
difficulty,Saturn,42,42-164,0.838489,0.158333,0.133333,0.2,0.333333,0.225,0.366667,0.191667,0.636204,0.395731,1.642752
difficulty,Saturn,42,42-165,-0.902927,0.133333,0.166667,0.125,0.291667,0.216667,0.083333,0.466667,0.39433,0.3282,1.538088
difficulty,Saturn,42,42-166,0.931573,0.183333,0.208333,0.141667,0.35,0.283333,0.408333,0.191667,0.654242,0.313416,1.697816
difficulty,Saturn,42,42-167,0.384951,0.191667,0.175,0.191667,0.366667,0.275,0.266667,0.2,0.592653,0.372392,1.439307
difficulty,Saturn,42,42-168,-0.156638,0.2,0.158333,0.166667,0.325,0.266667,0.158333,0.416667,0.458141,0.407751,1.434519
difficulty,Saturn,42,42-169,-0.040763,0.133333,0.15,0.133333,0.283333,0.208333,0.208333,0.366667,0.5061,0.34648,1.497199
difficulty,Saturn,42,42-170,-0.654788,0.166667,0.116667,0.183333,0.3,0.216667,0.108333,0.475,0.394146,0.377064,1.599046
difficulty,Saturn,42,42-171,0.446072,0.116667,0.108333,0.191667,0.3,0.166667,0.333333,0.225,0.605177,0.402193,1.563884
difficulty,Saturn,42,42-172,-0.454983,0.158333,0.125,0.191667,0.316667,0.216667,0.15,0.4,0.465417,0.400022,1.503031
difficulty,Saturn,42,42-173,-1.225606,0.183333,0.158333,0.175,0.333333,0.241667,0.016667,0.483333,0.37417,0.362128,1.517663
difficulty,Saturn,42,42-174,-1.277938,0.141667,0.116667,0.166667,0.283333,0.191667,0.041667,0.575,0.340151,0.349857,1.788296
difficulty,Saturn,42,42-175,0.172588,0.1,0.108333,0.141667,0.25,0.15,0.158333,0.391667,0.486819,0.348263,1.43798
difficulty,Saturn,42,42-176,1.579091,0.141667,0.116667,0.15,0.266667,0.175,0.533333,0.058333,0.757853,0.243706,2.104887
difficulty,Saturn,42,42-177,0.159992,0.166667,0.175,0.133333,0.308333,0.233333,0.266667,0.316667,0.541693,0.295474,1.495331
difficulty,Saturn,42,42-178,-0.118638,0.158333,0.158333,0.183333,0.341667,0.25,0.2,0.275,0.520565,0.33362,1.395193
difficulty,Saturn,42,42-179,0.285826,0.141667,0.141667,0.191667,0.333333,0.225,0.283333,0.233333,0.593832,0.420317,1.512151
difficulty,Saturn,42,42-180,1.306002,0.108333,0.083333,0.166667,0.25,0.15,0.541667,0.125,0.741679,0.264991,2.081522
difficulty,Saturn,42,42-181,0.219383,0.116667,0.133333,0.183333,0.316667,0.183333,0.2,0.325,0.5236,0.389788,1.449256
difficulty,Saturn,42,42-182,-0.410927,0.158333,0.183333,0.141667,0.325,0.25,0.208333,0.35,0.497056,0.388623,1.567838
difficulty,Saturn,42,42-183,1.106289,0.158333,0.15,0.175,0.325,0.241667,0.475,0.1,0.723986,0.341452,1.886813
difficulty,Saturn,42,42-184,0.428756,0.166667,0.2,0.15,0.35,0.25,0.316667,0.191667,0.618752,0.35789,1.487519
difficulty,Saturn,42,42-185,1.535756,0.133333,0.141667,0.166667,0.308333,0.225,0.458333,0.05,0.735502,0.433025,1.866711
difficulty,Saturn,42,42-186,0.183234,0.108333,0.1,0.241667,0.341667,0.191667,0.25,0.25,0.576577,0.356552,1.509902
difficulty,Saturn,42,42-187,-1.224469,0.183333,0.183333,0.191667,0.375,0.266667,0.008333,0.516667,0.359307,0.359175,1.585241
difficulty,Saturn,42,42-188,-1.368159,0.091667,0.1,0.125,0.225,0.166667,0.008333,0.666667,0.258124,0.33139,1.907628
difficulty,Saturn,42,42-189,1.650928,0.166667,0.15,0.166667,0.316667,0.225,0.541667,0.058333,0.758042,0.342186,2.025252
difficulty,Saturn,42,42-190,1.723666,0.183333,0.15,0.175,0.325,0.241667,0.508333,0.033333,0.77834,0.341144,2.069303
difficulty,Saturn,42,42-191,-0.179519,0.05,0.075,0.15,0.225,0.108333,0.25,0.416667,0.49604,0.324491,1.691246
difficulty,Saturn,42,42-192,-0.383187,0.166667,0.183333,0.141667,0.325,0.233333,0.141667,0.408333,0.443565,0.416461,1.436321
difficulty,Saturn,42,42-193,1.461444,0.1,0.125,0.125,0.25,0.175,0.45,0.116667,0.719333,0.406942,1.875267
difficulty,Saturn,42,42-194,-1.107046,0.108333,0.1,0.125,0.225,0.133333,0.066667,0.516667,0.369246,0.269298,1.58096
difficulty,Saturn,42,42-195,-0.894727,0.158333,0.191667,0.191667,0.383333,0.258333,0.066667,0.466667,0.378683,0.30953,1.550378
difficulty,Saturn,42,42-196,0.643327,0.183333,0.158333,0.191667,0.35,0.241667,0.283333,0.25,0.600053,0.352699,1.498264
difficulty,Saturn,42,42-197,-0.394605,0.108333,0.108333,0.091667,0.2,0.158333,0.225,0.375,0.48622,0.31377,1.533475
difficulty,Saturn,42,42-198,-0.005122,0.15,0.133333,0.175,0.308333,0.208333,0.241667,0.3,0.52872,0.365885,1.492051
difficulty,Saturn,42,42-199,-0.163443,0.191667,0.2,0.133333,0.333333,0.266667,0.175,0.366667,0.50281,0.398551,1.392658
difficulty,Saturn,137,137-0,-0.83988,0.083333,0.108333,0.15,0.258333,0.158333,0.083333,0.541667,0.362977,0.319712,1.667772
difficulty,Saturn,137,137-1,-0.732168,0.125,0.116667,0.141667,0.258333,0.183333,0.141667,0.508333,0.394735,0.332674,1.678335
difficulty,Saturn,137,137-2,-0.626851,0.125,0.175,0.175,0.35,0.241667,0.175,0.358333,0.476643,0.371493,1.495605
difficulty,Saturn,137,137-3,0.00625,0.15,0.133333,0.175,0.308333,0.233333,0.275,0.266667,0.566137,0.367651,1.467731
difficulty,Saturn,137,137-4,-0.570385,0.2,0.175,0.15,0.325,0.266667,0.125,0.4,0.439071,0.425429,1.392021
difficulty,Saturn,137,137-5,-1.007635,0.133333,0.108333,0.183333,0.291667,0.191667,0.058333,0.491667,0.378877,0.379976,1.575917
difficulty,Saturn,137,137-6,0.22413,0.158333,0.141667,0.2,0.341667,0.225,0.275,0.283333,0.560399,0.339848,1.505624
difficulty,Saturn,137,137-7,-0.680806,0.166667,0.166667,0.15,0.316667,0.216667,0.208333,0.375,0.487166,0.43728,1.548892
difficulty,Saturn,137,137-8,-1.975848,0.166667,0.108333,0.183333,0.291667,0.208333,0.0,0.641667,0.253117,0.337499,2.172036
difficulty,Saturn,137,137-9,1.958634,0.175,0.141667,0.158333,0.3,0.241667,0.508333,0.0,0.766048,0.349483,2.00324
difficulty,Saturn,137,137-10,1.619418,0.166667,0.141667,0.158333,0.3,0.241667,0.525,0.058333,0.759862,0.262956,2.013665
difficulty,Saturn,137,137-11,-1.046955,0.116667,0.158333,0.141667,0.3,0.208333,0.066667,0.525,0.353491,0.388902,1.709092
difficulty,Saturn,137,137-12,-0.352262,0.158333,0.125,0.225,0.35,0.225,0.133333,0.383333,0.464121,0.452381,1.472548
difficulty,Saturn,137,137-13,-0.039214,0.1,0.1,0.116667,0.216667,0.158333,0.233333,0.4,0.475873,0.42368,1.497094
difficulty,Saturn,137,137-14,0.968455,0.091667,0.083333,0.191667,0.275,0.15,0.508333,0.1,0.742778,0.322227,1.923193
difficulty,Saturn,137,137-15,-2.598075,0.083333,0.175,0.025,0.2,0.2,0.0,0.716667,0.179483,0.351516,2.295372
difficulty,Saturn,137,137-16,-0.838116,0.108333,0.166667,0.15,0.316667,0.216667,0.116667,0.441667,0.400944,0.40139,1.413511
difficulty,Saturn,137,137-17,0.165563,0.083333,0.158333,0.133333,0.291667,0.183333,0.25,0.325,0.52213,0.442291,1.472941
difficulty,Saturn,137,137-18,-1.815344,0.108333,0.133333,0.141667,0.275,0.191667,0.0,0.65,0.247662,0.342353,2.024575
difficulty,Saturn,137,137-19,-0.640166,0.133333,0.083333,0.141667,0.225,0.166667,0.15,0.516667,0.410572,0.294515,1.673039
difficulty,Saturn,137,137-20,-0.300888,0.125,0.075,0.233333,0.308333,0.183333,0.175,0.341667,0.511412,0.348359,1.475971
difficulty,Saturn,137,137-21,-0.448263,0.091667,0.1,0.166667,0.266667,0.175,0.125,0.475,0.410978,0.320302,1.613272
difficulty,Saturn,137,137-22,-1.043383,0.191667,0.083333,0.233333,0.316667,0.233333,0.05,0.475,0.398545,0.373552,1.573429
difficulty,Saturn,137,137-23,1.046346,0.183333,0.183333,0.2,0.383333,0.241667,0.4,0.108333,0.686545,0.36016,1.694667
difficulty,Saturn,137,137-24,-0.594046,0.116667,0.141667,0.141667,0.283333,0.2,0.141667,0.441667,0.423774,0.303374,1.554701
difficulty,Saturn,137,137-25,0.783179,0.091667,0.108333,0.116667,0.225,0.158333,0.391667,0.2,0.627408,0.303909,1.772482
difficulty,Saturn,137,137-26,-0.373046,0.083333,0.166667,0.141667,0.308333,0.183333,0.175,0.4,0.454258,0.396289,1.535777
difficulty,Saturn,137,137-27,0.152686,0.15,0.166667,0.175,0.341667,0.25,0.216667,0.341667,0.513743,0.322135,1.518572
difficulty,Saturn,137,137-28,-0.453875,0.15,0.1,0.141667,0.241667,0.191667,0.183333,0.433333,0.441509,0.387048,1.577858
difficulty,Saturn,137,137-29,1.015703,0.166667,0.183333,0.116667,0.3,0.225,0.383333,0.225,0.630152,0.271564,1.690588
difficulty,Saturn,137,137-30,0.314326,0.183333,0.166667,0.225,0.391667,0.25,0.283333,0.258333,0.581341,0.444446,1.457034
difficulty,Saturn,137,137-31,-0.949702,0.141667,0.15,0.175,0.325,0.216667,0.1,0.433333,0.419667,0.29534,1.587567
difficulty,Saturn,137,137-32,0.720263,0.175,0.133333,0.15,0.283333,0.225,0.325,0.225,0.617395,0.380755,1.587272
difficulty,Saturn,137,137-33,2.65798,0.125,0.058333,0.233333,0.291667,0.125,0.666667,0.0,0.873909,0.234384,2.724624
difficulty,Saturn,137,137-34,-1.741191,0.166667,0.133333,0.166667,0.3,0.216667,0.0,0.575,0.304413,0.364914,1.664457
difficulty,Saturn,137,137-35,-0.080598,0.158333,0.125,0.191667,0.316667,0.216667,0.233333,0.333333,0.522323,0.419277,1.443361
difficulty,Saturn,137,137-36,0.022184,0.25,0.2,0.166667,0.366667,0.308333,0.225,0.291667,0.52708,0.407338,1.350679
difficulty,Saturn,137,137-37,-0.198292,0.183333,0.175,0.141667,0.316667,0.266667,0.2,0.391667,0.47214,0.421128,1.50174
difficulty,Saturn,137,137-38,0.913303,0.2,0.25,0.133333,0.383333,0.308333,0.316667,0.25,0.595765,0.455766,1.501867
difficulty,Saturn,137,137-39,-0.192114,0.108333,0.116667,0.108333,0.225,0.158333,0.225,0.408333,0.490279,0.276239,1.644764
difficulty,Saturn,137,137-40,0.840026,0.091667,0.066667,0.175,0.241667,0.133333,0.45,0.15,0.700813,0.306293,1.854691
difficulty,Saturn,137,137-41,0.635433,0.125,0.175,0.075,0.25,0.191667,0.333333,0.283333,0.571679,0.281978,1.585543
difficulty,Saturn,137,137-42,-0.996261,0.2,0.158333,0.175,0.333333,0.275,0.075,0.475,0.375497,0.400214,1.56423
difficulty,Saturn,137,137-43,-1.106161,0.2,0.125,0.2,0.325,0.25,0.05,0.508333,0.357001,0.334748,1.622612
difficulty,Saturn,137,137-44,1.787637,0.125,0.133333,0.15,0.283333,0.183333,0.575,0.041667,0.788088,0.294541,2.181577
difficulty,Saturn,137,137-45,-0.190261,0.208333,0.2,0.141667,0.341667,0.275,0.25,0.308333,0.527278,0.434463,1.432558
difficulty,Saturn,137,137-46,0.101085,0.191667,0.1,0.166667,0.266667,0.216667,0.25,0.333333,0.526832,0.355184,1.518978
difficulty,Saturn,137,137-47,1.554169,0.158333,0.191667,0.175,0.366667,0.266667,0.433333,0.075,0.721652,0.383352,1.800824
difficulty,Saturn,137,137-48,0.664131,0.166667,0.183333,0.208333,0.391667,0.258333,0.316667,0.216667,0.615985,0.366036,1.503185
difficulty,Saturn,137,137-49,-0.630889,0.133333,0.066667,0.175,0.241667,0.15,0.141667,0.483333,0.421756,0.414736,1.650571
difficulty,Saturn,137,137-50,-0.331603,0.141667,0.1,0.166667,0.266667,0.191667,0.208333,0.375,0.494357,0.262284,1.549749
difficulty,Saturn,137,137-51,1.076932,0.141667,0.125,0.208333,0.333333,0.241667,0.383333,0.1,0.694434,0.351189,1.658186
difficulty,Saturn,137,137-52,1.370465,0.141667,0.141667,0.166667,0.308333,0.216667,0.5,0.091667,0.737088,0.333664,1.965783
difficulty,Saturn,137,137-53,-0.338788,0.175,0.141667,0.166667,0.308333,0.233333,0.225,0.375,0.501845,0.336468,1.548513
difficulty,Saturn,137,137-54,1.3345,0.166667,0.175,0.233333,0.408333,0.275,0.391667,0.083333,0.70958,0.369828,1.639134
difficulty,Saturn,137,137-55,-0.37606,0.15,0.166667,0.15,0.316667,0.225,0.158333,0.4,0.459481,0.41442,1.465721
difficulty,Saturn,137,137-56,0.191903,0.191667,0.225,0.158333,0.383333,0.291667,0.208333,0.3,0.513493,0.429479,1.34691
difficulty,Saturn,137,137-57,-1.292154,0.125,0.166667,0.141667,0.308333,0.233333,0.075,0.483333,0.374064,0.353116,1.60359
difficulty,Saturn,137,137-58,-0.223985,0.15,0.116667,0.158333,0.275,0.183333,0.191667,0.391667,0.457567,0.35012,1.462634
difficulty,Saturn,137,137-59,0.499185,0.175,0.133333,0.175,0.308333,0.25,0.325,0.241667,0.590589,0.349175,1.511454
difficulty,Saturn,137,137-60,0.37522,0.133333,0.158333,0.15,0.308333,0.233333,0.3,0.275,0.56073,0.409228,1.487551
difficulty,Saturn,137,137-61,0.742053,0.116667,0.108333,0.191667,0.3,0.183333,0.375,0.183333,0.661743,0.300151,1.741184
difficulty,Saturn,137,137-62,-0.721375,0.158333,0.175,0.158333,0.333333,0.241667,0.175,0.4,0.473582,0.383595,1.541996
difficulty,Saturn,137,137-63,-0.202698,0.125,0.166667,0.116667,0.283333,0.183333,0.266667,0.341667,0.52671,0.311585,1.559838
difficulty,Saturn,137,137-64,-0.106074,0.116667,0.108333,0.158333,0.266667,0.183333,0.208333,0.366667,0.490607,0.344498,1.44824
difficulty,Saturn,137,137-65,1.702647,0.141667,0.1,0.15,0.25,0.183333,0.583333,0.058333,0.786732,0.24307,2.243921
difficulty,Saturn,137,137-66,-1.218646,0.116667,0.183333,0.133333,0.316667,0.216667,0.041667,0.55,0.329098,0.423606,1.661805
difficulty,Saturn,137,137-67,-0.292621,0.166667,0.133333,0.15,0.283333,0.216667,0.183333,0.35,0.478538,0.339511,1.477726
difficulty,Saturn,137,137-68,-0.121263,0.183333,0.175,0.15,0.325,0.258333,0.208333,0.358333,0.506575,0.307517,1.485368
difficulty,Saturn,137,137-69,3.110762,0.116667,0.025,0.166667,0.191667,0.116667,0.683333,0.0,0.891935,0.175324,3.152782
difficulty,Saturn,137,137-70,0.607553,0.166667,0.133333,0.158333,0.291667,0.225,0.375,0.2,0.639472,0.371247,1.558074
difficulty,Saturn,137,137-71,-0.057651,0.175,0.1,0.2,0.3,0.208333,0.216667,0.325,0.503689,0.347447,1.407137
difficulty,Saturn,137,137-72,0.04985,0.1,0.125,0.133333,0.258333,0.175,0.258333,0.35,0.521661,0.338946,1.61544
difficulty,Saturn,137,137-73,-1.56946,0.183333,0.208333,0.083333,0.291667,0.258333,0.0,0.608333,0.273509,0.321012,1.820615
difficulty,Saturn,137,137-74,0.103745,0.091667,0.108333,0.125,0.233333,0.141667,0.341667,0.316667,0.559177,0.287681,1.719425
difficulty,Saturn,137,137-75,1.292329,0.133333,0.108333,0.125,0.233333,0.191667,0.541667,0.133333,0.719552,0.279771,1.99967
difficulty,Saturn,137,137-76,-0.193478,0.133333,0.125,0.166667,0.291667,0.208333,0.191667,0.366667,0.477872,0.292685,1.498278
difficulty,Saturn,137,137-77,-0.482773,0.15,0.133333,0.158333,0.291667,0.25,0.175,0.425,0.453515,0.421682,1.542061
difficulty,Saturn,137,137-78,-0.320344,0.133333,0.125,0.141667,0.266667,0.183333,0.2,0.375,0.482248,0.335179,1.529499
difficulty,Saturn,137,137-79,0.822072,0.141667,0.141667,0.183333,0.325,0.225,0.333333,0.15,0.653062,0.458752,1.531727
difficulty,Saturn,137,137-80,0.605951,0.133333,0.133333,0.2,0.333333,0.225,0.333333,0.183333,0.641885,0.320032,1.631186
difficulty,Saturn,137,137-81,1.128074,0.15,0.091667,0.166667,0.258333,0.191667,0.408333,0.166667,0.691414,0.292279,1.803687
difficulty,Saturn,137,137-82,0.204276,0.116667,0.15,0.158333,0.308333,0.191667,0.225,0.3,0.522503,0.371345,1.439358
difficulty,Saturn,137,137-83,0.745318,0.091667,0.108333,0.075,0.183333,0.15,0.383333,0.25,0.612524,0.339111,1.780778
difficulty,Saturn,137,137-84,-0.890788,0.191667,0.191667,0.216667,0.408333,0.308333,0.058333,0.408333,0.405305,0.373129,1.237383
difficulty,Saturn,137,137-85,0.138789,0.15,0.158333,0.216667,0.375,0.258333,0.233333,0.3,0.544655,0.46929,1.436815
difficulty,Saturn,137,137-86,-1.118181,0.141667,0.15,0.175,0.325,0.208333,0.041667,0.55,0.353919,0.308545,1.742222
difficulty,Saturn,137,137-87,-0.632498,0.2,0.158333,0.216667,0.375,0.25,0.133333,0.325,0.49499,0.399335,1.40402
difficulty,Saturn,137,137-88,-0.884575,0.15,0.175,0.191667,0.366667,0.25,0.05,0.45,0.395609,0.387244,1.41458
difficulty,Saturn,137,137-89,-0.121239,0.15,0.158333,0.166667,0.325,0.241667,0.275,0.283333,0.555184,0.344951,1.522546
difficulty,Saturn,137,137-90,1.080744,0.108333,0.133333,0.116667,0.25,0.175,0.466667,0.183333,0.674816,0.338979,1.917528
difficulty,Saturn,137,137-91,0.415538,0.175,0.108333,0.191667,0.3,0.208333,0.283333,0.35,0.549934,0.31795,1.563462
difficulty,Saturn,137,137-92,-1.122452,0.175,0.1,0.158333,0.258333,0.191667,0.083333,0.491667,0.372865,0.353305,1.562319
difficulty,Saturn,137,137-93,0.608223,0.125,0.133333,0.158333,0.291667,0.2,0.316667,0.25,0.600935,0.430434,1.527647
difficulty,Saturn,137,137-94,2.18768,0.191667,0.15,0.183333,0.333333,0.233333,0.516667,0.0,0.784563,0.322586,2.141157
difficulty,Saturn,137,137-95,1.339749,0.125,0.125,0.15,0.275,0.2,0.466667,0.1,0.711245,0.346038,1.849204
difficulty,Saturn,137,137-96,0.715568,0.108333,0.15,0.133333,0.283333,0.191667,0.383333,0.158333,0.661961,0.340659,1.605058
difficulty,Saturn,137,137-97,1.20599,0.125,0.083333,0.191667,0.275,0.175,0.441667,0.191667,0.691552,0.379424,1.898361
difficulty,Saturn,137,137-98,1.233436,0.141667,0.141667,0.191667,0.333333,0.25,0.433333,0.141667,0.702409,0.333424,1.839985
difficulty,Saturn,137,137-99,0.341164,0.166667,0.166667,0.116667,0.283333,0.225,0.308333,0.283333,0.579864,0.34286,1.528689
difficulty,Saturn,137,137-100,-0.340886,0.108333,0.141667,0.141667,0.283333,0.183333,0.191667,0.341667,0.522288,0.339566,1.488791
difficulty,Saturn,137,137-101,2.087957,0.125,0.108333,0.133333,0.241667,0.158333,0.683333,0.0,0.850216,0.218642,2.505877
difficulty,Saturn,137,137-102,0.368075,0.158333,0.133333,0.191667,0.325,0.233333,0.258333,0.283333,0.565585,0.383672,1.559484
difficulty,Saturn,137,137-103,1.291066,0.116667,0.141667,0.15,0.291667,0.2,0.458333,0.15,0.703942,0.312239,1.960009
difficulty,Saturn,137,137-104,0.010497,0.183333,0.108333,0.233333,0.341667,0.208333,0.25,0.291667,0.578224,0.445026,1.537726
difficulty,Saturn,137,137-105,2.161759,0.108333,0.141667,0.15,0.291667,0.208333,0.541667,0.0,0.783294,0.288297,2.216073
difficulty,Saturn,137,137-106,-3.001345,0.0,0.025,0.0,0.025,0.025,0.0,0.933333,0.091748,0.152208,3.228185
difficulty,Saturn,137,137-107,-0.262965,0.191667,0.125,0.225,0.35,0.233333,0.175,0.358333,0.50587,0.305244,1.489365
difficulty,Saturn,137,137-108,-2.964778,0.033333,0.1,0.0,0.1,0.1,0.0,0.783333,0.156733,0.282429,2.529852
difficulty,Saturn,137,137-109,1.678688,0.1,0.083333,0.133333,0.216667,0.15,0.6,0.083333,0.780771,0.267566,2.328761
difficulty,Saturn,137,137-110,-0.57792,0.175,0.158333,0.191667,0.35,0.258333,0.183333,0.3,0.505002,0.40647,1.45358
difficulty,Saturn,137,137-111,1.266303,0.191667,0.166667,0.166667,0.333333,0.25,0.483333,0.1,0.732868,0.309746,1.892529
difficulty,Saturn,137,137-112,-0.473743,0.133333,0.125,0.158333,0.283333,0.216667,0.208333,0.366667,0.482141,0.389989,1.544768
difficulty,Saturn,137,137-113,-0.641194,0.225,0.15,0.208333,0.358333,0.283333,0.116667,0.358333,0.477619,0.432136,1.403672
difficulty,Saturn,137,137-114,-0.389012,0.141667,0.083333,0.175,0.258333,0.175,0.15,0.466667,0.439901,0.338291,1.493517
difficulty,Saturn,137,137-115,-0.249659,0.166667,0.15,0.158333,0.308333,0.233333,0.216667,0.341667,0.505846,0.354412,1.463154
difficulty,Saturn,137,137-116,1.255613,0.058333,0.125,0.083333,0.208333,0.15,0.483333,0.15,0.6989,0.296102,1.954979
difficulty,Saturn,137,137-117,-0.686074,0.133333,0.125,0.141667,0.266667,0.191667,0.108333,0.458333,0.413406,0.342839,1.542725
difficulty,Saturn,137,137-118,-1.848787,0.141667,0.116667,0.166667,0.283333,0.2,0.0,0.625,0.256849,0.297808,2.051112
difficulty,Saturn,137,137-119,-0.31704,0.141667,0.108333,0.183333,0.291667,0.191667,0.216667,0.325,0.505992,0.40405,1.515616
difficulty,Saturn,137,137-120,1.942559,0.141667,0.166667,0.141667,0.308333,0.225,0.558333,0.0,0.780788,0.273187,2.213507
difficulty,Saturn,137,137-121,2.226408,0.15,0.15,0.166667,0.316667,0.208333,0.566667,0.0,0.813357,0.270659,2.367449
difficulty,Saturn,137,137-122,0.103639,0.158333,0.183333,0.133333,0.316667,0.25,0.325,0.275,0.5835,0.327852,1.595365
difficulty,Saturn,137,137-123,-1.255067,0.15,0.091667,0.158333,0.25,0.2,0.016667,0.633333,0.277756,0.27964,1.99913
difficulty,Saturn,137,137-124,-1.5471,0.175,0.175,0.175,0.35,0.25,0.0,0.533333,0.309815,0.283565,1.818602
difficulty,Saturn,137,137-125,0.111437,0.066667,0.1,0.108333,0.208333,0.133333,0.258333,0.375,0.51634,0.386357,1.63425
difficulty,Saturn,137,137-126,0.22928,0.2,0.158333,0.166667,0.325,0.291667,0.25,0.333333,0.521645,0.360073,1.494821
difficulty,Saturn,137,137-127,-0.903158,0.108333,0.116667,0.15,0.266667,0.183333,0.108333,0.55,0.367267,0.379915,1.662831
difficulty,Saturn,137,137-128,-0.146796,0.15,0.125,0.191667,0.316667,0.208333,0.166667,0.425,0.452128,0.399564,1.529032
difficulty,Saturn,137,137-129,1.006923,0.233333,0.158333,0.216667,0.375,0.291667,0.391667,0.15,0.671247,0.348104,1.615661
difficulty,Saturn,137,137-130,-0.146176,0.125,0.116667,0.175,0.291667,0.166667,0.208333,0.375,0.493029,0.340728,1.51422
difficulty,Saturn,137,137-131,-0.314946,0.125,0.133333,0.166667,0.3,0.183333,0.158333,0.416667,0.462842,0.387092,1.505091
difficulty,Saturn,137,137-132,0.600451,0.183333,0.133333,0.208333,0.341667,0.25,0.375,0.2,0.644205,0.274529,1.665498
difficulty,Saturn,137,137-133,-1.159657,0.108333,0.1,0.125,0.225,0.158333,0.066667,0.516667,0.363983,0.374281,1.659235
difficulty,Saturn,137,137-134,0.151749,0.166667,0.2,0.15,0.35,0.258333,0.258333,0.283333,0.545749,0.295095,1.449132
difficulty,Saturn,137,137-135,0.33816,0.166667,0.158333,0.208333,0.366667,0.258333,0.258333,0.25,0.582928,0.372606,1.40474
difficulty,Saturn,137,137-136,0.007584,0.175,0.125,0.225,0.35,0.233333,0.225,0.233333,0.571394,0.373017,1.413034
difficulty,Saturn,137,137-137,-0.298613,0.183333,0.15,0.183333,0.333333,0.258333,0.225,0.3,0.513936,0.269315,1.396128
difficulty,Saturn,137,137-138,-0.029487,0.166667,0.158333,0.133333,0.291667,0.233333,0.241667,0.266667,0.548554,0.384921,1.436219
difficulty,Saturn,137,137-139,1.095607,0.158333,0.125,0.158333,0.283333,0.208333,0.416667,0.158333,0.678316,0.30736,1.782082
difficulty,Saturn,137,137-140,-2.407855,0.075,0.108333,0.033333,0.141667,0.141667,0.0,0.825,0.150648,0.212985,2.651766
difficulty,Saturn,137,137-141,0.970356,0.133333,0.083333,0.208333,0.291667,0.166667,0.416667,0.158333,0.683307,0.375087,1.729823
difficulty,Saturn,137,137-142,-0.054668,0.208333,0.15,0.216667,0.366667,0.275,0.191667,0.308333,0.508106,0.324823,1.454832
difficulty,Saturn,137,137-143,-0.557724,0.166667,0.141667,0.175,0.316667,0.241667,0.091667,0.45,0.415926,0.380889,1.442182
difficulty,Saturn,137,137-144,0.202865,0.141667,0.175,0.158333,0.333333,0.25,0.275,0.25,0.587026,0.407285,1.522786
difficulty,Saturn,137,137-145,0.618659,0.1,0.116667,0.133333,0.25,0.166667,0.35,0.225,0.635654,0.309567,1.699842
difficulty,Saturn,137,137-146,0.938405,0.183333,0.191667,0.141667,0.333333,0.283333,0.316667,0.141667,0.623589,0.417948,1.460447
difficulty,Saturn,137,137-147,-0.393954,0.116667,0.075,0.166667,0.241667,0.141667,0.233333,0.383333,0.493695,0.317178,1.651237
difficulty,Saturn,137,137-148,-0.800885,0.125,0.191667,0.166667,0.358333,0.225,0.083333,0.458333,0.393809,0.380988,1.629052
difficulty,Saturn,137,137-149,0.07057,0.2,0.175,0.208333,0.383333,0.266667,0.191667,0.266667,0.541748,0.465372,1.376006
difficulty,Saturn,137,137-150,-1.028025,0.133333,0.158333,0.166667,0.325,0.208333,0.066667,0.525,0.349611,0.312846,1.719159
difficulty,Saturn,137,137-151,1.687123,0.125,0.133333,0.133333,0.266667,0.208333,0.525,0.041667,0.773279,0.238326,2.134435
difficulty,Saturn,137,137-152,3.708529,0.008333,0.0,0.083333,0.083333,0.008333,0.85,0.0,0.932211,0.138159,3.529226
difficulty,Saturn,137,137-153,-0.882556,0.091667,0.075,0.141667,0.216667,0.125,0.075,0.516667,0.37647,0.352321,1.712689
difficulty,Saturn,137,137-154,1.694662,0.258333,0.183333,0.175,0.358333,0.308333,0.458333,0.058333,0.738758,0.25008,1.910063
difficulty,Saturn,137,137-155,0.723206,0.183333,0.1,0.216667,0.316667,0.225,0.333333,0.2,0.635525,0.368954,1.64167
difficulty,Saturn,137,137-156,-0.04033,0.175,0.141667,0.175,0.316667,0.233333,0.233333,0.325,0.514749,0.417166,1.442581
difficulty,Saturn,137,137-157,0.950618,0.2,0.175,0.15,0.325,0.258333,0.391667,0.166667,0.660096,0.326745,1.701241
difficulty,Saturn,137,137-158,0.986405,0.158333,0.116667,0.183333,0.3,0.2,0.475,0.158333,0.705168,0.281017,1.881565
difficulty,Saturn,137,137-159,0.374409,0.183333,0.141667,0.141667,0.283333,0.241667,0.341667,0.283333,0.593092,0.366441,1.611052
difficulty,Saturn,137,137-160,-0.601175,0.166667,0.158333,0.133333,0.291667,0.233333,0.125,0.45,0.429488,0.470923,1.416194
difficulty,Saturn,137,137-161,0.175896,0.216667,0.208333,0.25,0.458333,0.316667,0.216667,0.225,0.584086,0.459822,1.331492
difficulty,Saturn,137,137-162,-1.11499,0.141667,0.15,0.1,0.25,0.175,0.025,0.533333,0.336515,0.387963,1.692541
difficulty,Saturn,137,137-163,0.681243,0.133333,0.125,0.175,0.3,0.208333,0.333333,0.2,0.627999,0.454157,1.59884
difficulty,Saturn,137,137-164,-0.269201,0.108333,0.141667,0.158333,0.3,0.183333,0.158333,0.433333,0.461338,0.345835,1.469577
difficulty,Saturn,137,137-165,1.059224,0.141667,0.175,0.133333,0.308333,0.225,0.408333,0.158333,0.674533,0.304239,1.710826
difficulty,Saturn,137,137-166,0.116911,0.141667,0.116667,0.141667,0.258333,0.166667,0.225,0.383333,0.516115,0.278443,1.657144
difficulty,Saturn,137,137-167,-0.122426,0.15,0.183333,0.125,0.308333,0.258333,0.141667,0.4,0.444738,0.322862,1.368912
difficulty,Saturn,137,137-168,-0.840159,0.133333,0.183333,0.125,0.308333,0.216667,0.125,0.466667,0.402989,0.449803,1.565032
difficulty,Saturn,137,137-169,0.574944,0.133333,0.166667,0.158333,0.325,0.208333,0.316667,0.225,0.625528,0.414966,1.586178
difficulty,Saturn,137,137-170,0.247893,0.091667,0.116667,0.116667,0.233333,0.15,0.3,0.3,0.554094,0.266088,1.637166
difficulty,Saturn,137,137-171,-0.282704,0.166667,0.116667,0.191667,0.308333,0.225,0.15,0.433333,0.447175,0.395741,1.450974
difficulty,Saturn,137,137-172,-0.014739,0.183333,0.158333,0.191667,0.35,0.241667,0.208333,0.283333,0.529664,0.431568,1.417409
difficulty,Saturn,137,137-173,0.97984,0.158333,0.15,0.175,0.325,0.241667,0.433333,0.175,0.686776,0.291648,1.818675
difficulty,Saturn,137,137-174,-0.173795,0.133333,0.191667,0.125,0.316667,0.233333,0.166667,0.316667,0.511808,0.404616,1.407421
difficulty,Saturn,137,137-175,-0.935282,0.133333,0.116667,0.175,0.291667,0.191667,0.075,0.55,0.350907,0.307463,1.715913
difficulty,Saturn,137,137-176,0.668167,0.116667,0.108333,0.183333,0.291667,0.175,0.35,0.225,0.619075,0.302452,1.634031
difficulty,Saturn,137,137-177,0.213525,0.141667,0.116667,0.141667,0.258333,0.2,0.325,0.308333,0.568133,0.272102,1.640191
difficulty,Saturn,137,137-178,-1.329987,0.141667,0.108333,0.158333,0.266667,0.191667,0.025,0.558333,0.33153,0.387249,1.67783
difficulty,Saturn,137,137-179,2.848663,0.133333,0.066667,0.141667,0.208333,0.141667,0.716667,0.0,0.882737,0.19739,2.888768
difficulty,Saturn,137,137-180,-0.531019,0.116667,0.141667,0.083333,0.225,0.175,0.2,0.491667,0.403145,0.344839,1.706366
difficulty,Saturn,137,137-181,-0.074551,0.108333,0.091667,0.1,0.191667,0.15,0.325,0.333333,0.551666,0.324881,1.7196
difficulty,Saturn,137,137-182,-1.524811,0.166667,0.116667,0.208333,0.325,0.216667,0.0,0.6,0.312321,0.321924,1.640111
difficulty,Saturn,137,137-183,-0.136188,0.141667,0.2,0.158333,0.358333,0.258333,0.158333,0.35,0.4894,0.389048,1.394792
difficulty,Saturn,137,137-184,-0.68768,0.133333,0.108333,0.166667,0.275,0.191667,0.133333,0.508333,0.406098,0.340621,1.648915
difficulty,Saturn,137,137-185,-0.527871,0.15,0.125,0.175,0.3,0.216667,0.116667,0.433333,0.424278,0.300634,1.564062
difficulty,Saturn,137,137-186,-1.152544,0.141667,0.108333,0.241667,0.35,0.216667,0.058333,0.458333,0.403472,0.372119,1.574274
difficulty,Saturn,137,137-187,-0.413452,0.15,0.1,0.191667,0.291667,0.2,0.183333,0.4,0.458842,0.400676,1.510077
difficulty,Saturn,137,137-188,-0.552106,0.116667,0.133333,0.133333,0.266667,0.175,0.216667,0.391667,0.474727,0.39293,1.615979
difficulty,Saturn,137,137-189,-0.644944,0.133333,0.175,0.116667,0.291667,0.225,0.158333,0.441667,0.430986,0.334966,1.508143
difficulty,Saturn,137,137-190,-0.623048,0.133333,0.183333,0.15,0.333333,0.241667,0.175,0.425,0.447322,0.304596,1.53405
difficulty,Saturn,137,137-191,-1.278609,0.15,0.15,0.141667,0.291667,0.2,0.033333,0.575,0.331007,0.291944,1.767493
difficulty,Saturn,137,137-192,-1.920888,0.166667,0.133333,0.133333,0.266667,0.208333,0.0,0.633333,0.256518,0.343083,1.974767
difficulty,Saturn,137,137-193,-0.632742,0.175,0.175,0.175,0.35,0.258333,0.166667,0.366667,0.474304,0.39677,1.431112
difficulty,Saturn,137,137-194,1.825612,0.183333,0.125,0.166667,0.291667,0.233333,0.541667,0.016667,0.782416,0.300382,2.231847
difficulty,Saturn,137,137-195,0.521098,0.125,0.15,0.141667,0.291667,0.216667,0.416667,0.158333,0.658625,0.303639,1.706217
difficulty,Saturn,137,137-196,-0.49011,0.091667,0.1,0.125,0.225,0.15,0.208333,0.45,0.448315,0.407378,1.638117
difficulty,Saturn,137,137-197,-1.231114,0.125,0.141667,0.1,0.241667,0.191667,0.033333,0.633333,0.293408,0.304736,1.8183
difficulty,Saturn,137,137-198,-0.165171,0.116667,0.15,0.141667,0.291667,0.208333,0.15,0.391667,0.47132,0.290323,1.486616
difficulty,Saturn,137,137-199,0.03401,0.141667,0.191667,0.108333,0.3,0.258333,0.208333,0.366667,0.494487,0.317941,1.461253
difficulty,Saturn,369,369-0,0.231976,0.175,0.133333,0.175,0.308333,0.216667,0.291667,0.225,0.597626,0.3973,1.526557
difficulty,Saturn,369,369-1,0.030686,0.083333,0.133333,0.066667,0.2,0.15,0.25,0.433333,0.484222,0.391001,1.576681
difficulty,Saturn,369,369-2,1.22262,0.1,0.125,0.108333,0.233333,0.183333,0.475,0.133333,0.699163,0.276339,1.850395
difficulty,Saturn,369,369-3,-0.670696,0.141667,0.141667,0.125,0.266667,0.2,0.108333,0.491667,0.384688,0.276456,1.542664
difficulty,Saturn,369,369-4,0.230225,0.133333,0.166667,0.166667,0.333333,0.208333,0.241667,0.291667,0.556505,0.40399,1.473487
difficulty,Saturn,369,369-5,0.256787,0.15,0.1,0.233333,0.333333,0.175,0.233333,0.283333,0.566331,0.383087,1.492802
difficulty,Saturn,369,369-6,-0.722373,0.191667,0.175,0.2,0.375,0.291667,0.108333,0.316667,0.462253,0.36187,1.247919
difficulty,Saturn,369,369-7,0.237807,0.108333,0.108333,0.208333,0.316667,0.2,0.308333,0.216667,0.597918,0.362667,1.488292
difficulty,Saturn,369,369-8,0.032378,0.158333,0.125,0.183333,0.308333,0.225,0.216667,0.366667,0.503996,0.332044,1.430289
difficulty,Saturn,369,369-9,1.926765,0.166667,0.125,0.183333,0.308333,0.225,0.508333,0.008333,0.780779,0.299507,2.088951
difficulty,Saturn,369,369-10,0.841279,0.116667,0.141667,0.108333,0.25,0.183333,0.433333,0.183333,0.667007,0.401678,1.793476
difficulty,Saturn,369,369-11,-3.155046,0.0,0.033333,0.0,0.033333,0.033333,0.0,0.875,0.105018,0.101609,3.026708
difficulty,Saturn,369,369-12,-0.487376,0.116667,0.108333,0.158333,0.266667,0.175,0.116667,0.466667,0.413207,0.419718,1.505495
difficulty,Saturn,369,369-13,0.128524,0.125,0.141667,0.116667,0.258333,0.175,0.3,0.333333,0.537752,0.40102,1.590327
difficulty,Saturn,369,369-14,-2.890421,0.058333,0.108333,0.0,0.108333,0.108333,0.0,0.816667,0.136937,0.321897,2.790995
difficulty,Saturn,369,369-15,-2.602773,0.075,0.158333,0.008333,0.166667,0.166667,0.0,0.758333,0.172099,0.181077,2.370273
difficulty,Saturn,369,369-16,0.18643,0.166667,0.191667,0.158333,0.35,0.275,0.275,0.258333,0.568686,0.379331,1.499877
difficulty,Saturn,369,369-17,-1.667763,0.133333,0.108333,0.2,0.308333,0.191667,0.0,0.666667,0.261691,0.31973,2.033059
difficulty,Saturn,369,369-18,1.434687,0.191667,0.125,0.175,0.3,0.233333,0.516667,0.091667,0.748212,0.370037,1.990501
difficulty,Saturn,369,369-19,-0.661515,0.083333,0.075,0.166667,0.241667,0.125,0.116667,0.5,0.413935,0.324586,1.701128
difficulty,Saturn,369,369-20,-0.158063,0.125,0.058333,0.233333,0.291667,0.158333,0.208333,0.35,0.529337,0.417713,1.538959
difficulty,Saturn,369,369-21,1.071875,0.1,0.141667,0.091667,0.233333,0.158333,0.525,0.15,0.71727,0.348654,1.953683
difficulty,Saturn,369,369-22,-0.335319,0.108333,0.116667,0.133333,0.25,0.183333,0.158333,0.45,0.434905,0.349238,1.52053
difficulty,Saturn,369,369-23,1.114239,0.108333,0.116667,0.141667,0.258333,0.175,0.483333,0.141667,0.708643,0.328128,1.877055
difficulty,Saturn,369,369-24,-0.500427,0.108333,0.183333,0.158333,0.341667,0.225,0.166667,0.325,0.480824,0.395502,1.458463
difficulty,Saturn,369,369-25,-0.467771,0.116667,0.125,0.2,0.325,0.183333,0.108333,0.458333,0.428507,0.325436,1.550728
difficulty,Saturn,369,369-26,1.125826,0.175,0.141667,0.191667,0.333333,0.25,0.4,0.116667,0.691616,0.281676,1.667005
difficulty,Saturn,369,369-27,-0.43343,0.091667,0.083333,0.166667,0.25,0.133333,0.183333,0.433333,0.453,0.399993,1.581486
difficulty,Saturn,369,369-28,-1.038158,0.091667,0.083333,0.2,0.283333,0.158333,0.108333,0.433333,0.425801,0.390274,1.526754
difficulty,Saturn,369,369-29,0.22191,0.166667,0.133333,0.141667,0.275,0.216667,0.291667,0.3,0.552265,0.451616,1.470389
difficulty,Saturn,369,369-30,0.488949,0.108333,0.133333,0.091667,0.225,0.175,0.316667,0.3,0.578253,0.334745,1.621461
difficulty,Saturn,369,369-31,-0.099903,0.141667,0.125,0.175,0.3,0.183333,0.216667,0.325,0.523882,0.319181,1.465091
difficulty,Saturn,369,369-32,-0.424318,0.158333,0.108333,0.233333,0.341667,0.2,0.175,0.308333,0.516129,0.368948,1.490953
difficulty,Saturn,369,369-33,-1.962954,0.116667,0.125,0.108333,0.233333,0.175,0.0,0.7,0.237361,0.465351,2.000981
difficulty,Saturn,369,369-34,-0.578553,0.2,0.166667,0.183333,0.35,0.258333,0.133333,0.366667,0.459922,0.353151,1.449535
difficulty,Saturn,369,369-35,-0.138219,0.2,0.108333,0.233333,0.341667,0.225,0.208333,0.308333,0.523465,0.402735,1.451556
difficulty,Saturn,369,369-36,-0.55189,0.108333,0.133333,0.125,0.258333,0.2,0.166667,0.45,0.436883,0.378416,1.582308
difficulty,Saturn,369,369-37,0.626275,0.15,0.133333,0.133333,0.266667,0.183333,0.366667,0.241667,0.620026,0.44172,1.643619
difficulty,Saturn,369,369-38,-0.013418,0.208333,0.166667,0.191667,0.358333,0.275,0.233333,0.283333,0.548778,0.39056,1.412255
difficulty,Saturn,369,369-39,0.367813,0.158333,0.166667,0.141667,0.308333,0.233333,0.3,0.266667,0.576616,0.381798,1.492306
difficulty,Saturn,369,369-40,0.511879,0.133333,0.183333,0.158333,0.341667,0.233333,0.275,0.25,0.586249,0.312606,1.463194
difficulty,Saturn,369,369-41,-0.60238,0.183333,0.175,0.183333,0.358333,0.266667,0.133333,0.441667,0.424888,0.494486,1.441797
difficulty,Saturn,369,369-42,-0.545278,0.133333,0.083333,0.191667,0.275,0.158333,0.133333,0.408333,0.471054,0.314448,1.556546
difficulty,Saturn,369,369-43,-1.148539,0.15,0.141667,0.141667,0.283333,0.225,0.083333,0.483333,0.370022,0.318881,1.545075
difficulty,Saturn,369,369-44,-0.64239,0.083333,0.125,0.116667,0.241667,0.166667,0.075,0.591667,0.330482,0.263283,1.608056
difficulty,Saturn,369,369-45,-0.123988,0.1,0.058333,0.166667,0.225,0.116667,0.266667,0.375,0.530832,0.33286,1.681501
difficulty,Saturn,369,369-46,0.446608,0.116667,0.1,0.15,0.25,0.166667,0.308333,0.291667,0.58617,0.399821,1.579423
difficulty,Saturn,369,369-47,-0.857714,0.091667,0.116667,0.15,0.266667,0.15,0.058333,0.533333,0.373618,0.349514,1.646756
difficulty,Saturn,369,369-48,0.029596,0.091667,0.083333,0.191667,0.275,0.141667,0.283333,0.283333,0.57118,0.384659,1.57405
difficulty,Saturn,369,369-49,-1.521616,0.141667,0.141667,0.166667,0.308333,0.216667,0.008333,0.558333,0.314213,0.43863,1.68414
difficulty,Saturn,369,369-50,-1.174665,0.141667,0.125,0.183333,0.308333,0.225,0.041667,0.508333,0.353865,0.283862,1.654231
difficulty,Saturn,369,369-51,0.216574,0.125,0.2,0.125,0.325,0.233333,0.325,0.241667,0.586265,0.404388,1.558735
difficulty,Saturn,369,369-52,1.454491,0.158333,0.166667,0.1,0.266667,0.241667,0.475,0.133333,0.711347,0.362293,1.926335
difficulty,Saturn,369,369-53,0.726874,0.066667,0.075,0.166667,0.241667,0.108333,0.358333,0.25,0.615899,0.293088,1.748542
difficulty,Saturn,369,369-54,-0.642818,0.158333,0.083333,0.2,0.283333,0.208333,0.183333,0.425,0.470926,0.353967,1.66412
difficulty,Saturn,369,369-55,0.861417,0.1,0.066667,0.216667,0.283333,0.141667,0.391667,0.208333,0.670875,0.313052,1.784567
difficulty,Saturn,369,369-56,0.15782,0.125,0.125,0.133333,0.258333,0.158333,0.3,0.275,0.582563,0.319308,1.593813
difficulty,Saturn,369,369-57,-0.616591,0.125,0.15,0.133333,0.283333,0.191667,0.141667,0.441667,0.417183,0.211832,1.541489
difficulty,Saturn,369,369-58,-1.032616,0.166667,0.158333,0.166667,0.325,0.25,0.05,0.533333,0.349046,0.215362,1.596522
difficulty,Saturn,369,369-59,0.092656,0.116667,0.125,0.133333,0.258333,0.183333,0.275,0.366667,0.518677,0.331715,1.572667
difficulty,Saturn,369,369-60,-0.398194,0.158333,0.116667,0.183333,0.3,0.216667,0.166667,0.425,0.450575,0.408884,1.576213
difficulty,Saturn,369,369-61,-1.820899,0.1,0.091667,0.15,0.241667,0.15,0.0,0.625,0.252434,0.324566,2.045762
difficulty,Saturn,369,369-62,0.172438,0.125,0.141667,0.141667,0.283333,0.2,0.333333,0.266667,0.571054,0.293955,1.546897
difficulty,Saturn,369,369-63,-1.604932,0.125,0.141667,0.133333,0.275,0.208333,0.0,0.591667,0.284212,0.295659,1.812358
difficulty,Saturn,369,369-64,-0.547018,0.166667,0.166667,0.15,0.316667,0.241667,0.191667,0.391667,0.45628,0.330778,1.460785
difficulty,Saturn,369,369-65,0.849584,0.125,0.083333,0.216667,0.3,0.158333,0.4,0.166667,0.668042,0.297792,1.741771
difficulty,Saturn,369,369-66,-0.917635,0.108333,0.1,0.133333,0.233333,0.15,0.075,0.566667,0.354681,0.307166,1.768282
difficulty,Saturn,369,369-67,1.020256,0.116667,0.108333,0.15,0.258333,0.175,0.45,0.141667,0.694882,0.307478,1.856949
difficulty,Saturn,369,369-68,0.653268,0.133333,0.108333,0.191667,0.3,0.183333,0.425,0.2,0.670861,0.258319,1.721142
difficulty,Saturn,369,369-69,-1.243689,0.133333,0.166667,0.108333,0.275,0.216667,0.041667,0.6,0.318996,0.397508,1.650725
difficulty,Saturn,369,369-70,1.151157,0.133333,0.125,0.183333,0.308333,0.191667,0.425,0.1,0.723007,0.393775,1.779143
difficulty,Saturn,369,369-71,-0.469619,0.208333,0.141667,0.216667,0.358333,0.258333,0.125,0.408333,0.447461,0.346142,1.447981
difficulty,Saturn,369,369-72,-0.662576,0.133333,0.133333,0.116667,0.25,0.2,0.133333,0.433333,0.430841,0.376905,1.492087
difficulty,Saturn,369,369-73,0.43348,0.133333,0.141667,0.125,0.266667,0.191667,0.366667,0.258333,0.622856,0.334845,1.746246
difficulty,Saturn,369,369-74,1.53104,0.141667,0.108333,0.116667,0.225,0.166667,0.633333,0.025,0.811704,0.26622,2.222689
difficulty,Saturn,369,369-75,0.597911,0.1,0.125,0.116667,0.241667,0.166667,0.425,0.241667,0.626913,0.350312,1.806835
difficulty,Saturn,369,369-76,0.068143,0.133333,0.141667,0.141667,0.283333,0.2,0.258333,0.366667,0.514789,0.365256,1.575793
difficulty,Saturn,369,369-77,0.518152,0.133333,0.125,0.15,0.275,0.208333,0.391667,0.2,0.641926,0.356189,1.676787
difficulty,Saturn,369,369-78,0.768912,0.15,0.108333,0.183333,0.291667,0.2,0.358333,0.2,0.660014,0.314854,1.747447
difficulty,Saturn,369,369-79,2.208458,0.166667,0.125,0.141667,0.266667,0.208333,0.641667,0.0,0.819397,0.271006,2.298874
difficulty,Saturn,369,369-80,0.609541,0.158333,0.15,0.175,0.325,0.25,0.341667,0.2,0.617976,0.312889,1.612675
difficulty,Saturn,369,369-81,0.102991,0.133333,0.15,0.175,0.325,0.216667,0.258333,0.3,0.55044,0.393691,1.550705
difficulty,Saturn,369,369-82,1.185387,0.125,0.083333,0.216667,0.3,0.15,0.375,0.158333,0.680352,0.350257,1.696692
difficulty,Saturn,369,369-83,-0.666769,0.133333,0.166667,0.116667,0.283333,0.191667,0.133333,0.45,0.427058,0.398743,1.531464
difficulty,Saturn,369,369-84,1.195109,0.133333,0.108333,0.158333,0.266667,0.175,0.508333,0.091667,0.739196,0.367927,1.978896
difficulty,Saturn,369,369-85,2.089352,0.141667,0.116667,0.175,0.291667,0.2,0.575,0.0,0.811548,0.289731,2.279952
difficulty,Saturn,369,369-86,-0.859006,0.15,0.141667,0.158333,0.3,0.225,0.116667,0.483333,0.393013,0.355175,1.643895
difficulty,Saturn,369,369-87,0.806216,0.166667,0.166667,0.166667,0.333333,0.241667,0.4,0.15,0.692655,0.339588,1.667569
difficulty,Saturn,369,369-88,0.84898,0.158333,0.116667,0.183333,0.3,0.2,0.441667,0.158333,0.683743,0.404304,1.761677
difficulty,Saturn,369,369-89,-1.191223,0.133333,0.108333,0.208333,0.316667,0.183333,0.041667,0.525,0.360264,0.363677,1.705936
difficulty,Saturn,369,369-90,-2.083709,0.166667,0.208333,0.1,0.308333,0.283333,0.0,0.608333,0.252829,0.313466,1.952527
difficulty,Saturn,369,369-91,2.871627,0.15,0.066667,0.191667,0.258333,0.15,0.65,0.0,0.873794,0.240034,2.918814
difficulty,Saturn,369,369-92,-2.061716,0.108333,0.166667,0.066667,0.233333,0.208333,0.0,0.691667,0.209472,0.280479,2.173567
difficulty,Saturn,369,369-93,1.454118,0.108333,0.091667,0.183333,0.275,0.175,0.516667,0.075,0.754173,0.280046,1.993381
difficulty,Saturn,369,369-94,1.793163,0.2,0.116667,0.25,0.366667,0.266667,0.458333,0.041667,0.73872,0.359937,1.910514
difficulty,Saturn,369,369-95,-1.086711,0.191667,0.2,0.183333,0.383333,0.3,0.058333,0.441667,0.388144,0.424284,1.478248
difficulty,Saturn,369,369-96,-0.429271,0.166667,0.108333,0.175,0.283333,0.216667,0.1,0.458333,0.422887,0.426098,1.474515
difficulty,Saturn,369,369-97,-1.847038,0.175,0.133333,0.183333,0.316667,0.241667,0.0,0.6,0.272317,0.329442,1.921077
difficulty,Saturn,369,369-98,-0.573374,0.125,0.108333,0.183333,0.291667,0.166667,0.091667,0.466667,0.408229,0.280053,1.576169
difficulty,Saturn,369,369-99,-2.606954,0.125,0.158333,0.041667,0.2,0.2,0.0,0.7,0.210071,0.317505,2.109535
difficulty,Saturn,369,369-100,2.447595,0.058333,0.066667,0.1,0.166667,0.091667,0.75,0.0,0.886449,0.202435,2.853957
difficulty,Saturn,369,369-101,-0.774114,0.166667,0.083333,0.175,0.258333,0.183333,0.141667,0.425,0.424398,0.34112,1.529824
difficulty,Saturn,369,369-102,-0.419893,0.175,0.175,0.191667,0.366667,0.233333,0.133333,0.366667,0.483622,0.339993,1.322514
difficulty,Saturn,369,369-103,-2.045843,0.133333,0.108333,0.125,0.233333,0.2,0.0,0.683333,0.229146,0.300776,2.089826
difficulty,Saturn,369,369-104,0.862104,0.1,0.1,0.15,0.25,0.15,0.408333,0.208333,0.647952,0.344971,1.724027
difficulty,Saturn,369,369-105,0.328284,0.166667,0.158333,0.208333,0.366667,0.258333,0.25,0.25,0.57484,0.389978,1.40307
difficulty,Saturn,369,369-106,1.034031,0.175,0.125,0.175,0.3,0.216667,0.483333,0.108333,0.730281,0.294347,1.858067
difficulty,Saturn,369,369-107,0.175197,0.1,0.108333,0.208333,0.316667,0.166667,0.291667,0.241667,0.590092,0.303659,1.522944
difficulty,Saturn,369,369-108,-0.222364,0.15,0.166667,0.158333,0.325,0.233333,0.2,0.341667,0.507126,0.414271,1.456926
difficulty,Saturn,369,369-109,-0.133694,0.15,0.158333,0.183333,0.341667,0.241667,0.191667,0.333333,0.506412,0.417454,1.384082
difficulty,Saturn,369,369-110,1.801781,0.125,0.125,0.15,0.275,0.175,0.6,0.016667,0.812853,0.24766,2.33509
difficulty,Saturn,369,369-111,0.499768,0.125,0.158333,0.2,0.358333,0.225,0.275,0.25,0.588092,0.313004,1.476109
difficulty,Saturn,369,369-112,-1.014326,0.133333,0.166667,0.133333,0.3,0.216667,0.058333,0.508333,0.345864,0.305272,1.646644
difficulty,Saturn,369,369-113,0.3677,0.141667,0.108333,0.158333,0.266667,0.2,0.266667,0.375,0.533175,0.356088,1.606254
difficulty,Saturn,369,369-114,0.269233,0.158333,0.183333,0.15,0.333333,0.266667,0.233333,0.3,0.538984,0.334185,1.458084
difficulty,Saturn,369,369-115,-0.678598,0.091667,0.141667,0.141667,0.283333,0.191667,0.1,0.45,0.423989,0.337466,1.525213
difficulty,Saturn,369,369-116,-0.072946,0.116667,0.1,0.183333,0.283333,0.183333,0.208333,0.35,0.514527,0.437481,1.578396
difficulty,Saturn,369,369-117,-0.994879,0.125,0.125,0.166667,0.291667,0.2,0.025,0.525,0.339448,0.228232,1.646713
difficulty,Saturn,369,369-118,0.93942,0.141667,0.158333,0.125,0.283333,0.208333,0.425,0.141667,0.66957,0.319745,1.754871
difficulty,Saturn,369,369-119,0.77847,0.175,0.133333,0.183333,0.316667,0.216667,0.308333,0.2,0.612921,0.28937,1.539218
difficulty,Saturn,369,369-120,-1.518781,0.108333,0.116667,0.125,0.241667,0.2,0.0,0.608333,0.268037,0.299199,1.899645
difficulty,Saturn,369,369-121,-1.423723,0.133333,0.091667,0.183333,0.275,0.191667,0.008333,0.591667,0.300484,0.217638,1.726594
difficulty,Saturn,369,369-122,0.978785,0.108333,0.15,0.075,0.225,0.2,0.425,0.175,0.636713,0.308658,1.723944
difficulty,Saturn,369,369-123,1.339497,0.133333,0.133333,0.191667,0.325,0.191667,0.475,0.1,0.727346,0.350983,1.966466
difficulty,Saturn,369,369-124,-2.13659,0.083333,0.116667,0.125,0.241667,0.191667,0.0,0.708333,0.223048,0.298636,2.154487
difficulty,Saturn,369,369-125,1.078108,0.083333,0.158333,0.158333,0.316667,0.2,0.425,0.2,0.66611,0.350526,1.766969
difficulty,Saturn,369,369-126,0.699484,0.116667,0.108333,0.175,0.283333,0.166667,0.383333,0.2,0.644502,0.339715,1.730341
difficulty,Saturn,369,369-127,1.275301,0.116667,0.108333,0.141667,0.25,0.175,0.475,0.116667,0.724272,0.365812,2.010904
difficulty,Saturn,369,369-128,0.425079,0.183333,0.2,0.158333,0.358333,0.275,0.208333,0.266667,0.562301,0.425093,1.437115
difficulty,Saturn,369,369-129,1.955968,0.1,0.116667,0.125,0.241667,0.15,0.616667,0.008333,0.815058,0.244477,2.331021
difficulty,Saturn,369,369-130,0.703888,0.15,0.183333,0.125,0.308333,0.241667,0.35,0.208333,0.637399,0.365077,1.57771
difficulty,Saturn,369,369-131,0.513951,0.166667,0.158333,0.166667,0.325,0.266667,0.266667,0.291667,0.54524,0.421959,1.361572
difficulty,Saturn,369,369-132,0.491925,0.166667,0.141667,0.108333,0.25,0.208333,0.375,0.208333,0.608571,0.332713,1.613637
difficulty,Saturn,369,369-133,-1.561684,0.133333,0.125,0.158333,0.283333,0.191667,0.0,0.6,0.289407,0.242298,1.801015
difficulty,Saturn,369,369-134,0.245354,0.166667,0.166667,0.141667,0.308333,0.25,0.233333,0.333333,0.528488,0.433946,1.417348
difficulty,Saturn,369,369-135,2.197761,0.125,0.15,0.1,0.25,0.2,0.666667,0.0,0.830996,0.237284,2.518062
difficulty,Saturn,369,369-136,1.47046,0.108333,0.108333,0.141667,0.25,0.166667,0.541667,0.083333,0.7573,0.320974,2.084536
difficulty,Saturn,369,369-137,-0.726608,0.108333,0.116667,0.15,0.266667,0.158333,0.1,0.516667,0.383474,0.348885,1.71321
difficulty,Saturn,369,369-138,1.069092,0.158333,0.2,0.158333,0.358333,0.283333,0.375,0.108333,0.680573,0.369099,1.622068
difficulty,Saturn,369,369-139,0.504925,0.2,0.15,0.175,0.325,0.25,0.3,0.233333,0.600864,0.37793,1.537276
difficulty,Saturn,369,369-140,-1.515391,0.125,0.116667,0.141667,0.258333,0.183333,0.0,0.608333,0.274396,0.34403,1.91265
difficulty,Saturn,369,369-141,-0.557669,0.183333,0.141667,0.166667,0.308333,0.233333,0.166667,0.391667,0.480223,0.3903,1.512043
difficulty,Saturn,369,369-142,-1.805564,0.125,0.158333,0.125,0.283333,0.225,0.0,0.633333,0.2573,0.289871,1.870209
difficulty,Saturn,369,369-143,1.00057,0.15,0.158333,0.158333,0.316667,0.225,0.375,0.191667,0.654792,0.396528,1.657486
difficulty,Saturn,369,369-144,-0.293508,0.158333,0.116667,0.208333,0.325,0.208333,0.216667,0.341667,0.525332,0.347627,1.551688
difficulty,Saturn,369,369-145,-1.197497,0.125,0.1,0.166667,0.266667,0.15,0.05,0.55,0.340055,0.300543,1.818832
difficulty,Saturn,369,369-146,0.355825,0.208333,0.191667,0.15,0.341667,0.283333,0.216667,0.316667,0.523093,0.38147,1.44637
difficulty,Saturn,369,369-147,0.060891,0.216667,0.158333,0.183333,0.341667,0.266667,0.233333,0.316667,0.522459,0.355556,1.465914
difficulty,Saturn,369,369-148,-0.734187,0.133333,0.175,0.125,0.3,0.216667,0.116667,0.408333,0.438406,0.276906,1.462074
difficulty,Saturn,369,369-149,1.042388,0.091667,0.108333,0.116667,0.225,0.166667,0.475,0.15,0.697193,0.241722,1.939643
difficulty,Saturn,369,369-150,0.567493,0.191667,0.166667,0.175,0.341667,0.258333,0.325,0.208333,0.628372,0.298984,1.584865
difficulty,Saturn,369,369-151,-0.326013,0.175,0.166667,0.183333,0.35,0.241667,0.208333,0.325,0.509288,0.350227,1.456719
difficulty,Saturn,369,369-152,0.159952,0.166667,0.133333,0.133333,0.266667,0.225,0.258333,0.316667,0.532963,0.380592,1.510669
difficulty,Saturn,369,369-153,1.172015,0.125,0.133333,0.175,0.308333,0.2,0.4,0.108333,0.696495,0.355965,1.720166
difficulty,Saturn,369,369-154,-2.277682,0.15,0.125,0.108333,0.233333,0.233333,0.0,0.666667,0.223,0.413693,1.991918
difficulty,Saturn,369,369-155,1.339122,0.158333,0.133333,0.191667,0.325,0.225,0.458333,0.066667,0.741154,0.319394,1.910173
difficulty,Saturn,369,369-156,-0.957434,0.15,0.116667,0.183333,0.3,0.208333,0.075,0.491667,0.393073,0.257607,1.612456
difficulty,Saturn,369,369-157,-0.400505,0.1,0.1,0.175,0.275,0.175,0.175,0.416667,0.45372,0.267239,1.601317
difficulty,Saturn,369,369-158,0.853967,0.141667,0.15,0.175,0.325,0.25,0.316667,0.208333,0.608858,0.35487,1.527586
difficulty,Saturn,369,369-159,-0.344609,0.1,0.108333,0.108333,0.216667,0.15,0.166667,0.466667,0.42915,0.396969,1.475748
difficulty,Saturn,369,369-160,1.494031,0.108333,0.183333,0.133333,0.316667,0.2,0.55,0.033333,0.77085,0.239378,2.02081
difficulty,Saturn,369,369-161,-0.807596,0.15,0.158333,0.15,0.308333,0.225,0.091667,0.55,0.361434,0.336701,1.601563
difficulty,Saturn,369,369-162,-0.239289,0.1,0.183333,0.166667,0.35,0.241667,0.208333,0.316667,0.509726,0.400982,1.440951
difficulty,Saturn,369,369-163,-2.746209,0.075,0.15,0.008333,0.158333,0.158333,0.0,0.75,0.162051,0.284664,2.632063
difficulty,Saturn,369,369-164,1.19522,0.166667,0.133333,0.208333,0.341667,0.216667,0.45,0.108333,0.724776,0.342682,1.871526
difficulty,Saturn,369,369-165,-1.211251,0.166667,0.141667,0.141667,0.283333,0.225,0.016667,0.483333,0.357062,0.335025,1.454569
difficulty,Saturn,369,369-166,1.643909,0.091667,0.108333,0.125,0.233333,0.166667,0.625,0.05,0.808023,0.295048,2.385476
difficulty,Saturn,369,369-167,0.721479,0.141667,0.133333,0.166667,0.3,0.216667,0.4,0.225,0.633918,0.283251,1.723444
difficulty,Saturn,369,369-168,1.403925,0.183333,0.1,0.2,0.3,0.225,0.483333,0.091667,0.739255,0.298853,2.038874
difficulty,Saturn,369,369-169,-0.526088,0.141667,0.083333,0.2,0.283333,0.191667,0.15,0.5,0.424408,0.376561,1.542628
difficulty,Saturn,369,369-170,0.524277,0.158333,0.066667,0.183333,0.25,0.175,0.383333,0.2,0.661714,0.354068,1.735832
difficulty,Saturn,369,369-171,-0.449724,0.108333,0.133333,0.133333,0.266667,0.183333,0.2,0.408333,0.480304,0.346141,1.553433
difficulty,Saturn,369,369-172,-0.098782,0.158333,0.091667,0.241667,0.333333,0.175,0.183333,0.35,0.515865,0.380597,1.450336
difficulty,Saturn,369,369-173,0.053851,0.125,0.175,0.175,0.35,0.233333,0.308333,0.25,0.582635,0.289588,1.513567
difficulty,Saturn,369,369-174,0.199838,0.125,0.108333,0.15,0.258333,0.191667,0.291667,0.316667,0.547681,0.531728,1.555276
difficulty,Saturn,369,369-175,-0.54819,0.191667,0.141667,0.183333,0.325,0.225,0.133333,0.408333,0.452318,0.345789,1.456848
difficulty,Saturn,369,369-176,0.356066,0.133333,0.1,0.208333,0.308333,0.2,0.266667,0.291667,0.573268,0.369912,1.566304
difficulty,Saturn,369,369-177,1.05976,0.091667,0.091667,0.116667,0.208333,0.15,0.45,0.191667,0.672424,0.307183,1.8915
difficulty,Saturn,369,369-178,-0.585372,0.2,0.166667,0.225,0.391667,0.258333,0.125,0.4,0.469219,0.313892,1.52036
difficulty,Saturn,369,369-179,-1.391402,0.125,0.133333,0.116667,0.25,0.2,0.0,0.625,0.289226,0.370921,1.758534
difficulty,Saturn,369,369-180,0.254504,0.158333,0.133333,0.2,0.333333,0.225,0.266667,0.3,0.56145,0.357721,1.506954
difficulty,Saturn,369,369-181,0.227448,0.15,0.175,0.2,0.375,0.241667,0.225,0.308333,0.544912,0.427693,1.453573
difficulty,Saturn,369,369-182,0.533,0.225,0.158333,0.183333,0.341667,0.266667,0.258333,0.266667,0.585016,0.332055,1.485155
difficulty,Saturn,369,369-183,0.016653,0.125,0.133333,0.183333,0.316667,0.208333,0.275,0.291667,0.559991,0.301175,1.589334
difficulty,Saturn,369,369-184,-0.127383,0.116667,0.175,0.108333,0.283333,0.233333,0.241667,0.383333,0.489263,0.290763,1.49404
difficulty,Saturn,369,369-185,-1.489992,0.116667,0.141667,0.15,0.291667,0.225,0.0,0.6,0.30386,0.292173,1.727429
difficulty,Saturn,369,369-186,-0.581476,0.133333,0.083333,0.116667,0.2,0.166667,0.175,0.466667,0.421551,0.359374,1.658502
difficulty,Saturn,369,369-187,-0.244752,0.141667,0.141667,0.133333,0.275,0.208333,0.183333,0.391667,0.471353,0.335455,1.54193
difficulty,Saturn,369,369-188,-0.858205,0.075,0.15,0.175,0.325,0.2,0.108333,0.425,0.412668,0.350284,1.533115
difficulty,Saturn,369,369-189,0.12465,0.216667,0.141667,0.183333,0.325,0.258333,0.283333,0.283333,0.581018,0.384037,1.494168
difficulty,Saturn,369,369-190,0.378446,0.158333,0.15,0.166667,0.316667,0.208333,0.325,0.258333,0.596023,0.361243,1.595423
difficulty,Saturn,369,369-191,0.139139,0.183333,0.108333,0.166667,0.275,0.225,0.325,0.291667,0.584959,0.336335,1.569006
difficulty,Saturn,369,369-192,-0.411408,0.191667,0.158333,0.2,0.358333,0.266667,0.158333,0.325,0.499041,0.341163,1.418018
difficulty,Saturn,369,369-193,0.001881,0.183333,0.125,0.233333,0.358333,0.241667,0.208333,0.333333,0.541654,0.383772,1.453948
difficulty,Saturn,369,369-194,0.438737,0.15,0.141667,0.15,0.291667,0.216667,0.3,0.266667,0.577203,0.386095,1.515458
difficulty,Saturn,369,369-195,-2.863164,0.033333,0.066667,0.0,0.066667,0.066667,0.0,0.841667,0.131024,0.193239,2.692991
difficulty,Saturn,369,369-196,-0.392589,0.141667,0.133333,0.166667,0.3,0.208333,0.208333,0.325,0.49658,0.471289,1.416774
difficulty,Saturn,369,369-197,-1.7188,0.158333,0.133333,0.191667,0.325,0.225,0.0,0.658333,0.264737,0.205918,1.9793
difficulty,Saturn,369,369-198,0.501067,0.191667,0.166667,0.208333,0.375,0.275,0.275,0.241667,0.58522,0.439739,1.400759
difficulty,Saturn,369,369-199,-2.175564,0.125,0.141667,0.075,0.216667,0.191667,0.0,0.666667,0.217073,0.370748,2.183658
difficulty,Saturn,1024,1024-0,-0.453679,0.15,0.1,0.183333,0.283333,0.183333,0.166667,0.391667,0.480242,0.396784,1.484712
difficulty,Saturn,1024,1024-1,-0.139218,0.108333,0.15,0.116667,0.266667,0.191667,0.241667,0.325,0.528625,0.348241,1.497969
difficulty,Saturn,1024,1024-2,2.417348,0.1,0.108333,0.166667,0.275,0.175,0.666667,0.0,0.855754,0.235533,2.718539
difficulty,Saturn,1024,1024-3,0.083214,0.175,0.066667,0.25,0.316667,0.2,0.266667,0.275,0.576835,0.432486,1.530563
difficulty,Saturn,1024,1024-4,1.48629,0.183333,0.116667,0.316667,0.433333,0.233333,0.383333,0.066667,0.73536,0.320424,1.696265
difficulty,Saturn,1024,1024-5,0.45974,0.158333,0.158333,0.116667,0.275,0.216667,0.225,0.375,0.507573,0.322464,1.461554
difficulty,Saturn,1024,1024-6,-0.213213,0.125,0.158333,0.116667,0.275,0.208333,0.216667,0.35,0.48523,0.334801,1.505169
difficulty,Saturn,1024,1024-7,-0.65551,0.116667,0.1,0.175,0.275,0.158333,0.133333,0.458333,0.437923,0.3431,1.605381
difficulty,Saturn,1024,1024-8,-0.363281,0.15,0.166667,0.158333,0.325,0.233333,0.183333,0.383333,0.474207,0.398664,1.508085
difficulty,Saturn,1024,1024-9,0.450501,0.166667,0.158333,0.183333,0.341667,0.25,0.3,0.15,0.626228,0.353285,1.38434
difficulty,Saturn,1024,1024-10,-1.466925,0.125,0.083333,0.133333,0.216667,0.15,0.0,0.65,0.29162,0.296629,1.864807
difficulty,Saturn,1024,1024-11,-0.372172,0.175,0.108333,0.191667,0.3,0.241667,0.191667,0.316667,0.501236,0.395263,1.481202
difficulty,Saturn,1024,1024-12,1.562737,0.141667,0.141667,0.166667,0.308333,0.216667,0.425,0.116667,0.7041,0.328768,1.819665
difficulty,Saturn,1024,1024-13,0.762199,0.116667,0.15,0.108333,0.258333,0.191667,0.416667,0.216667,0.650235,0.325605,1.697908
difficulty,Saturn,1024,1024-14,0.246562,0.208333,0.216667,0.208333,0.425,0.308333,0.216667,0.258333,0.554226,0.336064,1.349055
difficulty,Saturn,1024,1024-15,-0.340309,0.116667,0.133333,0.183333,0.316667,0.216667,0.225,0.358333,0.509174,0.353901,1.528379
difficulty,Saturn,1024,1024-16,-0.891364,0.158333,0.125,0.208333,0.333333,0.233333,0.1,0.433333,0.418326,0.399638,1.52774
difficulty,Saturn,1024,1024-17,2.037654,0.141667,0.133333,0.191667,0.325,0.208333,0.533333,0.0,0.787499,0.291069,2.157629
difficulty,Saturn,1024,1024-18,0.591213,0.166667,0.166667,0.158333,0.325,0.25,0.275,0.266667,0.567437,0.348687,1.458845
difficulty,Saturn,1024,1024-19,-1.030628,0.125,0.191667,0.116667,0.308333,0.233333,0.058333,0.533333,0.329543,0.295073,1.64119
difficulty,Saturn,1024,1024-20,-0.837841,0.158333,0.166667,0.15,0.316667,0.225,0.108333,0.466667,0.403409,0.4132,1.53988
difficulty,Saturn,1024,1024-21,-0.519407,0.183333,0.15,0.208333,0.358333,0.258333,0.15,0.341667,0.499581,0.329448,1.401937
difficulty,Saturn,1024,1024-22,-0.45672,0.183333,0.108333,0.2,0.308333,0.225,0.241667,0.3,0.551159,0.410254,1.478754
difficulty,Saturn,1024,1024-23,0.597314,0.183333,0.125,0.158333,0.283333,0.233333,0.333333,0.25,0.608189,0.351466,1.665423
difficulty,Saturn,1024,1024-24,1.160834,0.15,0.15,0.15,0.3,0.191667,0.366667,0.183333,0.660434,0.402035,1.686191
difficulty,Saturn,1024,1024-25,-0.094463,0.208333,0.225,0.175,0.4,0.291667,0.216667,0.266667,0.545648,0.38628,1.351797
difficulty,Saturn,1024,1024-26,1.098646,0.15,0.183333,0.141667,0.325,0.25,0.425,0.125,0.678957,0.378889,1.64138
difficulty,Saturn,1024,1024-27,-1.234635,0.15,0.158333,0.241667,0.4,0.25,0.066667,0.433333,0.415323,0.388894,1.490692
difficulty,Saturn,1024,1024-28,0.524817,0.133333,0.125,0.116667,0.241667,0.166667,0.358333,0.3,0.593819,0.341834,1.695894
difficulty,Saturn,1024,1024-29,0.662467,0.141667,0.15,0.141667,0.291667,0.208333,0.4,0.2,0.645689,0.377022,1.754694
difficulty,Saturn,1024,1024-30,1.173854,0.116667,0.108333,0.116667,0.225,0.2,0.483333,0.15,0.699184,0.329533,1.936947
difficulty,Saturn,1024,1024-31,1.003531,0.133333,0.141667,0.2,0.341667,0.2,0.383333,0.116667,0.690315,0.403123,1.732787
difficulty,Saturn,1024,1024-32,0.949154,0.158333,0.158333,0.183333,0.341667,0.275,0.333333,0.216667,0.622042,0.441974,1.524348
difficulty,Saturn,1024,1024-33,-1.982724,0.125,0.1,0.158333,0.258333,0.191667,0.0,0.691667,0.237124,0.228752,2.111345
difficulty,Saturn,1024,1024-34,-0.512017,0.166667,0.108333,0.216667,0.325,0.225,0.2,0.358333,0.495468,0.456694,1.488757
difficulty,Saturn,1024,1024-35,-1.617087,0.158333,0.125,0.15,0.275,0.191667,0.0,0.6,0.287622,0.250699,1.913151
difficulty,Saturn,1024,1024-36,-0.252073,0.183333,0.166667,0.166667,0.333333,0.266667,0.2,0.383333,0.499109,0.366396,1.443801
difficulty,Saturn,1024,1024-37,-1.935859,0.15,0.133333,0.1,0.233333,0.2,0.0,0.683333,0.228277,0.246133,1.997928
difficulty,Saturn,1024,1024-38,0.876777,0.091667,0.1,0.175,0.275,0.158333,0.433333,0.075,0.710794,0.331599,1.705692
difficulty,Saturn,1024,1024-39,-0.385024,0.108333,0.108333,0.15,0.258333,0.175,0.166667,0.458333,0.450755,0.320187,1.58578
difficulty,Saturn,1024,1024-40,0.952162,0.133333,0.108333,0.166667,0.275,0.183333,0.433333,0.183333,0.68103,0.298831,1.769939
difficulty,Saturn,1024,1024-41,-0.694434,0.116667,0.15,0.116667,0.266667,0.191667,0.108333,0.475,0.390491,0.361297,1.571507
difficulty,Saturn,1024,1024-42,-0.121534,0.141667,0.083333,0.225,0.308333,0.175,0.225,0.341667,0.543604,0.343361,1.544487
difficulty,Saturn,1024,1024-43,0.806678,0.1,0.083333,0.141667,0.225,0.133333,0.316667,0.241667,0.604445,0.415508,1.620181
difficulty,Saturn,1024,1024-44,-0.9207,0.1,0.125,0.175,0.3,0.191667,0.075,0.541667,0.360865,0.23658,1.728088
difficulty,Saturn,1024,1024-45,-1.944503,0.1,0.141667,0.116667,0.258333,0.183333,0.0,0.708333,0.234413,0.293134,2.08568
difficulty,Saturn,1024,1024-46,2.42525,0.183333,0.15,0.191667,0.341667,0.225,0.583333,0.0,0.829001,0.229412,2.483067
difficulty,Saturn,1024,1024-47,-1.629288,0.133333,0.125,0.208333,0.333333,0.216667,0.0,0.591667,0.293619,0.297454,1.915908
difficulty,Saturn,1024,1024-48,0.371418,0.108333,0.083333,0.175,0.258333,0.158333,0.391667,0.258333,0.638607,0.255703,1.740689
difficulty,Saturn,1024,1024-49,0.901256,0.125,0.133333,0.125,0.258333,0.175,0.425,0.166667,0.675711,0.331281,1.808171
difficulty,Saturn,1024,1024-50,0.545248,0.083333,0.083333,0.141667,0.225,0.133333,0.341667,0.258333,0.593833,0.324542,1.64166
difficulty,Saturn,1024,1024-51,-1.769431,0.183333,0.166667,0.175,0.341667,0.258333,0.0,0.591667,0.293268,0.28517,1.725783
difficulty,Saturn,1024,1024-52,0.660271,0.2,0.183333,0.175,0.358333,0.283333,0.333333,0.166667,0.619813,0.31915,1.443599
difficulty,Saturn,1024,1024-53,0.355437,0.166667,0.141667,0.141667,0.283333,0.216667,0.3,0.291667,0.564488,0.32749,1.46947
difficulty,Saturn,1024,1024-54,0.715129,0.116667,0.1,0.158333,0.258333,0.166667,0.366667,0.225,0.631968,0.317727,1.668871
difficulty,Saturn,1024,1024-55,-2.183124,0.141667,0.15,0.066667,0.216667,0.208333,0.0,0.7,0.201385,0.253855,2.294022
difficulty,Saturn,1024,1024-56,-0.067843,0.091667,0.141667,0.066667,0.208333,0.166667,0.3,0.366667,0.52897,0.381319,1.587065
difficulty,Saturn,1024,1024-57,-0.675636,0.133333,0.091667,0.158333,0.25,0.183333,0.108333,0.541667,0.376647,0.306269,1.714915
difficulty,Saturn,1024,1024-58,-1.359565,0.158333,0.15,0.141667,0.291667,0.216667,0.0,0.591667,0.296981,0.317619,1.763582
difficulty,Saturn,1024,1024-59,-0.119658,0.133333,0.125,0.166667,0.291667,0.2,0.25,0.358333,0.520305,0.330045,1.603676
difficulty,Saturn,1024,1024-60,-1.509762,0.091667,0.1,0.15,0.25,0.141667,0.0,0.691667,0.249535,0.229222,2.157412
difficulty,Saturn,1024,1024-61,-0.053294,0.158333,0.15,0.158333,0.308333,0.225,0.15,0.4,0.471567,0.312179,1.442095
difficulty,Saturn,1024,1024-62,-0.899341,0.133333,0.116667,0.166667,0.283333,0.183333,0.083333,0.533333,0.380812,0.338451,1.55832
difficulty,Saturn,1024,1024-63,-0.333747,0.083333,0.108333,0.15,0.258333,0.158333,0.158333,0.4,0.457896,0.277404,1.585963
difficulty,Saturn,1024,1024-64,-0.226425,0.133333,0.158333,0.208333,0.366667,0.216667,0.191667,0.275,0.535976,0.323952,1.440922
difficulty,Saturn,1024,1024-65,-1.99674,0.141667,0.133333,0.133333,0.266667,0.225,0.0,0.65,0.234159,0.278106,2.04678
difficulty,Saturn,1024,1024-66,-0.072562,0.15,0.1,0.208333,0.308333,0.208333,0.233333,0.291667,0.539338,0.375792,1.460509
difficulty,Saturn,1024,1024-67,0.486877,0.108333,0.108333,0.141667,0.25,0.175,0.333333,0.291667,0.594996,0.340555,1.706271
difficulty,Saturn,1024,1024-68,-0.683814,0.108333,0.133333,0.166667,0.3,0.216667,0.141667,0.475,0.415041,0.344931,1.633916
difficulty,Saturn,1024,1024-69,-0.028345,0.125,0.175,0.116667,0.291667,0.233333,0.225,0.325,0.519678,0.357617,1.463584
difficulty,Saturn,1024,1024-70,0.225393,0.116667,0.15,0.166667,0.316667,0.2,0.291667,0.283333,0.588056,0.387737,1.588167
difficulty,Saturn,1024,1024-71,0.272283,0.15,0.125,0.166667,0.291667,0.216667,0.308333,0.241667,0.60334,0.388641,1.528077
difficulty,Saturn,1024,1024-72,-0.66278,0.183333,0.2,0.108333,0.308333,0.266667,0.116667,0.441667,0.40926,0.331225,1.528947
difficulty,Saturn,1024,1024-73,-0.075206,0.158333,0.15,0.183333,0.333333,0.258333,0.241667,0.291667,0.544628,0.329207,1.516761
difficulty,Saturn,1024,1024-74,-0.458991,0.091667,0.108333,0.116667,0.225,0.15,0.266667,0.366667,0.495046,0.358848,1.674062
difficulty,Saturn,1024,1024-75,0.190854,0.125,0.116667,0.125,0.241667,0.166667,0.283333,0.325,0.550721,0.391101,1.594483
difficulty,Saturn,1024,1024-76,2.172069,0.116667,0.116667,0.183333,0.3,0.175,0.616667,0.0,0.832045,0.248421,2.416513
difficulty,Saturn,1024,1024-77,1.061123,0.175,0.158333,0.166667,0.325,0.258333,0.4,0.158333,0.672134,0.370971,1.71603
difficulty,Saturn,1024,1024-78,0.513334,0.158333,0.141667,0.091667,0.233333,0.2,0.333333,0.258333,0.57867,0.332532,1.646843
difficulty,Saturn,1024,1024-79,0.467789,0.158333,0.133333,0.191667,0.325,0.225,0.266667,0.275,0.561626,0.354504,1.473916
difficulty,Saturn,1024,1024-80,-0.119441,0.183333,0.15,0.225,0.375,0.275,0.208333,0.283333,0.53452,0.415806,1.43624
difficulty,Saturn,1024,1024-81,0.257175,0.083333,0.141667,0.1,0.241667,0.158333,0.358333,0.258333,0.615799,0.312844,1.636132
difficulty,Saturn,1024,1024-82,0.520727,0.158333,0.15,0.15,0.3,0.233333,0.3,0.291667,0.577684,0.341106,1.576599
difficulty,Saturn,1024,1024-83,0.275461,0.175,0.158333,0.183333,0.341667,0.233333,0.258333,0.275,0.554808,0.333989,1.45509
difficulty,Saturn,1024,1024-84,2.118684,0.158333,0.166667,0.183333,0.35,0.241667,0.575,0.0,0.805491,0.33243,2.140039
difficulty,Saturn,1024,1024-85,-0.480852,0.133333,0.141667,0.216667,0.358333,0.233333,0.116667,0.433333,0.42582,0.309024,1.577563
difficulty,Saturn,1024,1024-86,0.653347,0.091667,0.108333,0.183333,0.291667,0.166667,0.325,0.258333,0.605503,0.370667,1.697288
difficulty,Saturn,1024,1024-87,-0.620066,0.15,0.083333,0.233333,0.316667,0.216667,0.208333,0.366667,0.508288,0.313425,1.494042
difficulty,Saturn,1024,1024-88,0.843938,0.15,0.133333,0.2,0.333333,0.216667,0.35,0.166667,0.662696,0.336026,1.614681
difficulty,Saturn,1024,1024-89,-0.260361,0.158333,0.133333,0.2,0.333333,0.241667,0.158333,0.375,0.47668,0.376321,1.521893
difficulty,Saturn,1024,1024-90,-1.307344,0.091667,0.1,0.125,0.225,0.15,0.016667,0.558333,0.316826,0.311897,1.653323
difficulty,Saturn,1024,1024-91,0.52292,0.15,0.141667,0.133333,0.275,0.2,0.366667,0.266667,0.616918,0.377127,1.731891
difficulty,Saturn,1024,1024-92,-0.040401,0.133333,0.141667,0.141667,0.283333,0.2,0.258333,0.366667,0.516373,0.400537,1.567505
difficulty,Saturn,1024,1024-93,-1.844562,0.133333,0.175,0.166667,0.341667,0.233333,0.0,0.566667,0.285128,0.441663,1.870603
difficulty,Saturn,1024,1024-94,0.138788,0.083333,0.125,0.083333,0.208333,0.166667,0.25,0.375,0.492963,0.383109,1.601281
difficulty,Saturn,1024,1024-95,0.282639,0.2,0.158333,0.208333,0.366667,0.266667,0.241667,0.25,0.571351,0.39324,1.409058
difficulty,Saturn,1024,1024-96,0.365249,0.158333,0.15,0.141667,0.291667,0.225,0.266667,0.283333,0.562592,0.312013,1.523977
difficulty,Saturn,1024,1024-97,0.169047,0.125,0.125,0.208333,0.333333,0.2,0.266667,0.25,0.577029,0.408803,1.475042
difficulty,Saturn,1024,1024-98,-1.388095,0.116667,0.191667,0.083333,0.275,0.225,0.008333,0.516667,0.325773,0.328662,1.655647
difficulty,Saturn,1024,1024-99,0.944657,0.158333,0.158333,0.166667,0.325,0.225,0.308333,0.291667,0.58292,0.325923,1.507478
difficulty,Saturn,1024,1024-100,0.052692,0.141667,0.133333,0.116667,0.25,0.208333,0.266667,0.325,0.516668,0.385028,1.501209
difficulty,Saturn,1024,1024-101,-0.434545,0.158333,0.133333,0.225,0.358333,0.275,0.133333,0.375,0.47005,0.372603,1.384214
difficulty,Saturn,1024,1024-102,-0.314861,0.158333,0.15,0.175,0.325,0.233333,0.175,0.366667,0.479202,0.441226,1.438611
difficulty,Saturn,1024,1024-103,0.09447,0.141667,0.158333,0.166667,0.325,0.225,0.275,0.291667,0.557943,0.256517,1.567553
difficulty,Saturn,1024,1024-104,-0.276964,0.158333,0.2,0.125,0.325,0.275,0.191667,0.383333,0.463718,0.323451,1.448463
difficulty,Saturn,1024,1024-105,1.162645,0.175,0.158333,0.166667,0.325,0.275,0.341667,0.175,0.644819,0.437833,1.522684
difficulty,Saturn,1024,1024-106,0.252362,0.116667,0.141667,0.15,0.291667,0.191667,0.316667,0.241667,0.591021,0.324392,1.590642
difficulty,Saturn,1024,1024-107,-0.848234,0.183333,0.175,0.158333,0.333333,0.266667,0.066667,0.458333,0.394334,0.408141,1.447077
difficulty,Saturn,1024,1024-108,0.229203,0.116667,0.15,0.166667,0.316667,0.2,0.325,0.25,0.596594,0.388965,1.549893
difficulty,Saturn,1024,1024-109,-0.803285,0.141667,0.166667,0.125,0.291667,0.233333,0.066667,0.491667,0.372054,0.43901,1.500142
difficulty,Saturn,1024,1024-110,-0.190562,0.108333,0.125,0.108333,0.233333,0.166667,0.25,0.383333,0.491318,0.291144,1.606996
difficulty,Saturn,1024,1024-111,-0.19398,0.141667,0.108333,0.175,0.283333,0.208333,0.225,0.358333,0.496523,0.423863,1.523343
difficulty,Saturn,1024,1024-112,-0.433928,0.166667,0.133333,0.191667,0.325,0.216667,0.133333,0.408333,0.442065,0.350023,1.452694
difficulty,Saturn,1024,1024-113,0.289044,0.15,0.15,0.175,0.325,0.233333,0.258333,0.316667,0.548291,0.378983,1.534441
difficulty,Saturn,1024,1024-114,0.537074,0.15,0.1,0.183333,0.283333,0.191667,0.325,0.25,0.597586,0.353961,1.596976
difficulty,Saturn,1024,1024-115,0.298362,0.15,0.108333,0.158333,0.266667,0.208333,0.258333,0.316667,0.552397,0.320275,1.564249
difficulty,Saturn,1024,1024-116,1.177182,0.191667,0.2,0.133333,0.333333,0.25,0.433333,0.133333,0.700484,0.352335,1.785471
difficulty,Saturn,1024,1024-117,1.564602,0.133333,0.075,0.166667,0.241667,0.183333,0.575,0.091667,0.757156,0.298466,2.068139
difficulty,Saturn,1024,1024-118,0.700849,0.2,0.175,0.183333,0.358333,0.266667,0.3,0.25,0.595578,0.416572,1.485887
difficulty,Saturn,1024,1024-119,-1.447227,0.1,0.108333,0.083333,0.191667,0.141667,0.0,0.691667,0.255606,0.210999,1.927149
difficulty,Saturn,1024,1024-120,0.2584,0.091667,0.058333,0.133333,0.191667,0.141667,0.341667,0.383333,0.532027,0.398923,1.663707
difficulty,Saturn,1024,1024-121,-2.292643,0.141667,0.133333,0.091667,0.225,0.225,0.0,0.683333,0.215227,0.315948,2.119965
difficulty,Saturn,1024,1024-122,0.040694,0.083333,0.15,0.091667,0.241667,0.175,0.283333,0.333333,0.525785,0.198342,1.642424
difficulty,Saturn,1024,1024-123,0.560079,0.125,0.091667,0.116667,0.208333,0.158333,0.4,0.208333,0.643552,0.346508,1.737969
difficulty,Saturn,1024,1024-124,-0.938357,0.116667,0.125,0.133333,0.258333,0.175,0.116667,0.475,0.384536,0.261,1.539487
difficulty,Saturn,1024,1024-125,-1.597581,0.158333,0.175,0.158333,0.333333,0.225,0.0,0.591667,0.30391,0.302957,1.794416
difficulty,Saturn,1024,1024-126,-0.841867,0.1,0.1,0.125,0.225,0.141667,0.091667,0.516667,0.377005,0.280941,1.627365
difficulty,Saturn,1024,1024-127,-0.289939,0.175,0.141667,0.175,0.316667,0.25,0.175,0.366667,0.480271,0.396641,1.452927
difficulty,Saturn,1024,1024-128,1.212432,0.141667,0.158333,0.15,0.308333,0.233333,0.433333,0.133333,0.681211,0.37774,1.658485
difficulty,Saturn,1024,1024-129,-0.611522,0.116667,0.083333,0.175,0.258333,0.158333,0.083333,0.483333,0.388471,0.355466,1.611236
difficulty,Saturn,1024,1024-130,1.19278,0.191667,0.191667,0.133333,0.325,0.283333,0.433333,0.108333,0.689653,0.362296,1.684493
difficulty,Saturn,1024,1024-131,0.036004,0.116667,0.1,0.2,0.3,0.166667,0.25,0.291667,0.557053,0.443094,1.519855
difficulty,Saturn,1024,1024-132,0.459359,0.108333,0.083333,0.125,0.208333,0.15,0.408333,0.3,0.604382,0.312058,1.752184
difficulty,Saturn,1024,1024-133,1.932302,0.125,0.1,0.116667,0.216667,0.175,0.583333,0.025,0.799745,0.269029,2.43906
difficulty,Saturn,1024,1024-134,-0.44433,0.066667,0.125,0.175,0.3,0.158333,0.116667,0.433333,0.437235,0.331959,1.515151
difficulty,Saturn,1024,1024-135,-0.388455,0.1,0.125,0.141667,0.266667,0.166667,0.116667,0.45,0.407129,0.367476,1.472105
difficulty,Saturn,1024,1024-136,1.419827,0.125,0.133333,0.175,0.308333,0.208333,0.483333,0.1,0.727832,0.29055,1.945922
difficulty,Saturn,1024,1024-137,-0.924784,0.133333,0.175,0.158333,0.333333,0.233333,0.05,0.525,0.3578,0.300064,1.583256
difficulty,Saturn,1024,1024-138,2.11632,0.208333,0.175,0.133333,0.308333,0.25,0.566667,0.0,0.809038,0.284548,2.166108
difficulty,Saturn,1024,1024-139,0.584726,0.141667,0.133333,0.166667,0.3,0.208333,0.408333,0.175,0.672625,0.281099,1.71346
difficulty,Saturn,1024,1024-140,0.501021,0.166667,0.116667,0.158333,0.275,0.208333,0.341667,0.2,0.611361,0.335557,1.593665
difficulty,Saturn,1024,1024-141,0.627165,0.1,0.108333,0.208333,0.316667,0.191667,0.258333,0.3,0.566755,0.392584,1.472403
difficulty,Saturn,1024,1024-142,0.788706,0.15,0.166667,0.125,0.291667,0.241667,0.4,0.2,0.648654,0.387795,1.691931
difficulty,Saturn,1024,1024-143,-1.001698,0.158333,0.125,0.208333,0.333333,0.216667,0.075,0.483333,0.384668,0.332897,1.625914
difficulty,Saturn,1024,1024-144,-1.463705,0.15,0.116667,0.183333,0.3,0.183333,0.0,0.575,0.323334,0.326234,1.731865
difficulty,Saturn,1024,1024-145,-0.324913,0.158333,0.1,0.191667,0.291667,0.208333,0.2,0.366667,0.4994,0.336708,1.45565
difficulty,Saturn,1024,1024-146,0.973946,0.166667,0.175,0.208333,0.383333,0.241667,0.358333,0.133333,0.667998,0.36234,1.581525
difficulty,Saturn,1024,1024-147,-0.26743,0.158333,0.133333,0.166667,0.3,0.216667,0.225,0.341667,0.52281,0.383429,1.532936
difficulty,Saturn,1024,1024-148,-0.356829,0.141667,0.141667,0.191667,0.333333,0.233333,0.183333,0.4,0.481836,0.344095,1.530815
difficulty,Saturn,1024,1024-149,-1.63242,0.133333,0.066667,0.183333,0.25,0.158333,0.0,0.625,0.271544,0.262364,1.947448
difficulty,Saturn,1024,1024-150,0.108571,0.133333,0.125,0.108333,0.233333,0.2,0.275,0.366667,0.523804,0.321504,1.587354
difficulty,Saturn,1024,1024-151,-1.035564,0.15,0.116667,0.133333,0.25,0.208333,0.108333,0.533333,0.365688,0.317344,1.65177
difficulty,Saturn,1024,1024-152,0.358833,0.166667,0.183333,0.166667,0.35,0.241667,0.291667,0.2,0.617432,0.332961,1.473837
difficulty,Saturn,1024,1024-153,-1.836732,0.175,0.158333,0.15,0.308333,0.241667,0.0,0.608333,0.272014,0.297316,1.880438
difficulty,Saturn,1024,1024-154,0.90746,0.125,0.125,0.166667,0.291667,0.208333,0.433333,0.175,0.667877,0.259247,1.854728
difficulty,Saturn,1024,1024-155,0.611797,0.108333,0.141667,0.083333,0.225,0.183333,0.391667,0.266667,0.608488,0.343747,1.757807
difficulty,Saturn,1024,1024-156,-1.085474,0.15,0.183333,0.1,0.283333,0.225,0.058333,0.566667,0.332451,0.308606,1.659762
difficulty,Saturn,1024,1024-157,-1.189078,0.15,0.158333,0.175,0.333333,0.225,0.041667,0.516667,0.360854,0.379089,1.686841
difficulty,Saturn,1024,1024-158,-0.159013,0.141667,0.108333,0.15,0.258333,0.191667,0.233333,0.375,0.494937,0.372941,1.574223
difficulty,Saturn,1024,1024-159,-1.710433,0.133333,0.1,0.175,0.275,0.166667,0.0,0.625,0.270063,0.222432,1.947411
difficulty,Saturn,1024,1024-160,-0.786836,0.116667,0.108333,0.166667,0.275,0.175,0.1,0.533333,0.380397,0.277359,1.726787
difficulty,Saturn,1024,1024-161,-2.156481,0.091667,0.108333,0.033333,0.141667,0.141667,0.0,0.775,0.158788,0.197375,2.464247
difficulty,Saturn,1024,1024-162,-0.614817,0.108333,0.1,0.141667,0.241667,0.166667,0.133333,0.458333,0.419341,0.381417,1.68079
difficulty,Saturn,1024,1024-163,0.513434,0.141667,0.116667,0.15,0.266667,0.208333,0.375,0.225,0.624049,0.324102,1.661978
difficulty,Saturn,1024,1024-164,-1.755263,0.116667,0.133333,0.175,0.308333,0.216667,0.0,0.608333,0.269228,0.289492,2.011596
difficulty,Saturn,1024,1024-165,0.375268,0.15,0.158333,0.175,0.333333,0.216667,0.308333,0.233333,0.61826,0.366576,1.559187
difficulty,Saturn,1024,1024-166,-0.368979,0.15,0.133333,0.15,0.283333,0.216667,0.216667,0.416667,0.467834,0.371791,1.566995
difficulty,Saturn,1024,1024-167,-0.433669,0.141667,0.141667,0.108333,0.25,0.191667,0.15,0.416667,0.419049,0.377246,1.460423
difficulty,Saturn,1024,1024-168,0.144424,0.1,0.108333,0.125,0.233333,0.158333,0.258333,0.316667,0.529481,0.407446,1.57333
difficulty,Saturn,1024,1024-169,0.734074,0.2,0.258333,0.141667,0.4,0.316667,0.325,0.15,0.619819,0.342929,1.466668
difficulty,Saturn,1024,1024-170,-2.060442,0.166667,0.1,0.141667,0.241667,0.216667,0.0,0.708333,0.227834,0.241073,2.044609
difficulty,Saturn,1024,1024-171,-2.302819,0.075,0.15,0.033333,0.183333,0.183333,0.0,0.725,0.183948,0.234761,2.245019
difficulty,Saturn,1024,1024-172,-0.315122,0.133333,0.116667,0.191667,0.308333,0.183333,0.208333,0.4,0.500197,0.365709,1.577742
difficulty,Saturn,1024,1024-173,-0.647231,0.083333,0.108333,0.141667,0.25,0.158333,0.108333,0.541667,0.366389,0.297196,1.674595
difficulty,Saturn,1024,1024-174,-1.658396,0.166667,0.141667,0.15,0.291667,0.216667,0.0,0.658333,0.255598,0.236508,2.04496
difficulty,Saturn,1024,1024-175,-0.474327,0.133333,0.133333,0.166667,0.3,0.216667,0.183333,0.358333,0.494117,0.312341,1.499057
difficulty,Saturn,1024,1024-176,0.116371,0.116667,0.116667,0.133333,0.25,0.191667,0.25,0.291667,0.545394,0.366011,1.467778
difficulty,Saturn,1024,1024-177,-0.195482,0.158333,0.166667,0.2,0.366667,0.241667,0.15,0.383333,0.470533,0.357363,1.454596
difficulty,Saturn,1024,1024-178,0.170587,0.125,0.15,0.141667,0.291667,0.2,0.3,0.316667,0.553831,0.380235,1.597612
difficulty,Saturn,1024,1024-179,-0.352184,0.091667,0.1,0.175,0.275,0.15,0.15,0.433333,0.460775,0.402593,1.605636
difficulty,Saturn,1024,1024-180,-0.788933,0.133333,0.125,0.15,0.275,0.2,0.083333,0.575,0.355655,0.291681,1.629956
difficulty,Saturn,1024,1024-181,-1.217064,0.158333,0.166667,0.125,0.291667,0.25,0.025,0.533333,0.347192,0.402419,1.636026
difficulty,Saturn,1024,1024-182,-0.716231,0.158333,0.125,0.183333,0.308333,0.191667,0.1,0.491667,0.385387,0.318886,1.609429
difficulty,Saturn,1024,1024-183,-0.03899,0.141667,0.091667,0.175,0.266667,0.191667,0.25,0.325,0.530001,0.313801,1.607376
difficulty,Saturn,1024,1024-184,0.154547,0.1,0.091667,0.133333,0.225,0.15,0.283333,0.358333,0.533292,0.370514,1.633362
difficulty,Saturn,1024,1024-185,-0.27275,0.133333,0.125,0.191667,0.316667,0.191667,0.241667,0.308333,0.547687,0.376544,1.5906
difficulty,Saturn,1024,1024-186,-1.152264,0.133333,0.108333,0.141667,0.25,0.2,0.025,0.591667,0.315278,0.202762,1.768537
difficulty,Saturn,1024,1024-187,1.514339,0.158333,0.108333,0.158333,0.266667,0.191667,0.475,0.066667,0.732545,0.281604,1.997742
difficulty,Saturn,1024,1024-188,-0.199393,0.191667,0.133333,0.158333,0.291667,0.225,0.266667,0.333333,0.522954,0.287607,1.548349
difficulty,Saturn,1024,1024-189,-1.046237,0.141667,0.175,0.166667,0.341667,0.258333,0.083333,0.433333,0.402534,0.359071,1.492089
difficulty,Saturn,1024,1024-190,0.696606,0.108333,0.133333,0.166667,0.3,0.191667,0.408333,0.183333,0.647957,0.37553,1.647747
difficulty,Saturn,1024,1024-191,-0.890197,0.133333,0.158333,0.108333,0.266667,0.208333,0.125,0.483333,0.407756,0.425312,1.594847
difficulty,Saturn,1024,1024-192,-0.583305,0.116667,0.125,0.166667,0.291667,0.191667,0.15,0.433333,0.439139,0.329408,1.566458
difficulty,Saturn,1024,1024-193,1.315357,0.125,0.191667,0.15,0.341667,0.216667,0.416667,0.125,0.693869,0.327402,1.791081
difficulty,Saturn,1024,1024-194,-0.921093,0.166667,0.158333,0.166667,0.325,0.225,0.091667,0.416667,0.406546,0.354742,1.619263
difficulty,Saturn,1024,1024-195,-1.033055,0.141667,0.133333,0.141667,0.275,0.2,0.116667,0.475,0.40379,0.388124,1.63626
difficulty,Saturn,1024,1024-196,0.791634,0.225,0.2,0.175,0.375,0.308333,0.325,0.175,0.624947,0.321346,1.494084
difficulty,Saturn,1024,1024-197,-1.046091,0.133333,0.166667,0.191667,0.358333,0.233333,0.083333,0.416667,0.411938,0.404287,1.46895
difficulty,Saturn,1024,1024-198,-0.344008,0.075,0.108333,0.141667,0.25,0.15,0.166667,0.475,0.422873,0.318863,1.619092
difficulty,Saturn,1024,1024-199,0.002774,0.108333,0.175,0.133333,0.308333,0.225,0.233333,0.35,0.498478,0.233366,1.478577
difficulty,Saturn,2026,2026-0,-0.793122,0.2,0.116667,0.208333,0.325,0.25,0.066667,0.525,0.360273,0.405015,1.594626
difficulty,Saturn,2026,2026-1,0.240571,0.141667,0.15,0.133333,0.283333,0.191667,0.25,0.325,0.549131,0.386783,1.53223
difficulty,Saturn,2026,2026-2,-1.896326,0.133333,0.141667,0.175,0.316667,0.208333,0.0,0.608333,0.28101,0.404078,1.804093
difficulty,Saturn,2026,2026-3,1.395772,0.125,0.116667,0.208333,0.325,0.2,0.491667,0.058333,0.747968,0.411593,1.889669
difficulty,Saturn,2026,2026-4,0.638295,0.15,0.15,0.2,0.35,0.225,0.375,0.175,0.65981,0.430612,1.606785
difficulty,Saturn,2026,2026-5,-0.292047,0.133333,0.141667,0.125,0.266667,0.216667,0.191667,0.383333,0.47864,0.422881,1.499102
difficulty,Saturn,2026,2026-6,-0.311949,0.108333,0.191667,0.166667,0.358333,0.241667,0.133333,0.341667,0.479716,0.362546,1.315939
difficulty,Saturn,2026,2026-7,0.303835,0.15,0.125,0.133333,0.258333,0.2,0.241667,0.341667,0.515707,0.41558,1.515797
difficulty,Saturn,2026,2026-8,-0.26766,0.1,0.108333,0.175,0.283333,0.158333,0.15,0.4,0.477725,0.453753,1.545721
difficulty,Saturn,2026,2026-9,-0.225909,0.083333,0.125,0.15,0.275,0.175,0.233333,0.366667,0.489834,0.332302,1.624029
difficulty,Saturn,2026,2026-10,0.720068,0.133333,0.141667,0.125,0.266667,0.183333,0.391667,0.166667,0.661212,0.375352,1.707398
difficulty,Saturn,2026,2026-11,0.514705,0.141667,0.108333,0.183333,0.291667,0.183333,0.3,0.291667,0.592746,0.316763,1.619682
difficulty,Saturn,2026,2026-12,-0.064128,0.183333,0.133333,0.158333,0.291667,0.216667,0.258333,0.316667,0.530672,0.318645,1.473982
difficulty,Saturn,2026,2026-13,-0.085477,0.108333,0.15,0.108333,0.258333,0.2,0.175,0.433333,0.431547,0.330201,1.517894
difficulty,Saturn,2026,2026-14,0.160916,0.141667,0.108333,0.175,0.283333,0.191667,0.266667,0.375,0.517501,0.293278,1.605853
difficulty,Saturn,2026,2026-15,-0.614018,0.15,0.158333,0.141667,0.3,0.233333,0.125,0.441667,0.39881,0.395109,1.590623
difficulty,Saturn,2026,2026-16,-0.40375,0.108333,0.133333,0.141667,0.275,0.175,0.175,0.391667,0.462342,0.310309,1.533452
difficulty,Saturn,2026,2026-17,0.54826,0.15,0.175,0.108333,0.283333,0.225,0.341667,0.25,0.595867,0.322757,1.494639
difficulty,Saturn,2026,2026-18,-0.130483,0.133333,0.158333,0.158333,0.316667,0.225,0.241667,0.375,0.505021,0.299845,1.516551
difficulty,Saturn,2026,2026-19,-1.374426,0.175,0.183333,0.15,0.333333,0.241667,0.0,0.516667,0.329615,0.3746,1.601682
difficulty,Saturn,2026,2026-20,-0.477279,0.116667,0.141667,0.15,0.291667,0.216667,0.141667,0.425,0.442324,0.298043,1.520562
difficulty,Saturn,2026,2026-21,0.656622,0.116667,0.091667,0.183333,0.275,0.158333,0.366667,0.233333,0.634493,0.299868,1.758321
difficulty,Saturn,2026,2026-22,-0.232283,0.175,0.175,0.15,0.325,0.25,0.191667,0.325,0.486106,0.412019,1.447718
difficulty,Saturn,2026,2026-23,-0.148733,0.116667,0.141667,0.15,0.291667,0.183333,0.191667,0.383333,0.492495,0.421625,1.462715
difficulty,Saturn,2026,2026-24,0.641837,0.158333,0.133333,0.175,0.308333,0.225,0.391667,0.166667,0.65185,0.297629,1.632768
difficulty,Saturn,2026,2026-25,1.82461,0.258333,0.216667,0.191667,0.408333,0.341667,0.45,0.025,0.741726,0.430954,1.869916
difficulty,Saturn,2026,2026-26,-0.713189,0.116667,0.116667,0.175,0.291667,0.183333,0.158333,0.408333,0.453387,0.343988,1.433918
difficulty,Saturn,2026,2026-27,1.348207,0.141667,0.125,0.141667,0.266667,0.2,0.491667,0.108333,0.724095,0.314952,1.886541
difficulty,Saturn,2026,2026-28,-1.230013,0.125,0.166667,0.125,0.291667,0.191667,0.033333,0.491667,0.339833,0.374799,1.601488
difficulty,Saturn,2026,2026-29,0.174978,0.166667,0.166667,0.183333,0.35,0.241667,0.2,0.308333,0.533654,0.465709,1.356886
difficulty,Saturn,2026,2026-30,-1.16953,0.175,0.2,0.208333,0.408333,0.283333,0.083333,0.408333,0.411302,0.300216,1.477427
difficulty,Saturn,2026,2026-31,1.351458,0.133333,0.075,0.15,0.225,0.15,0.525,0.1,0.737288,0.273332,2.048598
difficulty,Saturn,2026,2026-32,0.833923,0.116667,0.133333,0.125,0.258333,0.191667,0.425,0.15,0.690635,0.351491,1.822255
difficulty,Saturn,2026,2026-33,1.137717,0.158333,0.183333,0.183333,0.366667,0.258333,0.4,0.116667,0.686653,0.316357,1.651496
difficulty,Saturn,2026,2026-34,-0.885533,0.125,0.183333,0.191667,0.375,0.25,0.033333,0.491667,0.367184,0.329921,1.489425
difficulty,Saturn,2026,2026-35,0.684555,0.141667,0.108333,0.183333,0.291667,0.2,0.291667,0.275,0.586654,0.336764,1.57318
difficulty,Saturn,2026,2026-36,-0.519013,0.133333,0.1,0.208333,0.308333,0.208333,0.175,0.383333,0.495298,0.345118,1.573941
difficulty,Saturn,2026,2026-37,-0.457385,0.166667,0.15,0.15,0.3,0.233333,0.158333,0.458333,0.438011,0.398821,1.521748
difficulty,Saturn,2026,2026-38,0.506537,0.091667,0.15,0.15,0.3,0.2,0.333333,0.208333,0.612963,0.389322,1.610463
difficulty,Saturn,2026,2026-39,0.876718,0.133333,0.125,0.166667,0.291667,0.2,0.4,0.175,0.668555,0.331932,1.684761
difficulty,Saturn,2026,2026-40,0.20442,0.1,0.116667,0.191667,0.308333,0.175,0.25,0.291667,0.56648,0.348761,1.557101
difficulty,Saturn,2026,2026-41,-0.627987,0.133333,0.058333,0.183333,0.241667,0.158333,0.125,0.466667,0.415761,0.374515,1.601233
difficulty,Saturn,2026,2026-42,-0.825817,0.1,0.091667,0.166667,0.258333,0.141667,0.141667,0.458333,0.419674,0.378193,1.673045
difficulty,Saturn,2026,2026-43,1.444317,0.166667,0.133333,0.141667,0.275,0.216667,0.475,0.125,0.7192,0.271117,1.921214
difficulty,Saturn,2026,2026-44,0.593946,0.125,0.133333,0.15,0.283333,0.2,0.358333,0.241667,0.608898,0.338605,1.612126
difficulty,Saturn,2026,2026-45,0.719728,0.125,0.133333,0.141667,0.275,0.191667,0.408333,0.175,0.658348,0.383096,1.725466
difficulty,Saturn,2026,2026-46,2.183488,0.15,0.15,0.133333,0.283333,0.216667,0.566667,0.0,0.81296,0.25858,2.166789
difficulty,Saturn,2026,2026-47,-0.815863,0.108333,0.133333,0.15,0.283333,0.191667,0.083333,0.508333,0.381491,0.323676,1.618174
difficulty,Saturn,2026,2026-48,2.559458,0.158333,0.125,0.175,0.3,0.208333,0.65,0.0,0.845743,0.286343,2.625239
difficulty,Saturn,2026,2026-49,3.150908,0.091667,0.025,0.158333,0.183333,0.091667,0.741667,0.0,0.902701,0.184538,3.260255
difficulty,Saturn,2026,2026-50,1.618413,0.125,0.1,0.133333,0.233333,0.175,0.516667,0.075,0.74632,0.295647,2.046292
difficulty,Saturn,2026,2026-51,0.827107,0.133333,0.166667,0.116667,0.283333,0.216667,0.375,0.241667,0.615726,0.306876,1.620604
difficulty,Saturn,2026,2026-52,-0.663822,0.125,0.091667,0.175,0.266667,0.158333,0.2,0.45,0.454984,0.389612,1.683798
difficulty,Saturn,2026,2026-53,0.994486,0.141667,0.125,0.133333,0.258333,0.208333,0.483333,0.15,0.696894,0.356867,1.868365
difficulty,Saturn,2026,2026-54,-0.442692,0.133333,0.091667,0.183333,0.275,0.175,0.15,0.475,0.431522,0.348668,1.548405
difficulty,Saturn,2026,2026-55,-0.021651,0.15,0.108333,0.158333,0.266667,0.2,0.241667,0.35,0.523923,0.298791,1.472716
difficulty,Saturn,2026,2026-56,-0.290433,0.1,0.141667,0.158333,0.3,0.183333,0.25,0.383333,0.496516,0.448095,1.60528
difficulty,Saturn,2026,2026-57,0.28383,0.15,0.108333,0.141667,0.25,0.2,0.325,0.3,0.579326,0.324519,1.596557
difficulty,Saturn,2026,2026-58,1.288078,0.133333,0.108333,0.15,0.258333,0.158333,0.5,0.075,0.756444,0.254765,2.021221
difficulty,Saturn,2026,2026-59,-0.555584,0.1,0.175,0.183333,0.358333,0.225,0.15,0.358333,0.465383,0.360311,1.480562
difficulty,Saturn,2026,2026-60,-0.985404,0.158333,0.166667,0.141667,0.308333,0.233333,0.083333,0.433333,0.40237,0.437687,1.530205
difficulty,Saturn,2026,2026-61,-1.002957,0.15,0.15,0.133333,0.283333,0.233333,0.058333,0.525,0.343445,0.368017,1.585622
difficulty,Saturn,2026,2026-62,-0.968277,0.116667,0.166667,0.15,0.316667,0.233333,0.05,0.5,0.364282,0.325115,1.660389
difficulty,Saturn,2026,2026-63,-1.431103,0.125,0.125,0.133333,0.258333,0.191667,0.0,0.625,0.27862,0.206075,1.913572
difficulty,Saturn,2026,2026-64,-0.912934,0.166667,0.166667,0.166667,0.333333,0.258333,0.091667,0.475,0.393932,0.344244,1.485062
difficulty,Saturn,2026,2026-65,1.293266,0.208333,0.191667,0.15,0.341667,0.283333,0.4,0.133333,0.677527,0.307159,1.643637
difficulty,Saturn,2026,2026-66,-0.593312,0.133333,0.141667,0.133333,0.275,0.225,0.2,0.391667,0.466972,0.4063,1.565887
difficulty,Saturn,2026,2026-67,0.257108,0.125,0.15,0.133333,0.283333,0.191667,0.283333,0.3,0.549641,0.400665,1.498318
difficulty,Saturn,2026,2026-68,-1.216894,0.116667,0.108333,0.091667,0.2,0.175,0.041667,0.591667,0.305081,0.258873,1.841153
difficulty,Saturn,2026,2026-69,0.169651,0.175,0.141667,0.183333,0.325,0.266667,0.25,0.308333,0.534964,0.448297,1.485731
difficulty,Saturn,2026,2026-70,-1.740781,0.133333,0.15,0.108333,0.258333,0.216667,0.0,0.641667,0.235976,0.251745,2.076662
difficulty,Saturn,2026,2026-71,-0.698756,0.125,0.125,0.141667,0.266667,0.191667,0.1,0.4,0.434089,0.347192,1.435177
difficulty,Saturn,2026,2026-72,2.254539,0.141667,0.133333,0.15,0.283333,0.183333,0.608333,0.0,0.82727,0.259654,2.462178
difficulty,Saturn,2026,2026-73,-0.58297,0.108333,0.108333,0.125,0.233333,0.183333,0.166667,0.475,0.42297,0.309821,1.628818
difficulty,Saturn,2026,2026-74,1.119976,0.158333,0.158333,0.133333,0.291667,0.233333,0.433333,0.075,0.704365,0.281657,1.709745
difficulty,Saturn,2026,2026-75,0.455054,0.158333,0.158333,0.208333,0.366667,0.233333,0.333333,0.166667,0.648047,0.321789,1.50727
difficulty,Saturn,2026,2026-76,-0.152986,0.108333,0.141667,0.141667,0.283333,0.191667,0.2,0.316667,0.486834,0.354282,1.527467
difficulty,Saturn,2026,2026-77,-0.652107,0.15,0.175,0.141667,0.316667,0.258333,0.133333,0.433333,0.429042,0.389643,1.527094
difficulty,Saturn,2026,2026-78,1.286909,0.158333,0.133333,0.208333,0.341667,0.233333,0.441667,0.108333,0.706436,0.264978,1.808509
difficulty,Saturn,2026,2026-79,-0.177383,0.125,0.1,0.15,0.25,0.175,0.216667,0.4,0.477018,0.300886,1.547068
difficulty,Saturn,2026,2026-80,1.527424,0.15,0.158333,0.141667,0.3,0.216667,0.466667,0.091667,0.727256,0.32255,1.911556
difficulty,Saturn,2026,2026-81,-0.719079,0.108333,0.175,0.141667,0.316667,0.225,0.158333,0.4,0.436975,0.364298,1.569965
difficulty,Saturn,2026,2026-82,0.057339,0.158333,0.133333,0.183333,0.316667,0.216667,0.275,0.283333,0.571266,0.331909,1.599546
difficulty,Saturn,2026,2026-83,0.465499,0.116667,0.166667,0.141667,0.308333,0.225,0.333333,0.241667,0.594025,0.332244,1.53135
difficulty,Saturn,2026,2026-84,0.37316,0.166667,0.133333,0.166667,0.3,0.233333,0.3,0.225,0.587531,0.33893,1.536809
difficulty,Saturn,2026,2026-85,-1.233802,0.125,0.125,0.166667,0.291667,0.183333,0.033333,0.541667,0.353175,0.377013,1.691014
difficulty,Saturn,2026,2026-86,-0.664063,0.183333,0.15,0.175,0.325,0.25,0.125,0.391667,0.442225,0.296551,1.462796
difficulty,Saturn,2026,2026-87,-0.19598,0.183333,0.191667,0.225,0.416667,0.266667,0.141667,0.275,0.511059,0.417338,1.324295
difficulty,Saturn,2026,2026-88,-0.853699,0.183333,0.141667,0.183333,0.325,0.266667,0.116667,0.45,0.415616,0.330509,1.470055
difficulty,Saturn,2026,2026-89,0.677325,0.116667,0.116667,0.141667,0.258333,0.166667,0.333333,0.225,0.612172,0.332026,1.594959
difficulty,Saturn,2026,2026-90,0.588019,0.1,0.141667,0.15,0.291667,0.191667,0.325,0.291667,0.592221,0.383367,1.602995
difficulty,Saturn,2026,2026-91,-1.957084,0.091667,0.141667,0.066667,0.208333,0.175,0.0,0.7,0.201737,0.252849,2.186681
difficulty,Saturn,2026,2026-92,-1.805254,0.141667,0.108333,0.183333,0.291667,0.216667,0.0,0.65,0.255221,0.362711,2.050125
difficulty,Saturn,2026,2026-93,-1.281563,0.183333,0.116667,0.225,0.341667,0.225,0.025,0.491667,0.378819,0.338683,1.67011
difficulty,Saturn,2026,2026-94,0.11726,0.116667,0.15,0.125,0.275,0.183333,0.216667,0.341667,0.512514,0.293093,1.563204
difficulty,Saturn,2026,2026-95,2.033173,0.116667,0.116667,0.125,0.241667,0.175,0.641667,0.0,0.816933,0.272061,2.471648
difficulty,Saturn,2026,2026-96,-0.382356,0.133333,0.141667,0.133333,0.275,0.208333,0.183333,0.383333,0.485222,0.324569,1.498234
difficulty,Saturn,2026,2026-97,0.250651,0.141667,0.15,0.175,0.325,0.208333,0.25,0.266667,0.56602,0.378496,1.498526
difficulty,Saturn,2026,2026-98,-1.063112,0.15,0.1,0.15,0.25,0.183333,0.066667,0.55,0.354191,0.267454,1.75382
difficulty,Saturn,2026,2026-99,-1.046836,0.166667,0.058333,0.283333,0.341667,0.191667,0.05,0.491667,0.388367,0.305846,1.710104
difficulty,Saturn,2026,2026-100,-1.957228,0.158333,0.141667,0.133333,0.275,0.241667,0.0,0.65,0.244075,0.290899,1.946864
difficulty,Saturn,2026,2026-101,-0.028344,0.175,0.15,0.216667,0.366667,0.25,0.225,0.25,0.569554,0.428542,1.419418
difficulty,Saturn,2026,2026-102,0.947217,0.133333,0.125,0.125,0.25,0.183333,0.45,0.116667,0.695286,0.323032,1.753263
difficulty,Saturn,2026,2026-103,-0.356714,0.15,0.141667,0.166667,0.308333,0.208333,0.175,0.325,0.484812,0.344498,1.424085
difficulty,Saturn,2026,2026-104,1.396453,0.15,0.133333,0.233333,0.366667,0.241667,0.391667,0.116667,0.698718,0.342548,1.734261
difficulty,Saturn,2026,2026-105,0.197855,0.175,0.141667,0.216667,0.358333,0.225,0.208333,0.291667,0.537865,0.355778,1.469778
difficulty,Saturn,2026,2026-106,-0.036412,0.066667,0.091667,0.1,0.191667,0.125,0.291667,0.391667,0.521876,0.360093,1.704586
difficulty,Saturn,2026,2026-107,0.517254,0.116667,0.125,0.166667,0.291667,0.2,0.3,0.291667,0.571759,0.338888,1.545092
difficulty,Saturn,2026,2026-108,0.487378,0.158333,0.166667,0.166667,0.333333,0.241667,0.291667,0.241667,0.586281,0.353486,1.459586
difficulty,Saturn,2026,2026-109,1.147806,0.108333,0.15,0.191667,0.341667,0.216667,0.325,0.141667,0.63807,0.319068,1.550641
difficulty,Saturn,2026,2026-110,-0.801954,0.158333,0.116667,0.183333,0.3,0.208333,0.091667,0.516667,0.387998,0.294375,1.591556
difficulty,Saturn,2026,2026-111,-2.288049,0.125,0.133333,0.083333,0.216667,0.216667,0.0,0.758333,0.185568,0.244973,2.385781
difficulty,Saturn,2026,2026-112,0.114747,0.041667,0.1,0.183333,0.283333,0.125,0.316667,0.266667,0.587832,0.318458,1.602881
difficulty,Saturn,2026,2026-113,-0.611675,0.15,0.108333,0.191667,0.3,0.191667,0.141667,0.425,0.433835,0.32044,1.555031
difficulty,Saturn,2026,2026-114,-0.027177,0.191667,0.175,0.166667,0.341667,0.275,0.258333,0.316667,0.523093,0.4906,1.488003
difficulty,Saturn,2026,2026-115,1.6643,0.141667,0.108333,0.133333,0.241667,0.183333,0.508333,0.083333,0.742601,0.27663,2.015836
difficulty,Saturn,2026,2026-116,-1.102842,0.133333,0.116667,0.133333,0.25,0.191667,0.025,0.583333,0.309482,0.258038,1.710967
difficulty,Saturn,2026,2026-117,0.764797,0.108333,0.125,0.125,0.25,0.183333,0.45,0.2,0.660918,0.387301,1.741701
difficulty,Saturn,2026,2026-118,0.945868,0.191667,0.216667,0.216667,0.433333,0.316667,0.341667,0.15,0.650992,0.372179,1.477344
difficulty,Saturn,2026,2026-119,0.460736,0.166667,0.108333,0.191667,0.3,0.225,0.241667,0.283333,0.549835,0.384874,1.452044
difficulty,Saturn,2026,2026-120,1.118508,0.116667,0.141667,0.158333,0.3,0.2,0.45,0.108333,0.706233,0.299898,1.794868
difficulty,Saturn,2026,2026-121,-0.458362,0.15,0.125,0.216667,0.341667,0.225,0.158333,0.391667,0.485359,0.472268,1.446194
difficulty,Saturn,2026,2026-122,-0.68151,0.141667,0.116667,0.108333,0.225,0.183333,0.1,0.508333,0.395311,0.51301,1.49769
difficulty,Saturn,2026,2026-123,1.038983,0.108333,0.15,0.091667,0.241667,0.183333,0.466667,0.183333,0.671712,0.319664,1.85737
difficulty,Saturn,2026,2026-124,0.7203,0.075,0.116667,0.158333,0.275,0.15,0.425,0.183333,0.672046,0.260678,1.762066
difficulty,Saturn,2026,2026-125,1.390378,0.133333,0.091667,0.208333,0.3,0.183333,0.458333,0.141667,0.717209,0.316656,1.876438
difficulty,Saturn,2026,2026-126,0.21229,0.141667,0.15,0.2,0.35,0.233333,0.291667,0.258333,0.578313,0.316268,1.442631
difficulty,Saturn,2026,2026-127,1.623563,0.116667,0.091667,0.208333,0.3,0.166667,0.508333,0.05,0.758308,0.301519,2.080972
difficulty,Saturn,2026,2026-128,-0.28208,0.141667,0.141667,0.15,0.291667,0.208333,0.216667,0.341667,0.498528,0.410765,1.46929
difficulty,Saturn,2026,2026-129,-1.060329,0.158333,0.15,0.15,0.3,0.216667,0.05,0.45,0.386084,0.37225,1.610004
difficulty,Saturn,2026,2026-130,-2.037089,0.166667,0.15,0.1,0.25,0.208333,0.0,0.658333,0.238714,0.229459,2.063545
difficulty,Saturn,2026,2026-131,-1.101401,0.133333,0.108333,0.166667,0.275,0.183333,0.033333,0.508333,0.360902,0.393458,1.653584
difficulty,Saturn,2026,2026-132,0.818504,0.091667,0.108333,0.091667,0.2,0.133333,0.408333,0.241667,0.641127,0.299717,1.795517
difficulty,Saturn,2026,2026-133,-1.464929,0.141667,0.158333,0.091667,0.25,0.216667,0.0,0.608333,0.269143,0.284504,1.86027
difficulty,Saturn,2026,2026-134,-0.452364,0.216667,0.125,0.208333,0.333333,0.258333,0.108333,0.416667,0.435269,0.3542,1.398284
difficulty,Saturn,2026,2026-135,2.106584,0.141667,0.1,0.166667,0.266667,0.175,0.625,0.0,0.823185,0.298447,2.485431
difficulty,Saturn,2026,2026-136,0.846796,0.108333,0.108333,0.158333,0.266667,0.15,0.383333,0.175,0.659527,0.33736,1.690734
difficulty,Saturn,2026,2026-137,1.790985,0.116667,0.091667,0.15,0.241667,0.15,0.575,0.008333,0.81331,0.317706,2.288169
difficulty,Saturn,2026,2026-138,-0.991562,0.116667,0.158333,0.075,0.233333,0.183333,0.066667,0.541667,0.325914,0.346676,1.708369
difficulty,Saturn,2026,2026-139,-2.459975,0.091667,0.158333,0.016667,0.175,0.175,0.0,0.75,0.168378,0.323254,2.472685
difficulty,Saturn,2026,2026-140,1.516381,0.133333,0.133333,0.116667,0.25,0.191667,0.516667,0.066667,0.731301,0.351045,1.893674
difficulty,Saturn,2026,2026-141,-1.416943,0.108333,0.108333,0.125,0.233333,0.166667,0.008333,0.633333,0.281101,0.312935,2.002902
difficulty,Saturn,2026,2026-142,0.090924,0.125,0.125,0.141667,0.266667,0.183333,0.241667,0.358333,0.500986,0.352842,1.536372
difficulty,Saturn,2026,2026-143,0.217093,0.125,0.125,0.175,0.3,0.2,0.308333,0.291667,0.574311,0.362195,1.634914
difficulty,Saturn,2026,2026-144,-0.948896,0.15,0.15,0.158333,0.308333,0.225,0.033333,0.575,0.326972,0.259027,1.665279
difficulty,Saturn,2026,2026-145,1.552633,0.066667,0.141667,0.1,0.241667,0.166667,0.525,0.083333,0.731352,0.29516,1.911616
difficulty,Saturn,2026,2026-146,1.549338,0.175,0.141667,0.2,0.341667,0.241667,0.491667,0.083333,0.746929,0.365369,1.93627
difficulty,Saturn,2026,2026-147,0.551444,0.108333,0.091667,0.2,0.291667,0.166667,0.308333,0.308333,0.571217,0.333069,1.616709
difficulty,Saturn,2026,2026-148,-0.029491,0.083333,0.125,0.125,0.25,0.158333,0.266667,0.35,0.508633,0.386646,1.530189
difficulty,Saturn,2026,2026-149,0.191437,0.116667,0.15,0.191667,0.341667,0.208333,0.316667,0.233333,0.59311,0.413681,1.502413
difficulty,Saturn,2026,2026-150,-1.095908,0.166667,0.141667,0.183333,0.325,0.233333,0.05,0.516667,0.364843,0.384527,1.511894
difficulty,Saturn,2026,2026-151,-0.239064,0.166667,0.108333,0.208333,0.316667,0.208333,0.2,0.333333,0.529977,0.402067,1.461832
difficulty,Saturn,2026,2026-152,-0.104933,0.108333,0.158333,0.125,0.283333,0.216667,0.241667,0.358333,0.509975,0.392136,1.551581
difficulty,Saturn,2026,2026-153,-0.852233,0.116667,0.108333,0.15,0.258333,0.158333,0.108333,0.483333,0.406329,0.312776,1.572935
difficulty,Saturn,2026,2026-154,0.849215,0.108333,0.083333,0.133333,0.216667,0.141667,0.466667,0.158333,0.675479,0.344248,1.824753
difficulty,Saturn,2026,2026-155,-1.426481,0.141667,0.15,0.125,0.275,0.216667,0.0,0.633333,0.278082,0.298878,1.927782
difficulty,Saturn,2026,2026-156,-0.453419,0.125,0.15,0.133333,0.283333,0.208333,0.175,0.416667,0.436247,0.315723,1.543469
difficulty,Saturn,2026,2026-157,-2.252878,0.175,0.183333,0.05,0.233333,0.233333,0.0,0.708333,0.198853,0.257765,2.345444
difficulty,Saturn,2026,2026-158,0.496819,0.158333,0.158333,0.158333,0.316667,0.233333,0.366667,0.208333,0.62309,0.316615,1.601226
difficulty,Saturn,2026,2026-159,0.742605,0.175,0.116667,0.2,0.316667,0.225,0.291667,0.241667,0.602653,0.355652,1.57596
difficulty,Saturn,2026,2026-160,0.621292,0.133333,0.116667,0.166667,0.283333,0.216667,0.375,0.225,0.617586,0.338894,1.69846
difficulty,Saturn,2026,2026-161,2.918087,0.158333,0.075,0.158333,0.233333,0.158333,0.733333,0.0,0.88369,0.19654,3.056392
difficulty,Saturn,2026,2026-162,0.939791,0.141667,0.133333,0.158333,0.291667,0.216667,0.458333,0.175,0.686237,0.275176,1.803374
difficulty,Saturn,2026,2026-163,-0.941991,0.166667,0.116667,0.15,0.266667,0.216667,0.1,0.516667,0.382856,0.341302,1.675458
difficulty,Saturn,2026,2026-164,2.66354,0.125,0.1,0.183333,0.283333,0.175,0.65,0.0,0.860437,0.201265,2.662234
difficulty,Saturn,2026,2026-165,-0.920318,0.133333,0.15,0.158333,0.308333,0.208333,0.116667,0.491667,0.401445,0.292231,1.666797
difficulty,Saturn,2026,2026-166,0.788739,0.133333,0.075,0.15,0.225,0.15,0.458333,0.216667,0.682683,0.269791,1.902792
difficulty,Saturn,2026,2026-167,0.743128,0.158333,0.116667,0.15,0.266667,0.208333,0.391667,0.191667,0.651079,0.402244,1.664802
difficulty,Saturn,2026,2026-168,-0.879723,0.2,0.133333,0.241667,0.375,0.25,0.083333,0.441667,0.41421,0.400699,1.552882
difficulty,Saturn,2026,2026-169,1.395349,0.15,0.133333,0.141667,0.275,0.208333,0.5,0.091667,0.731718,0.20866,1.961671
difficulty,Saturn,2026,2026-170,0.354594,0.141667,0.141667,0.15,0.291667,0.2,0.258333,0.333333,0.549484,0.354773,1.486475
difficulty,Saturn,2026,2026-171,0.570955,0.166667,0.15,0.158333,0.308333,0.208333,0.275,0.333333,0.550781,0.333643,1.500926
difficulty,Saturn,2026,2026-172,-0.675733,0.141667,0.208333,0.141667,0.35,0.25,0.1,0.408333,0.43299,0.404519,1.430973
difficulty,Saturn,2026,2026-173,1.302633,0.166667,0.133333,0.183333,0.316667,0.225,0.383333,0.125,0.676643,0.333589,1.676752
difficulty,Saturn,2026,2026-174,-0.860938,0.116667,0.15,0.15,0.3,0.2,0.108333,0.466667,0.38133,0.367069,1.582261
difficulty,Saturn,2026,2026-175,-1.779159,0.108333,0.183333,0.125,0.308333,0.25,0.0,0.65,0.243677,0.192693,2.092236
difficulty,Saturn,2026,2026-176,1.425127,0.116667,0.133333,0.2,0.333333,0.216667,0.466667,0.075,0.728079,0.391481,1.892723
difficulty,Saturn,2026,2026-177,-0.426729,0.116667,0.133333,0.116667,0.25,0.183333,0.166667,0.425,0.434346,0.261965,1.590461
difficulty,Saturn,2026,2026-178,0.04337,0.108333,0.133333,0.158333,0.291667,0.208333,0.258333,0.3,0.540014,0.397842,1.517114
difficulty,Saturn,2026,2026-179,1.922757,0.15,0.158333,0.166667,0.325,0.241667,0.583333,0.008333,0.795175,0.271675,2.317061
difficulty,Saturn,2026,2026-180,1.136491,0.183333,0.141667,0.133333,0.275,0.225,0.383333,0.175,0.665525,0.34273,1.754327
difficulty,Saturn,2026,2026-181,0.632709,0.141667,0.183333,0.183333,0.366667,0.25,0.391667,0.141667,0.678343,0.301108,1.699593
difficulty,Saturn,2026,2026-182,1.069914,0.125,0.141667,0.133333,0.275,0.225,0.441667,0.166667,0.663942,0.400192,1.772322
difficulty,Saturn,2026,2026-183,-0.727509,0.133333,0.15,0.166667,0.316667,0.2,0.075,0.508333,0.377855,0.31789,1.579348
difficulty,Saturn,2026,2026-184,0.753089,0.091667,0.058333,0.125,0.183333,0.125,0.433333,0.216667,0.66025,0.359489,1.871421
difficulty,Saturn,2026,2026-185,1.109937,0.166667,0.166667,0.15,0.316667,0.216667,0.383333,0.125,0.66225,0.388814,1.631788
difficulty,Saturn,2026,2026-186,0.755422,0.108333,0.175,0.116667,0.291667,0.25,0.333333,0.216667,0.609091,0.345405,1.557523
difficulty,Saturn,2026,2026-187,-0.204135,0.141667,0.125,0.175,0.3,0.208333,0.191667,0.375,0.491716,0.333788,1.445559
difficulty,Saturn,2026,2026-188,-3.747414,0.0,0.0,0.0,0.0,0.0,0.0,0.966667,0.066706,0.132037,3.682401
difficulty,Saturn,2026,2026-189,0.557303,0.2,0.141667,0.158333,0.3,0.241667,0.3,0.225,0.596286,0.337492,1.494353
difficulty,Saturn,2026,2026-190,0.114876,0.15,0.108333,0.15,0.258333,0.175,0.233333,0.358333,0.525515,0.290021,1.487735
difficulty,Saturn,2026,2026-191,-0.369554,0.141667,0.141667,0.191667,0.333333,0.2,0.158333,0.425,0.451087,0.321221,1.573354
difficulty,Saturn,2026,2026-192,0.778099,0.125,0.091667,0.191667,0.283333,0.191667,0.408333,0.2,0.665791,0.37638,1.737577
difficulty,Saturn,2026,2026-193,0.265703,0.091667,0.091667,0.141667,0.233333,0.133333,0.266667,0.283333,0.568852,0.468862,1.5118
difficulty,Saturn,2026,2026-194,0.203956,0.116667,0.141667,0.091667,0.233333,0.183333,0.383333,0.241667,0.622441,0.35884,1.59775
difficulty,Saturn,2026,2026-195,-1.483591,0.166667,0.216667,0.158333,0.375,0.3,0.008333,0.525,0.320126,0.403873,1.624243
difficulty,Saturn,2026,2026-196,-1.459323,0.125,0.091667,0.141667,0.233333,0.158333,0.016667,0.583333,0.315947,0.364267,1.882011
difficulty,Saturn,2026,2026-197,0.370536,0.108333,0.125,0.158333,0.283333,0.183333,0.216667,0.3,0.556583,0.412336,1.450341
difficulty,Saturn,2026,2026-198,0.076057,0.15,0.108333,0.183333,0.291667,0.208333,0.283333,0.275,0.57813,0.339342,1.492392
difficulty,Saturn,2026,2026-199,0.138741,0.125,0.191667,0.166667,0.358333,0.241667,0.241667,0.241667,0.549755,0.288131,1.370169
difficulty,Factory,42,42-0,0.304717,0.366667,0.0,1.0,1.0,0.366667,0.0,0.0,0.719426,0.543042,0.949539
difficulty,Factory,42,42-1,-1.039984,0.0,0.6,0.0,0.6,0.6,0.0,0.0,0.412332,0.479043,0.358436
difficulty,Factory,42,42-2,0.750451,0.0,0.0,0.566667,0.566667,0.0,0.025,0.0,0.788109,0.365077,1.329837
difficulty,Factory,42,42-3,0.940565,0.0,0.0,0.375,0.375,0.0,0.233333,0.0,0.815613,0.331458,1.506596
difficulty,Factory,42,42-4,-1.951035,0.0,0.0,0.0,0.0,0.0,0.0,1.0,0.225634,0.535982,1.244512
difficulty,Factory,42,42-5,-1.30218,0.0,0.158333,0.0,0.158333,0.158333,0.0,0.183333,0.34682,0.492212,0.638557
difficulty,Factory,42,42-6,0.12784,0.6,0.05,0.95,1.0,0.6,0.0,0.0,0.679375,0.440517,0.759782
difficulty,Factory,42,42-7,-0.316243,1.0,0.633333,0.366667,1.0,1.0,0.0,0.0,0.584728,0.517349,0.345388
difficulty,Factory,42,42-8,-0.016801,0.833333,0.125,0.875,1.0,0.833333,0.0,0.0,0.653499,0.513935,0.640095
difficulty,Factory,42,42-9,-0.853044,0.233333,0.933333,0.0,0.933333,0.933333,0.0,0.0,0.459557,0.594659,0.19413
difficulty,Factory,42,42-10,0.879398,0.0,0.0,0.433333,0.433333,0.0,0.166667,0.0,0.807865,0.366839,1.454126
difficulty,Factory,42,42-11,0.777792,0.0,0.0,0.525,0.525,0.0,0.05,0.0,0.795024,0.398765,1.371055
difficulty,Factory,42,42-12,0.066031,0.65,0.033333,0.966667,1.0,0.65,0.0,0.0,0.672396,0.514316,0.726142
difficulty,Factory,42,42-13,1.127241,0.0,0.0,0.158333,0.158333,0.0,0.433333,0.0,0.839555,0.31466,1.677087
difficulty,Factory,42,42-14,0.467509,0.15,0.0,0.908333,0.908333,0.15,0.0,0.0,0.747193,0.478475,1.093994
difficulty,Factory,42,42-15,-0.859292,0.2,0.833333,0.0,0.833333,0.833333,0.0,0.0,0.45287,0.532284,0.226426
difficulty,Factory,42,42-16,0.368751,0.316667,0.0,1.0,1.0,0.316667,0.0,0.0,0.727481,0.47062,0.992281
difficulty,Factory,42,42-17,-0.958883,0.116667,0.75,0.0,0.75,0.75,0.0,0.0,0.437937,0.589725,0.256785
difficulty,Factory,42,42-18,0.87845,0.0,0.0,0.425,0.425,0.0,0.158333,0.0,0.808043,0.387631,1.454517
difficulty,Factory,42,42-19,-0.049926,0.841667,0.258333,0.741667,1.0,0.841667,0.0,0.0,0.642377,0.466662,0.592491
difficulty,Factory,42,42-20,-0.184862,1.0,0.325,0.675,1.0,1.0,0.0,0.0,0.622325,0.594985,0.503105
difficulty,Factory,42,42-21,-0.68093,0.533333,1.0,0.0,1.0,1.0,0.0,0.0,0.505042,0.634641,0.147925
difficulty,Factory,42,42-22,1.222541,0.0,0.0,0.066667,0.066667,0.0,0.516667,0.0,0.850313,0.311969,1.760719
difficulty,Factory,42,42-23,-0.154529,1.0,0.3,0.7,1.0,1.0,0.0,0.0,0.630739,0.583551,0.539635
difficulty,Factory,42,42-24,-0.428328,0.85,0.758333,0.241667,1.0,1.0,0.0,0.0,0.55666,0.540623,0.245577
difficulty,Factory,42,42-25,-0.352134,0.933333,0.633333,0.366667,1.0,1.0,0.0,0.0,0.575546,0.550501,0.307897
difficulty,Factory,42,42-26,0.532309,0.083333,0.0,0.825,0.825,0.083333,0.0,0.0,0.756414,0.444483,1.144915
difficulty,Factory,42,42-27,0.365444,0.3,0.0,1.0,1.0,0.3,0.0,0.0,0.725983,0.418685,0.985327
difficulty,Factory,42,42-28,0.412733,0.25,0.0,0.966667,0.966667,0.25,0.0,0.0,0.735519,0.439679,1.033941
difficulty,Factory,42,42-29,0.430821,0.233333,0.0,0.941667,0.941667,0.233333,0.0,0.0,0.739853,0.474819,1.056131
difficulty,Factory,42,42-30,2.141648,0.0,0.0,0.0,0.0,0.0,1.0,0.0,0.929159,0.156857,2.612473
difficulty,Factory,42,42-31,-0.406415,0.883333,0.7,0.3,1.0,1.0,0.0,0.0,0.568566,0.583609,0.281626
difficulty,Factory,42,42-32,-0.512243,0.816667,0.866667,0.133333,1.0,1.0,0.0,0.0,0.548026,0.599218,0.217656
difficulty,Factory,42,42-33,-0.813773,0.35,0.916667,0.0,0.916667,0.916667,0.0,0.0,0.471792,0.548984,0.187217
difficulty,Factory,42,42-34,0.615979,0.0,0.0,0.725,0.725,0.0,0.0,0.0,0.769201,0.438274,1.217055
difficulty,Factory,42,42-35,1.128972,0.0,0.0,0.175,0.175,0.0,0.425,0.0,0.839043,0.306883,1.67379
difficulty,Factory,42,42-36,-0.113947,0.95,0.233333,0.766667,1.0,0.95,0.0,0.0,0.633637,0.574911,0.552026
difficulty,Factory,42,42-37,-0.840156,0.275,0.991667,0.0,0.991667,0.991667,0.0,0.0,0.467522,0.627282,0.171607
difficulty,Factory,42,42-38,-0.824481,0.333333,1.0,0.0,1.0,1.0,0.0,0.0,0.476924,0.619623,0.155521
difficulty,Factory,42,42-39,0.650593,0.0,0.0,0.691667,0.691667,0.0,0.0,0.0,0.77576,0.432741,1.254243
difficulty,Factory,42,42-40,0.743254,0.0,0.0,0.583333,0.583333,0.0,0.016667,0.0,0.786937,0.365926,1.323257
difficulty,Factory,42,42-41,0.543154,0.091667,0.0,0.808333,0.808333,0.091667,0.0,0.0,0.756739,0.436707,1.147124
difficulty,Factory,42,42-42,-0.66551,0.516667,1.0,0.0,1.0,1.0,0.0,0.0,0.504121,0.571726,0.173505
difficulty,Factory,42,42-43,0.232161,0.416667,0.0,1.0,1.0,0.416667,0.0,0.0,0.709945,0.567379,0.901866
difficulty,Factory,42,42-44,0.116686,0.6,0.0,1.0,1.0,0.6,0.0,0.0,0.684469,0.537293,0.781032
difficulty,Factory,42,42-45,0.218689,0.508333,0.0,1.0,1.0,0.508333,0.0,0.0,0.699988,0.511694,0.855046
difficulty,Factory,42,42-46,0.871429,0.0,0.0,0.441667,0.441667,0.0,0.15,0.0,0.806596,0.384518,1.444793
difficulty,Factory,42,42-47,0.223596,0.491667,0.0,1.0,1.0,0.491667,0.0,0.0,0.698574,0.472965,0.849464
difficulty,Factory,42,42-48,0.678914,0.0,0.0,0.641667,0.641667,0.0,0.0,0.0,0.77787,0.398703,1.26863
difficulty,Factory,42,42-49,0.067579,0.666667,0.0,1.0,1.0,0.666667,0.0,0.0,0.676758,0.565758,0.74431
difficulty,Factory,42,42-50,0.289119,0.408333,0.0,1.0,1.0,0.408333,0.0,0.0,0.710757,0.459691,0.908655
difficulty,Factory,42,42-51,0.631288,0.0,0.0,0.725,0.725,0.0,0.0,0.0,0.770574,0.416198,1.225191
difficulty,Factory,42,42-52,-1.457156,0.0,0.0,0.0,0.0,0.0,0.0,0.383333,0.310191,0.495787,0.806891
difficulty,Factory,42,42-53,-0.319671,1.0,0.558333,0.441667,1.0,1.0,0.0,0.0,0.593003,0.616646,0.379179
difficulty,Factory,42,42-54,-0.470373,0.9,0.741667,0.258333,1.0,1.0,0.0,0.0,0.560931,0.615382,0.252617
difficulty,Factory,42,42-55,-0.638878,0.7,1.0,0.0,1.0,1.0,0.0,0.0,0.523992,0.628823,0.155402
difficulty,Factory,42,42-56,-0.275142,1.0,0.533333,0.466667,1.0,1.0,0.0,0.0,0.596061,0.556402,0.392406
difficulty,Factory,42,42-57,1.494941,0.0,0.0,0.0,0.0,0.0,0.775,0.0,0.878019,0.232962,2.003244
difficulty,Factory,42,42-58,-0.865831,0.341667,0.958333,0.0,0.958333,0.958333,0.0,0.0,0.471769,0.632207,0.163071
difficulty,Factory,42,42-59,0.968278,0.0,0.0,0.341667,0.341667,0.0,0.258333,0.0,0.818914,0.350763,1.528106
difficulty,Factory,42,42-60,-1.68287,0.0,0.0,0.0,0.0,0.0,0.0,0.791667,0.268054,0.58935,1.011727
difficulty,Factory,42,42-61,-0.334885,0.975,0.65,0.35,1.0,1.0,0.0,0.0,0.575433,0.501392,0.307483
difficulty,Factory,42,42-62,0.162753,0.566667,0.0,1.0,1.0,0.566667,0.0,0.0,0.690069,0.497709,0.807592
difficulty,Factory,42,42-63,0.586222,0.091667,0.0,0.766667,0.766667,0.091667,0.0,0.0,0.760938,0.386543,1.172207
difficulty,Factory,42,42-64,0.711227,0.0,0.0,0.616667,0.616667,0.0,0.0,0.0,0.784495,0.42097,1.306404
difficulty,Factory,42,42-65,0.793347,0.0,0.0,0.533333,0.533333,0.0,0.066667,0.0,0.795671,0.40098,1.375291
difficulty,Factory,42,42-66,-0.348725,1.0,0.608333,0.391667,1.0,1.0,0.0,0.0,0.584694,0.604738,0.344615
difficulty,Factory,42,42-67,-0.462352,0.883333,0.7,0.3,1.0,1.0,0.0,0.0,0.563703,0.597424,0.26639
difficulty,Factory,42,42-68,0.857976,0.0,0.0,0.458333,0.458333,0.0,0.141667,0.0,0.803595,0.351966,1.426701
difficulty,Factory,42,42-69,-0.191304,1.0,0.325,0.675,1.0,1.0,0.0,0.0,0.623512,0.588055,0.508036
difficulty,Factory,42,42-70,-1.275686,0.0,0.166667,0.0,0.166667,0.166667,0.0,0.133333,0.352248,0.560133,0.614447
difficulty,Factory,42,42-71,-1.133287,0.0,0.55,0.0,0.55,0.55,0.0,0.0,0.402969,0.639653,0.395546
difficulty,Factory,42,42-72,-0.919452,0.183333,0.808333,0.0,0.808333,0.808333,0.0,0.0,0.451147,0.58116,0.213333
difficulty,Factory,42,42-73,0.497161,0.141667,0.0,0.858333,0.858333,0.141667,0.0,0.0,0.749941,0.452267,1.110132
difficulty,Factory,42,42-74,0.142426,0.6,0.0,1.0,1.0,0.6,0.0,0.0,0.686871,0.524403,0.792498
difficulty,Factory,42,42-75,0.690485,0.0,0.0,0.658333,0.658333,0.0,0.0,0.0,0.779122,0.407243,1.275294
difficulty,Factory,42,42-76,-0.427253,0.933333,0.716667,0.283333,1.0,1.0,0.0,0.0,0.568193,0.577355,0.279692
difficulty,Factory,42,42-77,0.15854,0.55,0.0,1.0,1.0,0.55,0.0,0.0,0.693546,0.539902,0.823724
difficulty,Factory,42,42-78,0.62559,0.0,0.0,0.708333,0.708333,0.0,0.0,0.0,0.770869,0.427231,1.226897
difficulty,Factory,42,42-79,-0.309347,1.0,0.55,0.45,1.0,1.0,0.0,0.0,0.59004,0.56918,0.367723
difficulty,Factory,42,42-80,0.456775,0.241667,0.0,0.908333,0.908333,0.241667,0.0,0.0,0.739041,0.434865,1.053139
difficulty,Factory,42,42-81,-0.661926,0.558333,1.0,0.0,1.0,1.0,0.0,0.0,0.511722,0.620927,0.16137
difficulty,Factory,42,42-82,-0.363054,0.9,0.641667,0.358333,1.0,1.0,0.0,0.0,0.572635,0.504415,0.302234
difficulty,Factory,42,42-83,-0.381738,0.975,0.658333,0.341667,1.0,1.0,0.0,0.0,0.574049,0.566131,0.301176
difficulty,Factory,42,42-84,-1.19584,0.0,0.375,0.0,0.375,0.375,0.0,0.0,0.377308,0.584365,0.504969
difficulty,Factory,42,42-85,0.486972,0.125,0.0,0.866667,0.866667,0.125,0.0,0.0,0.750229,0.463176,1.111348
difficulty,Factory,42,42-86,-0.469402,0.95,0.758333,0.241667,1.0,1.0,0.0,0.0,0.565033,0.635855,0.265035
difficulty,Factory,42,42-87,0.012494,0.8,0.166667,0.833333,1.0,0.8,0.0,0.0,0.654602,0.480958,0.645669
difficulty,Factory,42,42-88,0.480747,0.208333,0.0,0.875,0.875,0.208333,0.0,0.0,0.744244,0.421037,1.080549
difficulty,Factory,42,42-89,0.446531,0.183333,0.0,0.916667,0.916667,0.183333,0.0,0.0,0.742227,0.471993,1.068449
difficulty,Factory,42,42-90,0.665385,0.0,0.0,0.691667,0.691667,0.0,0.0,0.0,0.775268,0.410248,1.25238
difficulty,Factory,42,42-91,-0.098485,0.908333,0.283333,0.716667,1.0,0.908333,0.0,0.0,0.636895,0.501205,0.567695
difficulty,Factory,42,42-92,-0.423298,1.0,0.741667,0.258333,1.0,1.0,0.0,0.0,0.573045,0.647494,0.295926
difficulty,Factory,42,42-93,-0.079718,0.883333,0.158333,0.841667,1.0,0.883333,0.0,0.0,0.648026,0.584074,0.614976
difficulty,Factory,42,42-94,-1.687334,0.0,0.0,0.0,0.0,0.0,0.0,0.758333,0.266897,0.51104,1.018774
difficulty,Factory,42,42-95,-1.447112,0.0,0.0,0.0,0.0,0.0,0.0,0.366667,0.31995,0.525095,0.760348
difficulty,Factory,42,42-96,-1.3227,0.0,0.116667,0.0,0.116667,0.116667,0.0,0.041667,0.354482,0.645869,0.602722
difficulty,Factory,42,42-97,-0.997247,0.016667,0.733333,0.0,0.733333,0.733333,0.0,0.0,0.428527,0.615222,0.290102
difficulty,Factory,42,42-98,0.399774,0.258333,0.0,0.983333,0.983333,0.258333,0.0,0.0,0.732873,0.475343,1.01966
difficulty,Factory,42,42-99,-0.905479,0.141667,0.683333,0.0,0.683333,0.683333,0.0,0.0,0.435062,0.443029,0.28114
difficulty,Factory,42,42-100,-0.378163,0.941667,0.666667,0.333333,1.0,1.0,0.0,0.0,0.570238,0.538704,0.287232
difficulty,Factory,42,42-101,1.299228,0.0,0.0,0.0,0.0,0.0,0.608333,0.0,0.860034,0.306375,1.839269
difficulty,Factory,42,42-102,-0.356264,0.941667,0.675,0.325,1.0,1.0,0.0,0.0,0.574268,0.513734,0.304888
difficulty,Factory,42,42-103,0.737516,0.0,0.0,0.6,0.6,0.0,0.008333,0.0,0.78642,0.396164,1.31923
difficulty,Factory,42,42-104,-0.933618,0.133333,0.741667,0.0,0.741667,0.741667,0.0,0.0,0.439581,0.515595,0.256404
difficulty,Factory,42,42-105,-0.205438,1.0,0.375,0.625,1.0,1.0,0.0,0.0,0.616768,0.549691,0.479866
difficulty,Factory,42,42-106,-0.950022,0.091667,0.733333,0.0,0.733333,0.733333,0.0,0.0,0.438104,0.592996,0.256571
difficulty,Factory,42,42-107,-0.339033,1.0,0.525,0.475,1.0,1.0,0.0,0.0,0.595544,0.641458,0.389054
difficulty,Factory,42,42-108,0.840308,0.0,0.0,0.483333,0.483333,0.0,0.116667,0.0,0.80032,0.363241,1.405848
difficulty,Factory,42,42-109,-1.72732,0.0,0.0,0.0,0.0,0.0,0.0,0.841667,0.244208,0.312121,1.146896
difficulty,Factory,42,42-110,0.434424,0.166667,0.0,0.941667,0.941667,0.166667,0.0,0.0,0.742085,0.494126,1.066633
difficulty,Factory,42,42-111,0.237736,0.508333,0.0,1.0,1.0,0.508333,0.0,0.0,0.70154,0.498321,0.863248
difficulty,Factory,42,42-112,-0.59415,0.675,0.991667,0.008333,1.0,1.0,0.0,0.0,0.527061,0.598966,0.182409
difficulty,Factory,42,42-113,-1.446058,0.0,0.0,0.0,0.0,0.0,0.0,0.491667,0.311371,0.511194,0.801111
difficulty,Factory,42,42-114,0.07213,0.675,0.0,1.0,1.0,0.675,0.0,0.0,0.677147,0.587574,0.746658
difficulty,Factory,42,42-115,-0.529493,0.883333,0.925,0.075,1.0,1.0,0.0,0.0,0.546642,0.631398,0.20047
difficulty,Factory,42,42-116,0.232676,0.466667,0.0,1.0,1.0,0.466667,0.0,0.0,0.703896,0.498496,0.874379
difficulty,Factory,42,42-117,0.021852,0.716667,0.041667,0.958333,1.0,0.716667,0.0,0.0,0.667465,0.557131,0.702554
difficulty,Factory,42,42-118,1.601779,0.0,0.0,0.0,0.0,0.0,0.9,0.0,0.8892,0.240754,2.112468
difficulty,Factory,42,42-119,-0.239356,1.0,0.425,0.575,1.0,1.0,0.0,0.0,0.611527,0.611922,0.457007
difficulty,Factory,42,42-120,-1.023497,0.0,0.658333,0.0,0.658333,0.658333,0.0,0.0,0.425248,0.535924,0.303958
difficulty,Factory,42,42-121,0.179276,0.541667,0.0,1.0,1.0,0.541667,0.0,0.0,0.69399,0.508446,0.826879
difficulty,Factory,42,42-122,0.219997,0.483333,0.0,1.0,1.0,0.483333,0.0,0.0,0.699979,0.480085,0.855734
difficulty,Factory,42,42-123,1.359188,0.0,0.0,0.0,0.0,0.0,0.666667,0.0,0.865687,0.278548,1.888863
difficulty,Factory,42,42-124,0.835111,0.0,0.0,0.466667,0.466667,0.0,0.125,0.0,0.802852,0.399261,1.420675
difficulty,Factory,42,42-125,0.356871,0.3,0.0,1.0,1.0,0.3,0.0,0.0,0.7269,0.489424,0.988465
difficulty,Factory,42,42-126,1.463303,0.0,0.0,0.0,0.0,0.0,0.766667,0.0,0.875842,0.252309,1.981184
difficulty,Factory,42,42-127,-1.188763,0.0,0.316667,0.0,0.316667,0.316667,0.0,0.0,0.378706,0.582995,0.498895
difficulty,Factory,42,42-128,-0.639752,0.733333,1.0,0.0,1.0,1.0,0.0,0.0,0.525839,0.635268,0.151548
difficulty,Factory,42,42-129,-0.926576,0.083333,0.725,0.0,0.725,0.725,0.0,0.0,0.441028,0.540084,0.245558
difficulty,Factory,42,42-130,-0.38981,0.883333,0.708333,0.291667,1.0,1.0,0.0,0.0,0.564738,0.509886,0.271486
difficulty,Factory,42,42-131,-1.376686,0.0,0.058333,0.0,0.058333,0.058333,0.0,0.3,0.328102,0.450078,0.724075
difficulty,Factory,42,42-132,0.635151,0.0,0.0,0.7,0.7,0.0,0.0,0.0,0.772959,0.433644,1.238358
difficulty,Factory,42,42-133,-0.222223,1.0,0.408333,0.591667,1.0,1.0,0.0,0.0,0.612719,0.593968,0.462649
difficulty,Factory,42,42-134,-1.470806,0.0,0.0,0.0,0.0,0.0,0.0,0.433333,0.309971,0.491688,0.809871
difficulty,Factory,42,42-135,-1.015579,0.0,0.633333,0.0,0.633333,0.633333,0.0,0.0,0.426617,0.640115,0.297932
difficulty,Factory,42,42-136,0.313514,0.366667,0.0,1.0,1.0,0.366667,0.0,0.0,0.717796,0.468565,0.94291
difficulty,Factory,42,42-137,0.838127,0.0,0.0,0.466667,0.466667,0.0,0.125,0.0,0.802788,0.36913,1.420821
difficulty,Factory,42,42-138,1.996731,0.0,0.0,0.0,0.0,0.0,1.0,0.0,0.919976,0.177485,2.478185
difficulty,Factory,42,42-139,2.913862,0.0,0.0,0.0,0.0,0.0,1.0,0.0,0.964547,0.081438,3.351507
difficulty,Factory,42,42-140,0.414409,0.241667,0.0,0.958333,0.958333,0.241667,0.0,0.0,0.737398,0.457978,1.043309
difficulty,Factory,42,42-141,-0.989538,0.05,0.575,0.0,0.575,0.575,0.0,0.0,0.418426,0.467343,0.333331
difficulty,Factory,42,42-142,-2.132046,0.0,0.0,0.0,0.0,0.0,0.0,1.0,0.17895,0.324955,1.542075
difficulty,Factory,42,42-143,0.267711,0.441667,0.0,1.0,1.0,0.441667,0.0,0.0,0.706737,0.460904,0.888576
difficulty,Factory,42,42-144,-0.812941,0.266667,1.0,0.0,1.0,1.0,0.0,0.0,0.473826,0.655504,0.160047
difficulty,Factory,42,42-145,-0.415357,0.933333,0.716667,0.283333,1.0,1.0,0.0,0.0,0.569397,0.568235,0.284064
difficulty,Factory,42,42-146,-0.612097,0.658333,1.0,0.0,1.0,1.0,0.0,0.0,0.524489,0.624325,0.159345
difficulty,Factory,42,42-147,-0.140791,0.975,0.325,0.675,1.0,0.975,0.0,0.0,0.626688,0.532737,0.522714
difficulty,Factory,42,42-148,1.06598,0.0,0.0,0.233333,0.233333,0.0,0.358333,0.0,0.831596,0.311479,1.618408
difficulty,Factory,42,42-149,0.157049,0.591667,0.0,1.0,1.0,0.591667,0.0,0.0,0.68668,0.493032,0.792301
difficulty,Factory,42,42-150,-0.158635,1.0,0.4,0.6,1.0,1.0,0.0,0.0,0.618903,0.474707,0.490519
difficulty,Factory,42,42-151,-1.035654,0.0,0.541667,0.0,0.541667,0.541667,0.0,0.0,0.40751,0.546666,0.377907
difficulty,Factory,42,42-152,-1.674683,0.0,0.0,0.0,0.0,0.0,0.0,0.725,0.267837,0.527115,1.015202
difficulty,Factory,42,42-153,-0.486308,0.908333,0.808333,0.191667,1.0,1.0,0.0,0.0,0.559649,0.646435,0.244661
difficulty,Factory,42,42-154,-0.053783,0.85,0.183333,0.816667,1.0,0.85,0.0,0.0,0.651011,0.564663,0.628873
difficulty,Factory,42,42-155,1.76793,0.0,0.0,0.0,0.0,0.0,1.0,0.0,0.902766,0.206563,2.261489
difficulty,Factory,42,42-156,0.130275,0.583333,0.0,1.0,1.0,0.583333,0.0,0.0,0.68719,0.563507,0.793476
difficulty,Factory,42,42-157,0.98274,0.0,0.0,0.308333,0.308333,0.0,0.275,0.0,0.82158,0.335,1.546387
difficulty,Factory,42,42-158,-0.499296,0.783333,0.841667,0.158333,1.0,1.0,0.0,0.0,0.547694,0.593668,0.217009
difficulty,Factory,42,42-159,-1.184944,0.0,0.416667,0.0,0.416667,0.416667,0.0,0.0,0.388309,0.658706,0.457834
difficulty,Factory,42,42-160,-0.965117,0.033333,0.708333,0.0,0.708333,0.708333,0.0,0.0,0.431056,0.58009,0.280945
difficulty,Factory,42,42-161,-0.725226,0.533333,1.0,0.0,1.0,1.0,0.0,0.0,0.497325,0.594492,0.154822
difficulty,Factory,42,42-162,2.12847,0.0,0.0,0.0,0.0,0.0,1.0,0.0,0.928524,0.159254,2.602433
difficulty,Factory,42,42-163,-0.821387,0.391667,1.0,0.0,1.0,1.0,0.0,0.0,0.478568,0.614638,0.166391
difficulty,Factory,42,42-164,0.838489,0.0,0.0,0.458333,0.458333,0.0,0.125,0.0,0.803572,0.384539,1.42564
difficulty,Factory,42,42-165,-0.902927,0.183333,0.8,0.0,0.8,0.8,0.0,0.0,0.445838,0.575015,0.23518
difficulty,Factory,42,42-166,0.931573,0.0,0.0,0.4,0.4,0.0,0.216667,0.0,0.812463,0.329519,1.486089
difficulty,Factory,42,42-167,0.384951,0.275,0.0,1.0,1.0,0.275,0.0,0.0,0.731159,0.490168,1.010379
difficulty,Factory,42,42-168,-0.156638,1.0,0.35,0.65,1.0,1.0,0.0,0.0,0.622059,0.503364,0.503437
difficulty,Factory,42,42-169,-0.040763,0.875,0.2,0.8,1.0,0.875,0.0,0.0,0.643857,0.550975,0.597299
difficulty,Factory,42,42-170,-0.654788,0.558333,1.0,0.0,1.0,1.0,0.0,0.0,0.50855,0.563529,0.165441
difficulty,Factory,42,42-171,0.446072,0.183333,0.0,0.916667,0.916667,0.183333,0.0,0.0,0.743783,0.475327,1.076618
difficulty,Factory,42,42-172,-0.454983,0.833333,0.833333,0.166667,1.0,1.0,0.0,0.0,0.551181,0.580755,0.221116
difficulty,Factory,42,42-173,-1.225606,0.0,0.316667,0.0,0.316667,0.316667,0.0,0.025,0.370129,0.563871,0.536037
difficulty,Factory,42,42-174,-1.277938,0.0,0.2,0.0,0.2,0.2,0.0,0.108333,0.356443,0.593697,0.595714
difficulty,Factory,42,42-175,0.172588,0.541667,0.0,1.0,1.0,0.541667,0.0,0.0,0.691317,0.488846,0.813771
difficulty,Factory,42,42-176,1.579091,0.0,0.0,0.0,0.0,0.0,0.875,0.0,0.887072,0.241567,2.09034
difficulty,Factory,42,42-177,0.159992,0.591667,0.0,1.0,1.0,0.591667,0.0,0.0,0.686289,0.497322,0.790335
difficulty,Factory,42,42-178,-0.118638,0.95,0.316667,0.683333,1.0,0.95,0.0,0.0,0.63106,0.544834,0.541534
difficulty,Factory,42,42-179,0.285826,0.375,0.0,1.0,1.0,0.375,0.0,0.0,0.715602,0.484723,0.931664
difficulty,Factory,42,42-180,1.306002,0.0,0.0,0.0,0.0,0.0,0.6,0.0,0.859492,0.286341,1.835692
difficulty,Factory,42,42-181,0.219383,0.566667,0.0,1.0,1.0,0.566667,0.0,0.0,0.694727,0.501126,0.830039
difficulty,Factory,42,42-182,-0.410927,0.983333,0.675,0.325,1.0,1.0,0.0,0.0,0.56984,0.589479,0.283557
difficulty,Factory,42,42-183,1.106289,0.0,0.0,0.183333,0.183333,0.0,0.4,0.0,0.836679,0.335041,1.654831
difficulty,Factory,42,42-184,0.428756,0.225,0.0,0.941667,0.941667,0.225,0.0,0.0,0.737999,0.46547,1.046219
difficulty,Factory,42,42-185,1.535756,0.0,0.0,0.0,0.0,0.0,0.841667,0.0,0.883138,0.253568,2.050805
difficulty,Factory,42,42-186,0.183234,0.533333,0.0,1.0,1.0,0.533333,0.0,0.0,0.694159,0.519882,0.827064
difficulty,Factory,42,42-187,-1.224469,0.0,0.316667,0.0,0.316667,0.316667,0.0,0.0,0.375438,0.609298,0.51265
difficulty,Factory,42,42-188,-1.368159,0.0,0.083333,0.0,0.083333,0.083333,0.0,0.3,0.335351,0.527132,0.691012
difficulty,Factory,42,42-189,1.650928,0.0,0.0,0.0,0.0,0.0,0.941667,0.0,0.893048,0.225289,2.153232
difficulty,Factory,42,42-190,1.723666,0.0,0.0,0.0,0.0,0.0,1.0,0.0,0.899821,0.223625,2.226708
difficulty,Factory,42,42-191,-0.179519,1.0,0.391667,0.608333,1.0,1.0,0.0,0.0,0.617375,0.54843,0.483025
difficulty,Factory,42,42-192,-0.383187,1.0,0.625,0.375,1.0,1.0,0.0,0.0,0.587496,0.662073,0.355595
difficulty,Factory,42,42-193,1.461444,0.0,0.0,0.0,0.0,0.0,0.775,0.0,0.87689,0.274188,1.989707
difficulty,Factory,42,42-194,-1.107046,0.0,0.441667,0.0,0.441667,0.441667,0.0,0.0,0.392882,0.532584,0.439108
difficulty,Factory,42,42-195,-0.894727,0.133333,0.675,0.0,0.675,0.675,0.0,0.0,0.436983,0.49503,0.271988
difficulty,Factory,42,42-196,0.643327,0.0,0.0,0.683333,0.683333,0.0,0.0,0.0,0.773985,0.407658,1.244743
difficulty,Factory,42,42-197,-0.394605,0.916667,0.683333,0.316667,1.0,1.0,0.0,0.0,0.569184,0.514877,0.287131
difficulty,Factory,42,42-198,-0.005122,0.816667,0.125,0.875,1.0,0.816667,0.0,0.0,0.655719,0.546283,0.649507
difficulty,Factory,42,42-199,-0.163443,1.0,0.333333,0.666667,1.0,1.0,0.0,0.0,0.62581,0.580987,0.518404
difficulty,Factory,137,137-0,-0.83988,0.283333,0.941667,0.0,0.941667,0.941667,0.0,0.0,0.464203,0.561396,0.189917
difficulty,Factory,137,137-1,-0.732168,0.4,1.0,0.0,1.0,1.0,0.0,0.0,0.485888,0.577117,0.155576
difficulty,Factory,137,137-2,-0.626851,0.575,1.0,0.0,1.0,1.0,0.0,0.0,0.515501,0.601615,0.139249
difficulty,Factory,137,137-3,0.00625,0.791667,0.141667,0.858333,1.0,0.791667,0.0,0.0,0.657283,0.500439,0.657353
difficulty,Factory,137,137-4,-0.570385,0.741667,0.933333,0.066667,1.0,1.0,0.0,0.0,0.537572,0.610197,0.187973
difficulty,Factory,137,137-5,-1.007635,0.0,0.641667,0.0,0.641667,0.641667,0.0,0.0,0.417198,0.478876,0.3379
difficulty,Factory,137,137-6,0.22413,0.475,0.0,1.0,1.0,0.475,0.0,0.0,0.702318,0.511333,0.866029
difficulty,Factory,137,137-7,-0.680806,0.541667,1.0,0.0,1.0,1.0,0.0,0.0,0.505419,0.587793,0.15107
difficulty,Factory,137,137-8,-1.975848,0.0,0.0,0.0,0.0,0.0,0.0,1.0,0.219281,0.543003,1.280808
difficulty,Factory,137,137-9,1.958634,0.0,0.0,0.0,0.0,0.0,1.0,0.0,0.917332,0.187885,2.441836
difficulty,Factory,137,137-10,1.619418,0.0,0.0,0.0,0.0,0.0,0.908333,0.0,0.890075,0.224531,2.122154
difficulty,Factory,137,137-11,-1.046955,0.0,0.675,0.0,0.675,0.675,0.0,0.0,0.421649,0.710083,0.317382
difficulty,Factory,137,137-12,-0.352262,1.0,0.566667,0.433333,1.0,1.0,0.0,0.0,0.589648,0.636685,0.364733
difficulty,Factory,137,137-13,-0.039214,0.866667,0.15,0.85,1.0,0.866667,0.0,0.0,0.646228,0.508455,0.607552
difficulty,Factory,137,137-14,0.968455,0.0,0.0,0.325,0.325,0.0,0.258333,0.0,0.819949,0.341726,1.535036
difficulty,Factory,137,137-15,-2.598075,0.0,0.0,0.0,0.0,0.0,0.0,1.0,0.11783,0.317888,2.036417
difficulty,Factory,137,137-16,-0.838116,0.283333,0.966667,0.0,0.966667,0.966667,0.0,0.0,0.469159,0.610516,0.174472
difficulty,Factory,137,137-17,0.165563,0.525,0.0,1.0,1.0,0.525,0.0,0.0,0.695217,0.535667,0.831654
difficulty,Factory,137,137-18,-1.815344,0.0,0.0,0.0,0.0,0.0,0.0,0.916667,0.236975,0.455895,1.184942
difficulty,Factory,137,137-19,-0.640166,0.6,1.0,0.0,1.0,1.0,0.0,0.0,0.520486,0.638023,0.151858
difficulty,Factory,137,137-20,-0.300888,1.0,0.575,0.425,1.0,1.0,0.0,0.0,0.594692,0.598396,0.386504
difficulty,Factory,137,137-21,-0.448263,0.875,0.741667,0.258333,1.0,1.0,0.0,0.0,0.562203,0.546972,0.262314
difficulty,Factory,137,137-22,-1.043383,0.0,0.616667,0.0,0.616667,0.616667,0.0,0.0,0.416787,0.563708,0.338894
difficulty,Factory,137,137-23,1.046346,0.0,0.0,0.266667,0.266667,0.0,0.333333,0.0,0.828662,0.336153,1.597008
difficulty,Factory,137,137-24,-0.594046,0.716667,0.991667,0.008333,1.0,1.0,0.0,0.0,0.528134,0.632236,0.164241
difficulty,Factory,137,137-25,0.783179,0.0,0.0,0.558333,0.558333,0.0,0.058333,0.0,0.788848,0.329756,1.336875
difficulty,Factory,137,137-26,-0.373046,1.0,0.583333,0.416667,1.0,1.0,0.0,0.0,0.58395,0.586866,0.341557
difficulty,Factory,137,137-27,0.152686,0.583333,0.0,1.0,1.0,0.583333,0.0,0.0,0.690692,0.5112,0.810597
difficulty,Factory,137,137-28,-0.453875,0.808333,0.766667,0.233333,1.0,1.0,0.0,0.0,0.553679,0.527564,0.243556
difficulty,Factory,137,137-29,1.015703,0.0,0.0,0.3,0.3,0.0,0.316667,0.0,0.823779,0.303453,1.564518
difficulty,Factory,137,137-30,0.314326,0.325,0.0,1.0,1.0,0.325,0.0,0.0,0.723539,0.510851,0.970655
difficulty,Factory,137,137-31,-0.949702,0.091667,0.7,0.0,0.7,0.7,0.0,0.0,0.433897,0.563698,0.274171
difficulty,Factory,137,137-32,0.720263,0.0,0.0,0.6,0.6,0.0,0.0,0.0,0.786355,0.426625,1.317235
difficulty,Factory,137,137-33,2.65798,0.0,0.0,0.0,0.0,0.0,1.0,0.0,0.955197,0.101775,3.105029
difficulty,Factory,137,137-34,-1.741191,0.0,0.0,0.0,0.0,0.0,0.0,0.841667,0.261446,0.526654,1.046572
difficulty,Factory,137,137-35,-0.080598,0.866667,0.233333,0.766667,1.0,0.866667,0.0,0.0,0.642821,0.567297,0.593044
difficulty,Factory,137,137-36,0.022184,0.716667,0.0,1.0,1.0,0.716667,0.0,0.0,0.671703,0.589222,0.72106
difficulty,Factory,137,137-37,-0.198292,1.0,0.4,0.6,1.0,1.0,0.0,0.0,0.614471,0.54117,0.470607
difficulty,Factory,137,137-38,0.913303,0.0,0.0,0.375,0.375,0.0,0.2,0.0,0.813455,0.366869,1.490174
difficulty,Factory,137,137-39,-0.192114,1.0,0.416667,0.583333,1.0,1.0,0.0,0.0,0.61114,0.548084,0.456393
difficulty,Factory,137,137-40,0.840026,0.0,0.0,0.5,0.5,0.0,0.108333,0.0,0.799352,0.37162,1.399574
difficulty,Factory,137,137-41,0.635433,0.0,0.0,0.691667,0.691667,0.0,0.0,0.0,0.774272,0.441141,1.246189
difficulty,Factory,137,137-42,-0.996261,0.025,0.666667,0.0,0.666667,0.666667,0.0,0.0,0.427722,0.617025,0.293526
difficulty,Factory,137,137-43,-1.106161,0.0,0.433333,0.0,0.433333,0.433333,0.0,0.0,0.392604,0.560418,0.440232
difficulty,Factory,137,137-44,1.787637,0.0,0.0,0.0,0.0,0.0,1.0,0.0,0.904616,0.211135,2.282466
difficulty,Factory,137,137-45,-0.190261,1.0,0.383333,0.616667,1.0,1.0,0.0,0.0,0.616,0.569384,0.476582
difficulty,Factory,137,137-46,0.101085,0.65,0.0,1.0,1.0,0.65,0.0,0.0,0.679802,0.510925,0.759468
difficulty,Factory,137,137-47,1.554169,0.0,0.0,0.0,0.0,0.0,0.85,0.0,0.884733,0.253007,2.067126
difficulty,Factory,137,137-48,0.664131,0.0,0.0,0.65,0.65,0.0,0.0,0.0,0.779624,0.463061,1.27625
difficulty,Factory,137,137-49,-0.630889,0.75,1.0,0.0,1.0,1.0,0.0,0.0,0.529706,0.680534,0.158567
difficulty,Factory,137,137-50,-0.331603,1.0,0.608333,0.391667,1.0,1.0,0.0,0.0,0.582147,0.558853,0.334689
difficulty,Factory,137,137-51,1.076932,0.0,0.0,0.216667,0.216667,0.0,0.366667,0.0,0.833236,0.326394,1.629744
difficulty,Factory,137,137-52,1.370465,0.0,0.0,0.0,0.0,0.0,0.675,0.0,0.866916,0.290865,1.899458
difficulty,Factory,137,137-53,-0.338788,1.0,0.566667,0.433333,1.0,1.0,0.0,0.0,0.590371,0.597959,0.368334
difficulty,Factory,137,137-54,1.3345,0.0,0.0,0.0,0.0,0.0,0.625,0.0,0.862789,0.292345,1.86362
difficulty,Factory,137,137-55,-0.37606,1.0,0.65,0.35,1.0,1.0,0.0,0.0,0.581089,0.637051,0.329364
difficulty,Factory,137,137-56,0.191903,0.5,0.0,1.0,1.0,0.5,0.0,0.0,0.70125,0.551883,0.860038
difficulty,Factory,137,137-57,-1.292154,0.0,0.208333,0.0,0.208333,0.208333,0.0,0.258333,0.346977,0.417601,0.64157
difficulty,Factory,137,137-58,-0.223985,1.0,0.416667,0.583333,1.0,1.0,0.0,0.0,0.613512,0.580843,0.466056
difficulty,Factory,137,137-59,0.499185,0.125,0.0,0.866667,0.866667,0.125,0.0,0.0,0.751521,0.459042,1.117898
difficulty,Factory,137,137-60,0.37522,0.3,0.0,1.0,1.0,0.3,0.0,0.0,0.728653,0.467622,0.99845
difficulty,Factory,137,137-61,0.742053,0.0,0.0,0.583333,0.583333,0.0,0.016667,0.0,0.787242,0.382492,1.324221
difficulty,Factory,137,137-62,-0.721375,0.491667,1.0,0.0,1.0,1.0,0.0,0.0,0.500913,0.69192,0.122259
difficulty,Factory,137,137-63,-0.202698,1.0,0.383333,0.616667,1.0,1.0,0.0,0.0,0.615985,0.562802,0.476633
difficulty,Factory,137,137-64,-0.106074,0.916667,0.266667,0.733333,1.0,0.916667,0.0,0.0,0.634355,0.536507,0.556173
difficulty,Factory,137,137-65,1.702647,0.0,0.0,0.0,0.0,0.0,0.983333,0.0,0.897477,0.213734,2.201746
difficulty,Factory,137,137-66,-1.218646,0.0,0.275,0.0,0.275,0.275,0.0,0.0,0.376799,0.663816,0.506008
difficulty,Factory,137,137-67,-0.292621,1.0,0.491667,0.508333,1.0,1.0,0.0,0.0,0.594011,0.534555,0.38411
difficulty,Factory,137,137-68,-0.121263,0.958333,0.3,0.7,1.0,0.958333,0.0,0.0,0.631279,0.523488,0.542755
difficulty,Factory,137,137-69,3.110762,0.0,0.0,0.0,0.0,0.0,1.0,0.0,0.97053,0.068549,3.544083
difficulty,Factory,137,137-70,0.607553,0.0,0.0,0.716667,0.716667,0.0,0.0,0.0,0.771174,0.450142,1.227541
difficulty,Factory,137,137-71,-0.057651,0.875,0.233333,0.766667,1.0,0.875,0.0,0.0,0.640804,0.536135,0.584241
difficulty,Factory,137,137-72,0.04985,0.725,0.066667,0.933333,1.0,0.725,0.0,0.0,0.666653,0.499902,0.699686
difficulty,Factory,137,137-73,-1.56946,0.0,0.0,0.0,0.0,0.0,0.0,0.658333,0.282964,0.490196,0.938759
difficulty,Factory,137,137-74,0.103745,0.625,0.016667,0.983333,1.0,0.625,0.0,0.0,0.679642,0.479891,0.75909
difficulty,Factory,137,137-75,1.292329,0.0,0.0,0.0,0.0,0.0,0.6,0.0,0.859003,0.29766,1.831259
difficulty,Factory,137,137-76,-0.193478,1.0,0.416667,0.583333,1.0,1.0,0.0,0.0,0.615493,0.54296,0.474299
difficulty,Factory,137,137-77,-0.482773,0.8,0.808333,0.191667,1.0,1.0,0.0,0.0,0.547733,0.567477,0.217173
difficulty,Factory,137,137-78,-0.320344,1.0,0.633333,0.366667,1.0,1.0,0.0,0.0,0.582492,0.523729,0.336064
difficulty,Factory,137,137-79,0.822072,0.0,0.0,0.475,0.475,0.0,0.1,0.0,0.800155,0.365531,1.404239
difficulty,Factory,137,137-80,0.605951,0.008333,0.0,0.733333,0.733333,0.008333,0.0,0.0,0.767416,0.430745,1.206965
difficulty,Factory,137,137-81,1.128074,0.0,0.0,0.158333,0.158333,0.0,0.425,0.0,0.840449,0.32666,1.682868
difficulty,Factory,137,137-82,0.204276,0.525,0.0,1.0,1.0,0.525,0.0,0.0,0.694746,0.480291,0.831084
difficulty,Factory,137,137-83,0.745318,0.0,0.0,0.566667,0.566667,0.0,0.016667,0.0,0.790225,0.416215,1.341051
difficulty,Factory,137,137-84,-0.890788,0.191667,0.891667,0.0,0.891667,0.891667,0.0,0.0,0.45809,0.586901,0.190983
difficulty,Factory,137,137-85,0.138789,0.566667,0.0,1.0,1.0,0.566667,0.0,0.0,0.688751,0.531268,0.800567
difficulty,Factory,137,137-86,-1.118181,0.0,0.541667,0.0,0.541667,0.541667,0.0,0.0,0.403348,0.6144,0.394687
difficulty,Factory,137,137-87,-0.632498,0.666667,1.0,0.0,1.0,1.0,0.0,0.0,0.519073,0.64685,0.129447
difficulty,Factory,137,137-88,-0.884575,0.233333,0.933333,0.0,0.933333,0.933333,0.0,0.0,0.463879,0.647316,0.178389
difficulty,Factory,137,137-89,-0.121239,0.958333,0.283333,0.716667,1.0,0.958333,0.0,0.0,0.63456,0.574232,0.556502
difficulty,Factory,137,137-90,1.080744,0.0,0.0,0.225,0.225,0.0,0.375,0.0,0.833334,0.309356,1.630914
difficulty,Factory,137,137-91,0.415538,0.241667,0.0,0.958333,0.958333,0.241667,0.0,0.0,0.737619,0.49325,1.043713
difficulty,Factory,137,137-92,-1.122452,0.0,0.558333,0.0,0.558333,0.558333,0.0,0.0,0.404067,0.611794,0.391729
difficulty,Factory,137,137-93,0.608223,0.0,0.0,0.716667,0.716667,0.0,0.0,0.0,0.770893,0.447646,1.225672
difficulty,Factory,137,137-94,2.18768,0.0,0.0,0.0,0.0,0.0,1.0,0.0,0.931923,0.154693,2.655916
difficulty,Factory,137,137-95,1.339749,0.0,0.0,0.0,0.0,0.0,0.633333,0.0,0.862541,0.270193,1.862851
difficulty,Factory,137,137-96,0.715568,0.0,0.0,0.6,0.6,0.0,0.0,0.0,0.784826,0.426625,1.308688
difficulty,Factory,137,137-97,1.20599,0.0,0.0,0.075,0.075,0.0,0.5,0.0,0.848702,0.319215,1.747248
difficulty,Factory,137,137-98,1.233436,0.0,0.0,0.075,0.075,0.0,0.525,0.0,0.850942,0.285978,1.766254
difficulty,Factory,137,137-99,0.341164,0.375,0.0,1.0,1.0,0.375,0.0,0.0,0.719466,0.405659,0.953547
difficulty,Factory,137,137-100,-0.340886,1.0,0.608333,0.391667,1.0,1.0,0.0,0.0,0.58659,0.553467,0.3523
difficulty,Factory,137,137-101,2.087957,0.0,0.0,0.0,0.0,0.0,1.0,0.0,0.925744,0.159406,2.56091
difficulty,Factory,137,137-102,0.368075,0.275,0.0,1.0,1.0,0.275,0.0,0.0,0.72933,0.505883,1.000135
difficulty,Factory,137,137-103,1.291066,0.0,0.0,0.0,0.0,0.0,0.591667,0.0,0.857714,0.29075,1.821072
difficulty,Factory,137,137-104,0.010497,0.758333,0.108333,0.891667,1.0,0.758333,0.0,0.0,0.659228,0.502743,0.666048
difficulty,Factory,137,137-105,2.161759,0.0,0.0,0.0,0.0,0.0,1.0,0.0,0.930419,0.157754,2.631904
difficulty,Factory,137,137-106,-3.001345,0.0,0.0,0.0,0.0,0.0,0.0,1.0,0.077485,0.127866,2.517037
difficulty,Factory,137,137-107,-0.262965,1.0,0.5,0.5,1.0,1.0,0.0,0.0,0.598746,0.560414,0.403944
difficulty,Factory,137,137-108,-2.964778,0.0,0.0,0.0,0.0,0.0,0.0,1.0,0.080134,0.127387,2.481859
difficulty,Factory,137,137-109,1.678688,0.0,0.0,0.0,0.0,0.0,0.95,0.0,0.895311,0.210823,2.178215
difficulty,Factory,137,137-110,-0.57792,0.883333,0.983333,0.016667,1.0,1.0,0.0,0.0,0.53943,0.69121,0.169769
difficulty,Factory,137,137-111,1.266303,0.0,0.0,0.016667,0.016667,0.0,0.566667,0.0,0.855745,0.301832,1.803947
difficulty,Factory,137,137-112,-0.473743,0.833333,0.808333,0.191667,1.0,1.0,0.0,0.0,0.553659,0.553694,0.232586
difficulty,Factory,137,137-113,-0.641194,0.566667,1.0,0.0,1.0,1.0,0.0,0.0,0.509284,0.567759,0.161076
difficulty,Factory,137,137-114,-0.389012,0.983333,0.658333,0.341667,1.0,1.0,0.0,0.0,0.577415,0.582833,0.314762
difficulty,Factory,137,137-115,-0.249659,1.0,0.491667,0.508333,1.0,1.0,0.0,0.0,0.603326,0.572867,0.422394
difficulty,Factory,137,137-116,1.255613,0.0,0.0,0.041667,0.041667,0.0,0.55,0.0,0.854005,0.296658,1.790386
difficulty,Factory,137,137-117,-0.686074,0.483333,1.0,0.0,1.0,1.0,0.0,0.0,0.502061,0.584381,0.146709
difficulty,Factory,137,137-118,-1.848787,0.0,0.0,0.0,0.0,0.0,0.0,1.0,0.231524,0.443069,1.212899
difficulty,Factory,137,137-119,-0.31704,1.0,0.525,0.475,1.0,1.0,0.0,0.0,0.593997,0.604123,0.38342
difficulty,Factory,137,137-120,1.942559,0.0,0.0,0.0,0.0,0.0,1.0,0.0,0.916105,0.188418,2.425993
difficulty,Factory,137,137-121,2.226408,0.0,0.0,0.0,0.0,0.0,1.0,0.0,0.934322,0.148349,2.694641
difficulty,Factory,137,137-122,0.103639,0.675,0.058333,0.941667,1.0,0.675,0.0,0.0,0.673216,0.458097,0.730485
difficulty,Factory,137,137-123,-1.255067,0.0,0.15,0.0,0.15,0.15,0.0,0.225,0.34044,0.429414,0.668463
difficulty,Factory,137,137-124,-1.5471,0.0,0.0,0.0,0.0,0.0,0.0,0.616667,0.284071,0.397794,0.935793
difficulty,Factory,137,137-125,0.111437,0.666667,0.0,1.0,1.0,0.666667,0.0,0.0,0.675456,0.51847,0.740283
difficulty,Factory,137,137-126,0.22928,0.458333,0.0,1.0,1.0,0.458333,0.0,0.0,0.702461,0.471708,0.86808
difficulty,Factory,137,137-127,-0.903158,0.175,0.825,0.0,0.825,0.825,0.0,0.0,0.447885,0.544585,0.22724
difficulty,Factory,137,137-128,-0.146796,0.991667,0.375,0.625,1.0,0.991667,0.0,0.0,0.624875,0.5913,0.514696
difficulty,Factory,137,137-129,1.006923,0.0,0.0,0.3,0.3,0.0,0.308333,0.0,0.824683,0.347476,1.568183
difficulty,Factory,137,137-130,-0.146176,0.991667,0.408333,0.591667,1.0,0.991667,0.0,0.0,0.619931,0.508762,0.494248
difficulty,Factory,137,137-131,-0.314946,1.0,0.525,0.475,1.0,1.0,0.0,0.0,0.594947,0.57101,0.387681
difficulty,Factory,137,137-132,0.600451,0.05,0.0,0.758333,0.758333,0.05,0.0,0.0,0.763976,0.41087,1.188427
difficulty,Factory,137,137-133,-1.159657,0.0,0.45,0.0,0.45,0.45,0.0,0.0,0.389773,0.580321,0.451863
difficulty,Factory,137,137-134,0.151749,0.541667,0.0,1.0,1.0,0.541667,0.0,0.0,0.691101,0.483023,0.81312
difficulty,Factory,137,137-135,0.33816,0.358333,0.0,1.0,1.0,0.358333,0.0,0.0,0.721303,0.471214,0.960925
difficulty,Factory,137,137-136,0.007584,0.766667,0.091667,0.908333,1.0,0.766667,0.0,0.0,0.659533,0.542971,0.667026
difficulty,Factory,137,137-137,-0.298613,0.95,0.625,0.375,1.0,1.0,0.0,0.0,0.580215,0.448463,0.329768
difficulty,Factory,137,137-138,-0.029487,0.825,0.166667,0.833333,1.0,0.825,0.0,0.0,0.651133,0.507157,0.629904
difficulty,Factory,137,137-139,1.095607,0.0,0.0,0.208333,0.208333,0.0,0.383333,0.0,0.834883,0.323301,1.642028
difficulty,Factory,137,137-140,-2.407855,0.0,0.0,0.0,0.0,0.0,0.0,1.0,0.140372,0.271055,1.838194
difficulty,Factory,137,137-141,0.970356,0.0,0.0,0.325,0.325,0.0,0.258333,0.0,0.819952,0.349577,1.534731
difficulty,Factory,137,137-142,-0.054668,0.883333,0.216667,0.783333,1.0,0.883333,0.0,0.0,0.642782,0.486391,0.592798
difficulty,Factory,137,137-143,-0.557724,0.675,0.941667,0.058333,1.0,1.0,0.0,0.0,0.52764,0.534677,0.181502
difficulty,Factory,137,137-144,0.202865,0.5,0.0,1.0,1.0,0.5,0.0,0.0,0.700481,0.522143,0.857267
difficulty,Factory,137,137-145,0.618659,0.033333,0.0,0.741667,0.741667,0.033333,0.0,0.0,0.76664,0.401285,1.203468
difficulty,Factory,137,137-146,0.938405,0.0,0.0,0.341667,0.341667,0.0,0.233333,0.0,0.817665,0.373097,1.518093
difficulty,Factory,137,137-147,-0.393954,0.941667,0.733333,0.266667,1.0,1.0,0.0,0.0,0.56654,0.555484,0.272604
difficulty,Factory,137,137-148,-0.800885,0.383333,1.0,0.0,1.0,1.0,0.0,0.0,0.481031,0.603875,0.15285
difficulty,Factory,137,137-149,0.07057,0.683333,0.0,1.0,1.0,0.683333,0.0,0.0,0.676215,0.584434,0.742071
difficulty,Factory,137,137-150,-1.028025,0.0,0.575,0.0,0.575,0.575,0.0,0.0,0.414281,0.51936,0.349891
difficulty,Factory,137,137-151,1.687123,0.0,0.0,0.0,0.0,0.0,0.958333,0.0,0.895375,0.207409,2.179344
difficulty,Factory,137,137-152,3.708529,0.0,0.0,0.0,0.0,0.0,1.0,0.0,0.983305,0.039119,4.129535
difficulty,Factory,137,137-153,-0.882556,0.2,0.85,0.0,0.85,0.85,0.0,0.0,0.457525,0.590145,0.197375
difficulty,Factory,137,137-154,1.694662,0.0,0.0,0.0,0.0,0.0,0.975,0.0,0.896511,0.207669,2.191332
difficulty,Factory,137,137-155,0.723206,0.0,0.0,0.608333,0.608333,0.0,0.0,0.0,0.784882,0.404482,1.309093
difficulty,Factory,137,137-156,-0.04033,0.816667,0.191667,0.808333,1.0,0.816667,0.0,0.0,0.648341,0.53872,0.617573
difficulty,Factory,137,137-157,0.950618,0.0,0.0,0.366667,0.366667,0.0,0.241667,0.0,0.816271,0.350927,1.510836
difficulty,Factory,137,137-158,0.986405,0.0,0.0,0.308333,0.308333,0.0,0.275,0.0,0.822162,0.353413,1.550104
difficulty,Factory,137,137-159,0.374409,0.316667,0.0,1.0,1.0,0.316667,0.0,0.0,0.725579,0.457983,0.982637
difficulty,Factory,137,137-160,-0.601175,0.875,1.0,0.0,1.0,1.0,0.0,0.0,0.539444,0.736074,0.169
difficulty,Factory,137,137-161,0.175896,0.55,0.0,1.0,1.0,0.55,0.0,0.0,0.691151,0.497743,0.813433
difficulty,Factory,137,137-162,-1.11499,0.0,0.483333,0.0,0.483333,0.483333,0.0,0.0,0.395684,0.522254,0.428078
difficulty,Factory,137,137-163,0.681243,0.0,0.0,0.658333,0.658333,0.0,0.0,0.0,0.780558,0.428421,1.282241
difficulty,Factory,137,137-164,-0.269201,1.0,0.416667,0.583333,1.0,1.0,0.0,0.0,0.605804,0.562397,0.433075
difficulty,Factory,137,137-165,1.059224,0.0,0.0,0.258333,0.258333,0.0,0.358333,0.0,0.830683,0.327196,1.61197
difficulty,Factory,137,137-166,0.116911,0.591667,0.0,1.0,1.0,0.591667,0.0,0.0,0.685203,0.540872,0.784646
difficulty,Factory,137,137-167,-0.122426,0.966667,0.333333,0.666667,1.0,0.966667,0.0,0.0,0.62571,0.498658,0.519073
difficulty,Factory,137,137-168,-0.840159,0.291667,0.966667,0.0,0.966667,0.966667,0.0,0.0,0.46643,0.616456,0.191945
difficulty,Factory,137,137-169,0.574944,0.016667,0.0,0.766667,0.766667,0.016667,0.0,0.0,0.763552,0.454929,1.184115
difficulty,Factory,137,137-170,0.247893,0.433333,0.0,1.0,1.0,0.433333,0.0,0.0,0.708431,0.500745,0.895917
difficulty,Factory,137,137-171,-0.282704,1.0,0.516667,0.483333,1.0,1.0,0.0,0.0,0.597203,0.559278,0.39699
difficulty,Factory,137,137-172,-0.014739,0.8,0.133333,0.866667,1.0,0.8,0.0,0.0,0.656697,0.534972,0.654308
difficulty,Factory,137,137-173,0.97984,0.0,0.0,0.316667,0.316667,0.0,0.275,0.0,0.821873,0.360033,1.547907
difficulty,Factory,137,137-174,-0.173795,1.0,0.375,0.625,1.0,1.0,0.0,0.0,0.618455,0.586116,0.487019
difficulty,Factory,137,137-175,-0.935282,0.083333,0.658333,0.0,0.658333,0.658333,0.0,0.0,0.42608,0.495983,0.306072
difficulty,Factory,137,137-176,0.668167,0.0,0.0,0.666667,0.666667,0.0,0.0,0.0,0.777338,0.384546,1.26468
difficulty,Factory,137,137-177,0.213525,0.508333,0.0,1.0,1.0,0.508333,0.0,0.0,0.699077,0.488967,0.851162
difficulty,Factory,137,137-178,-1.329987,0.0,0.141667,0.0,0.141667,0.141667,0.0,0.066667,0.35418,0.616079,0.604448
difficulty,Factory,137,137-179,2.848663,0.0,0.0,0.0,0.0,0.0,1.0,0.0,0.962359,0.087205,3.288648
difficulty,Factory,137,137-180,-0.531019,0.941667,0.833333,0.166667,1.0,1.0,0.0,0.0,0.550138,0.671737,0.205574
difficulty,Factory,137,137-181,-0.074551,0.9,0.283333,0.716667,1.0,0.9,0.0,0.0,0.636248,0.510108,0.564518
difficulty,Factory,137,137-182,-1.524811,0.0,0.0,0.0,0.0,0.0,0.0,0.491667,0.302554,0.462776,0.844598
difficulty,Factory,137,137-183,-0.136188,0.958333,0.316667,0.683333,1.0,0.958333,0.0,0.0,0.629042,0.534653,0.532867
difficulty,Factory,137,137-184,-0.68768,0.483333,1.0,0.0,1.0,1.0,0.0,0.0,0.499653,0.577942,0.156237
difficulty,Factory,137,137-185,-0.527871,0.766667,0.866667,0.133333,1.0,1.0,0.0,0.0,0.539088,0.576985,0.198473
difficulty,Factory,137,137-186,-1.152544,0.0,0.383333,0.0,0.383333,0.383333,0.0,0.0,0.37977,0.519845,0.4953
difficulty,Factory,137,137-187,-0.413452,0.983333,0.675,0.325,1.0,1.0,0.0,0.0,0.574275,0.59401,0.30197
difficulty,Factory,137,137-188,-0.552106,0.841667,0.908333,0.091667,1.0,1.0,0.0,0.0,0.545803,0.625237,0.202172
difficulty,Factory,137,137-189,-0.644944,0.616667,1.0,0.0,1.0,1.0,0.0,0.0,0.512945,0.602454,0.148512
difficulty,Factory,137,137-190,-0.623048,0.533333,1.0,0.0,1.0,1.0,0.0,0.0,0.507203,0.485808,0.181363
difficulty,Factory,137,137-191,-1.278609,0.0,0.158333,0.0,0.158333,0.158333,0.0,0.183333,0.351588,0.531622,0.618042
difficulty,Factory,137,137-192,-1.920888,0.0,0.0,0.0,0.0,0.0,0.0,1.0,0.209486,0.364768,1.345763
difficulty,Factory,137,137-193,-0.632742,0.666667,1.0,0.0,1.0,1.0,0.0,0.0,0.524593,0.605856,0.166523
difficulty,Factory,137,137-194,1.825612,0.0,0.0,0.0,0.0,0.0,1.0,0.0,0.907518,0.20177,2.317399
difficulty,Factory,137,137-195,0.521098,0.091667,0.0,0.841667,0.841667,0.091667,0.0,0.0,0.754018,0.458877,1.131563
difficulty,Factory,137,137-196,-0.49011,0.783333,0.85,0.15,1.0,1.0,0.0,0.0,0.545786,0.550815,0.212309
difficulty,Factory,137,137-197,-1.231114,0.0,0.383333,0.0,0.383333,0.383333,0.0,0.033333,0.375906,0.53537,0.511516
difficulty,Factory,137,137-198,-0.165171,1.0,0.383333,0.616667,1.0,1.0,0.0,0.0,0.618859,0.511136,0.489811
difficulty,Factory,137,137-199,0.03401,0.733333,0.058333,0.941667,1.0,0.733333,0.0,0.0,0.663984,0.520245,0.687369
difficulty,Factory,369,369-0,0.231976,0.433333,0.0,1.0,1.0,0.433333,0.0,0.0,0.707316,0.52753,0.889994
difficulty,Factory,369,369-1,0.030686,0.741667,0.0,1.0,1.0,0.741667,0.0,0.0,0.668807,0.597572,0.708143
difficulty,Factory,369,369-2,1.22262,0.0,0.0,0.075,0.075,0.0,0.516667,0.0,0.850531,0.301089,1.762478
difficulty,Factory,369,369-3,-0.670696,0.45,1.0,0.0,1.0,1.0,0.0,0.0,0.49723,0.534042,0.151348
difficulty,Factory,369,369-4,0.230225,0.475,0.0,1.0,1.0,0.475,0.0,0.0,0.704428,0.480384,0.876646
difficulty,Factory,369,369-5,0.256787,0.458333,0.0,1.0,1.0,0.458333,0.0,0.0,0.706413,0.486319,0.886554
difficulty,Factory,369,369-6,-0.722373,0.441667,1.0,0.0,1.0,1.0,0.0,0.0,0.489926,0.532442,0.165252
difficulty,Factory,369,369-7,0.237807,0.416667,0.0,1.0,1.0,0.416667,0.0,0.0,0.707757,0.535449,0.892295
difficulty,Factory,369,369-8,0.032378,0.741667,0.058333,0.941667,1.0,0.741667,0.0,0.0,0.667361,0.532064,0.701774
difficulty,Factory,369,369-9,1.926765,0.0,0.0,0.0,0.0,0.0,1.0,0.0,0.915078,0.188983,2.412441
difficulty,Factory,369,369-10,0.841279,0.0,0.0,0.475,0.475,0.0,0.116667,0.0,0.803123,0.404124,1.421911
difficulty,Factory,369,369-11,-3.155046,0.0,0.0,0.0,0.0,0.0,0.0,1.0,0.064613,0.094506,2.716883
difficulty,Factory,369,369-12,-0.487376,1.0,0.775,0.225,1.0,1.0,0.0,0.0,0.559588,0.697245,0.240952
difficulty,Factory,369,369-13,0.128524,0.591667,0.0,1.0,1.0,0.591667,0.0,0.0,0.686272,0.542135,0.789704
difficulty,Factory,369,369-14,-2.890421,0.0,0.0,0.0,0.0,0.0,0.0,1.0,0.097217,0.375508,2.250802
difficulty,Factory,369,369-15,-2.602773,0.0,0.0,0.0,0.0,0.0,0.0,1.0,0.111647,0.158704,2.109
difficulty,Factory,369,369-16,0.18643,0.55,0.0,1.0,1.0,0.55,0.0,0.0,0.694369,0.528099,0.828094
difficulty,Factory,369,369-17,-1.667763,0.0,0.0,0.0,0.0,0.0,0.0,0.7,0.270002,0.508508,1.004583
difficulty,Factory,369,369-18,1.434687,0.0,0.0,0.0,0.0,0.0,0.75,0.0,0.874134,0.278185,1.964167
difficulty,Factory,369,369-19,-0.661515,0.533333,1.0,0.0,1.0,1.0,0.0,0.0,0.503328,0.518358,0.167003
difficulty,Factory,369,369-20,-0.158063,1.0,0.3,0.7,1.0,1.0,0.0,0.0,0.62945,0.587282,0.534016
difficulty,Factory,369,369-21,1.071875,0.0,0.0,0.225,0.225,0.0,0.366667,0.0,0.833151,0.337777,1.628522
difficulty,Factory,369,369-22,-0.335319,1.0,0.608333,0.391667,1.0,1.0,0.0,0.0,0.585085,0.608922,0.346262
difficulty,Factory,369,369-23,1.114239,0.0,0.0,0.183333,0.183333,0.0,0.408333,0.0,0.837609,0.32871,1.661837
difficulty,Factory,369,369-24,-0.500427,0.75,0.85,0.15,1.0,1.0,0.0,0.0,0.544807,0.514628,0.226459
difficulty,Factory,369,369-25,-0.467771,0.9,0.8,0.2,1.0,1.0,0.0,0.0,0.555427,0.593862,0.229768
difficulty,Factory,369,369-26,1.125826,0.0,0.0,0.175,0.175,0.0,0.416667,0.0,0.838475,0.327946,1.668123
difficulty,Factory,369,369-27,-0.43343,0.925,0.7,0.3,1.0,1.0,0.0,0.0,0.562997,0.600925,0.258192
difficulty,Factory,369,369-28,-1.038158,0.0,0.7,0.0,0.7,0.7,0.0,0.0,0.425624,0.59733,0.302267
difficulty,Factory,369,369-29,0.22191,0.458333,0.0,1.0,1.0,0.458333,0.0,0.0,0.705782,0.538594,0.88203
difficulty,Factory,369,369-30,0.488949,0.158333,0.0,0.866667,0.866667,0.158333,0.0,0.0,0.747423,0.427995,1.097139
difficulty,Factory,369,369-31,-0.099903,0.933333,0.258333,0.741667,1.0,0.933333,0.0,0.0,0.635632,0.536321,0.561316
difficulty,Factory,369,369-32,-0.424318,0.933333,0.75,0.25,1.0,1.0,0.0,0.0,0.560852,0.58299,0.249127
difficulty,Factory,369,369-33,-1.962954,0.0,0.0,0.0,0.0,0.0,0.0,1.0,0.216372,0.550112,1.295954
difficulty,Factory,369,369-34,-0.578553,0.7,0.975,0.025,1.0,1.0,0.0,0.0,0.529211,0.599869,0.17669
difficulty,Factory,369,369-35,-0.138219,0.975,0.25,0.75,1.0,0.975,0.0,0.0,0.634893,0.574856,0.557584
difficulty,Factory,369,369-36,-0.55189,0.7,0.925,0.075,1.0,1.0,0.0,0.0,0.534367,0.592632,0.193028
difficulty,Factory,369,369-37,0.626275,0.0,0.0,0.7,0.7,0.0,0.0,0.0,0.772074,0.425416,1.233724
difficulty,Factory,369,369-38,-0.013418,0.791667,0.083333,0.916667,1.0,0.791667,0.0,0.0,0.658254,0.564209,0.660759
difficulty,Factory,369,369-39,0.367813,0.258333,0.0,1.0,1.0,0.258333,0.0,0.0,0.733359,0.507358,1.021346
difficulty,Factory,369,369-40,0.511879,0.175,0.0,0.85,0.85,0.175,0.0,0.0,0.747961,0.400342,1.100947
difficulty,Factory,369,369-41,-0.60238,0.7,1.0,0.0,1.0,1.0,0.0,0.0,0.530383,0.677667,0.153934
difficulty,Factory,369,369-42,-0.545278,0.683333,0.916667,0.083333,1.0,1.0,0.0,0.0,0.530341,0.541719,0.188483
difficulty,Factory,369,369-43,-1.148539,0.0,0.433333,0.0,0.433333,0.433333,0.0,0.033333,0.382469,0.471575,0.484932
difficulty,Factory,369,369-44,-0.64239,0.525,1.0,0.0,1.0,1.0,0.0,0.0,0.510879,0.64179,0.14931
difficulty,Factory,369,369-45,-0.123988,0.95,0.25,0.75,1.0,0.95,0.0,0.0,0.632202,0.511199,0.546298
difficulty,Factory,369,369-46,0.446608,0.225,0.0,0.933333,0.933333,0.225,0.0,0.0,0.738293,0.420502,1.048611
difficulty,Factory,369,369-47,-0.857714,0.225,0.816667,0.0,0.816667,0.816667,0.0,0.0,0.45754,0.559049,0.209587
difficulty,Factory,369,369-48,0.029596,0.733333,0.083333,0.916667,1.0,0.733333,0.0,0.0,0.664118,0.507918,0.688195
difficulty,Factory,369,369-49,-1.521616,0.0,0.0,0.0,0.0,0.0,0.0,0.55,0.30031,0.484218,0.853814
difficulty,Factory,369,369-50,-1.174665,0.0,0.35,0.0,0.35,0.35,0.0,0.008333,0.37744,0.519208,0.505176
difficulty,Factory,369,369-51,0.216574,0.441667,0.0,1.0,1.0,0.441667,0.0,0.0,0.705575,0.525332,0.882076
difficulty,Factory,369,369-52,1.454491,0.0,0.0,0.0,0.0,0.0,0.766667,0.0,0.875839,0.276894,1.980095
difficulty,Factory,369,369-53,0.726874,0.0,0.0,0.616667,0.616667,0.0,0.0,0.0,0.782957,0.385455,1.29846
difficulty,Factory,369,369-54,-0.642818,0.666667,1.0,0.0,1.0,1.0,0.0,0.0,0.518527,0.609918,0.154028
difficulty,Factory,369,369-55,0.861417,0.0,0.0,0.45,0.45,0.0,0.141667,0.0,0.805515,0.374005,1.437887
difficulty,Factory,369,369-56,0.15782,0.55,0.0,1.0,1.0,0.55,0.0,0.0,0.688969,0.465574,0.803277
difficulty,Factory,369,369-57,-0.616591,0.641667,1.0,0.0,1.0,1.0,0.0,0.0,0.516243,0.523113,0.162727
difficulty,Factory,369,369-58,-1.032616,0.0,0.45,0.0,0.45,0.45,0.0,0.025,0.392399,0.34615,0.443493
difficulty,Factory,369,369-59,0.092656,0.641667,0.0,1.0,1.0,0.641667,0.0,0.0,0.678587,0.517223,0.75448
difficulty,Factory,369,369-60,-0.398194,1.0,0.666667,0.333333,1.0,1.0,0.0,0.0,0.573274,0.602093,0.297645
difficulty,Factory,369,369-61,-1.820899,0.0,0.0,0.0,0.0,0.0,0.0,0.975,0.241904,0.430134,1.15623
difficulty,Factory,369,369-62,0.172438,0.566667,0.0,1.0,1.0,0.566667,0.0,0.0,0.688682,0.467075,0.802365
difficulty,Factory,369,369-63,-1.604932,0.0,0.0,0.0,0.0,0.0,0.0,0.65,0.281496,0.500876,0.946145
difficulty,Factory,369,369-64,-0.547018,0.816667,0.916667,0.083333,1.0,1.0,0.0,0.0,0.541614,0.640405,0.184491
difficulty,Factory,369,369-65,0.849584,0.0,0.0,0.466667,0.466667,0.0,0.133333,0.0,0.803214,0.37484,1.423896
difficulty,Factory,369,369-66,-0.917635,0.116667,0.725,0.0,0.725,0.725,0.0,0.0,0.433094,0.53706,0.279498
difficulty,Factory,369,369-67,1.020256,0.0,0.0,0.283333,0.283333,0.0,0.316667,0.0,0.82594,0.332854,1.577471
difficulty,Factory,369,369-68,0.653268,0.008333,0.0,0.7,0.7,0.008333,0.0,0.0,0.770471,0.383451,1.225817
difficulty,Factory,369,369-69,-1.243689,0.0,0.266667,0.0,0.266667,0.266667,0.0,0.0,0.365431,0.653673,0.555603
difficulty,Factory,369,369-70,1.151157,0.0,0.0,0.133333,0.133333,0.0,0.45,0.0,0.842646,0.331056,1.699625
difficulty,Factory,369,369-71,-0.469619,0.875,0.816667,0.183333,1.0,1.0,0.0,0.0,0.555379,0.582405,0.235162
difficulty,Factory,369,369-72,-0.662576,0.541667,1.0,0.0,1.0,1.0,0.0,0.0,0.502512,0.557379,0.147632
difficulty,Factory,369,369-73,0.43348,0.233333,0.0,0.941667,0.941667,0.233333,0.0,0.0,0.738596,0.456953,1.049811
difficulty,Factory,369,369-74,1.53104,0.0,0.0,0.0,0.0,0.0,0.825,0.0,0.882161,0.247556,2.041795
difficulty,Factory,369,369-75,0.597911,0.0,0.0,0.733333,0.733333,0.0,0.0,0.0,0.770012,0.477019,1.220147
difficulty,Factory,369,369-76,0.068143,0.691667,0.033333,0.966667,1.0,0.691667,0.0,0.0,0.673717,0.519794,0.731588
difficulty,Factory,369,369-77,0.518152,0.125,0.0,0.841667,0.841667,0.125,0.0,0.0,0.752389,0.432619,1.123563
difficulty,Factory,369,369-78,0.768912,0.0,0.0,0.55,0.55,0.0,0.041667,0.0,0.791832,0.385884,1.352394
difficulty,Factory,369,369-79,2.208458,0.0,0.0,0.0,0.0,0.0,1.0,0.0,0.93323,0.150433,2.676703
difficulty,Factory,369,369-80,0.609541,0.0,0.0,0.733333,0.733333,0.0,0.0,0.0,0.768422,0.434195,1.212191
difficulty,Factory,369,369-81,0.102991,0.675,0.0,1.0,1.0,0.675,0.0,0.0,0.674872,0.501155,0.737377
difficulty,Factory,369,369-82,1.185387,0.0,0.0,0.125,0.125,0.0,0.483333,0.0,0.845475,0.300215,1.72316
difficulty,Factory,369,369-83,-0.666769,0.45,1.0,0.0,1.0,1.0,0.0,0.0,0.498541,0.599223,0.166161
difficulty,Factory,369,369-84,1.195109,0.0,0.0,0.075,0.075,0.0,0.5,0.0,0.848454,0.329743,1.744472
difficulty,Factory,369,369-85,2.089352,0.0,0.0,0.0,0.0,0.0,1.0,0.0,0.926151,0.172764,2.566412
difficulty,Factory,369,369-86,-0.859006,0.216667,0.916667,0.0,0.916667,0.916667,0.0,0.0,0.462961,0.596119,0.183579
difficulty,Factory,369,369-87,0.806216,0.0,0.0,0.508333,0.508333,0.0,0.083333,0.0,0.79928,0.423541,1.396793
difficulty,Factory,369,369-88,0.84898,0.0,0.0,0.458333,0.458333,0.0,0.133333,0.0,0.804879,0.40047,1.433402
difficulty,Factory,369,369-89,-1.191223,0.0,0.358333,0.0,0.358333,0.358333,0.0,0.05,0.375397,0.476097,0.514219
difficulty,Factory,369,369-90,-2.083709,0.0,0.0,0.0,0.0,0.0,0.0,1.0,0.188867,0.422048,1.47292
difficulty,Factory,369,369-91,2.871627,0.0,0.0,0.0,0.0,0.0,1.0,0.0,0.963194,0.086903,3.31204
difficulty,Factory,369,369-92,-2.061716,0.0,0.0,0.0,0.0,0.0,0.0,1.0,0.187504,0.375734,1.482981
difficulty,Factory,369,369-93,1.454118,0.0,0.0,0.0,0.0,0.0,0.75,0.0,0.875085,0.271485,1.973603
difficulty,Factory,369,369-94,1.793163,0.0,0.0,0.0,0.0,0.0,1.0,0.0,0.904763,0.204307,2.284308
difficulty,Factory,369,369-95,-1.086711,0.0,0.575,0.0,0.575,0.575,0.0,0.0,0.405974,0.617508,0.383334
difficulty,Factory,369,369-96,-0.429271,1.0,0.758333,0.241667,1.0,1.0,0.0,0.0,0.571469,0.660612,0.289397
difficulty,Factory,369,369-97,-1.847038,0.0,0.0,0.0,0.0,0.0,0.0,0.983333,0.231083,0.427659,1.214625
difficulty,Factory,369,369-98,-0.573374,0.6,0.966667,0.033333,1.0,1.0,0.0,0.0,0.517726,0.544388,0.181547
difficulty,Factory,369,369-99,-2.606954,0.0,0.0,0.0,0.0,0.0,0.0,1.0,0.113332,0.230472,2.08746
difficulty,Factory,369,369-100,2.447595,0.0,0.0,0.0,0.0,0.0,1.0,0.0,0.945996,0.128705,2.90555
difficulty,Factory,369,369-101,-0.774114,0.341667,0.941667,0.0,0.941667,0.941667,0.0,0.0,0.473593,0.546468,0.181486
difficulty,Factory,369,369-102,-0.419893,0.825,0.766667,0.233333,1.0,1.0,0.0,0.0,0.553596,0.522497,0.233663
difficulty,Factory,369,369-103,-2.045843,0.0,0.0,0.0,0.0,0.0,0.0,1.0,0.196895,0.467088,1.419127
difficulty,Factory,369,369-104,0.862104,0.0,0.0,0.441667,0.441667,0.0,0.141667,0.0,0.80573,0.387415,1.439532
difficulty,Factory,369,369-105,0.328284,0.35,0.0,1.0,1.0,0.35,0.0,0.0,0.721437,0.517299,0.960215
difficulty,Factory,369,369-106,1.034031,0.0,0.0,0.283333,0.283333,0.0,0.325,0.0,0.826451,0.315397,1.581871
difficulty,Factory,369,369-107,0.175197,0.608333,0.0,1.0,1.0,0.608333,0.0,0.0,0.685962,0.456945,0.790128
difficulty,Factory,369,369-108,-0.222364,1.0,0.458333,0.541667,1.0,1.0,0.0,0.0,0.609996,0.587712,0.450743
difficulty,Factory,369,369-109,-0.133694,0.958333,0.233333,0.766667,1.0,0.958333,0.0,0.0,0.637285,0.62063,0.567703
difficulty,Factory,369,369-110,1.801781,0.0,0.0,0.0,0.0,0.0,1.0,0.0,0.905411,0.198496,2.292569
difficulty,Factory,369,369-111,0.499768,0.166667,0.0,0.866667,0.866667,0.166667,0.0,0.0,0.747999,0.426184,1.100248
difficulty,Factory,369,369-112,-1.014326,0.0,0.708333,0.0,0.708333,0.708333,0.0,0.0,0.42642,0.576904,0.298672
difficulty,Factory,369,369-113,0.3677,0.308333,0.0,1.0,1.0,0.308333,0.0,0.0,0.725945,0.460029,0.983922
difficulty,Factory,369,369-114,0.269233,0.45,0.0,1.0,1.0,0.45,0.0,0.0,0.708765,0.490155,0.897782
difficulty,Factory,369,369-115,-0.678598,0.541667,1.0,0.0,1.0,1.0,0.0,0.0,0.50774,0.640485,0.138034
difficulty,Factory,369,369-116,-0.072946,0.866667,0.075,0.925,1.0,0.866667,0.0,0.0,0.652407,0.621822,0.633667
difficulty,Factory,369,369-117,-0.994879,0.016667,0.533333,0.0,0.533333,0.533333,0.0,0.0,0.406337,0.397812,0.384554
difficulty,Factory,369,369-118,0.93942,0.0,0.0,0.366667,0.366667,0.0,0.233333,0.0,0.816132,0.359188,1.509056
difficulty,Factory,369,369-119,0.77847,0.0,0.0,0.525,0.525,0.0,0.058333,0.0,0.794227,0.376222,1.366787
difficulty,Factory,369,369-120,-1.518781,0.0,0.0,0.0,0.0,0.0,0.0,0.5,0.297666,0.442267,0.868448
difficulty,Factory,369,369-121,-1.423723,0.0,0.0,0.0,0.0,0.0,0.0,0.275,0.327625,0.529916,0.725521
difficulty,Factory,369,369-122,0.978785,0.0,0.0,0.308333,0.308333,0.0,0.266667,0.0,0.822077,0.369639,1.548432
difficulty,Factory,369,369-123,1.339497,0.0,0.0,0.0,0.0,0.0,0.633333,0.0,0.862809,0.274616,1.865
difficulty,Factory,369,369-124,-2.13659,0.0,0.0,0.0,0.0,0.0,0.0,1.0,0.181758,0.354738,1.524348
difficulty,Factory,369,369-125,1.078108,0.0,0.0,0.2,0.2,0.0,0.375,0.0,0.834377,0.340881,1.637373
difficulty,Factory,369,369-126,0.699484,0.0,0.0,0.6,0.6,0.0,0.0,0.0,0.783777,0.415042,1.302584
difficulty,Factory,369,369-127,1.275301,0.0,0.0,0.033333,0.033333,0.0,0.575,0.0,0.856386,0.283887,1.810431
difficulty,Factory,369,369-128,0.425079,0.233333,0.0,0.95,0.95,0.233333,0.0,0.0,0.737056,0.475102,1.041312
difficulty,Factory,369,369-129,1.955968,0.0,0.0,0.0,0.0,0.0,1.0,0.0,0.917168,0.186564,2.439955
difficulty,Factory,369,369-130,0.703888,0.0,0.0,0.633333,0.633333,0.0,0.0,0.0,0.78218,0.39073,1.293149
difficulty,Factory,369,369-131,0.513951,0.108333,0.0,0.833333,0.833333,0.108333,0.0,0.0,0.753972,0.458522,1.131732
difficulty,Factory,369,369-132,0.491925,0.158333,0.0,0.875,0.875,0.158333,0.0,0.0,0.748889,0.448985,1.104394
difficulty,Factory,369,369-133,-1.561684,0.0,0.0,0.0,0.0,0.0,0.0,0.633333,0.280728,0.416991,0.951145
difficulty,Factory,369,369-134,0.245354,0.408333,0.0,1.0,1.0,0.408333,0.0,0.0,0.710933,0.53158,0.907502
difficulty,Factory,369,369-135,2.197761,0.0,0.0,0.0,0.0,0.0,1.0,0.0,0.932594,0.151501,2.666582
difficulty,Factory,369,369-136,1.47046,0.0,0.0,0.0,0.0,0.0,0.775,0.0,0.876784,0.265714,1.989729
difficulty,Factory,369,369-137,-0.726608,0.475,1.0,0.0,1.0,1.0,0.0,0.0,0.499172,0.694281,0.134491
difficulty,Factory,369,369-138,1.069092,0.0,0.0,0.216667,0.216667,0.0,0.375,0.0,0.833425,0.354665,1.630522
difficulty,Factory,369,369-139,0.504925,0.091667,0.0,0.858333,0.858333,0.091667,0.0,0.0,0.751955,0.448501,1.12005
difficulty,Factory,369,369-140,-1.515391,0.0,0.0,0.0,0.0,0.0,0.0,0.508333,0.299005,0.503289,0.860489
difficulty,Factory,369,369-141,-0.557669,0.775,0.916667,0.083333,1.0,1.0,0.0,0.0,0.543121,0.618699,0.209555
difficulty,Factory,369,369-142,-1.805564,0.0,0.0,0.0,0.0,0.0,0.0,0.958333,0.229051,0.321599,1.22915
difficulty,Factory,369,369-143,1.00057,0.0,0.0,0.291667,0.291667,0.0,0.291667,0.0,0.824057,0.359415,1.563058
difficulty,Factory,369,369-144,-0.293508,1.0,0.475,0.525,1.0,1.0,0.0,0.0,0.60287,0.631115,0.420215
difficulty,Factory,369,369-145,-1.197497,0.0,0.3,0.0,0.3,0.3,0.0,0.091667,0.365149,0.481273,0.559266
difficulty,Factory,369,369-146,0.355825,0.3,0.0,1.0,1.0,0.3,0.0,0.0,0.728122,0.48148,0.994725
difficulty,Factory,369,369-147,0.060891,0.708333,0.083333,0.916667,1.0,0.708333,0.0,0.0,0.667178,0.468813,0.702625
difficulty,Factory,369,369-148,-0.734187,0.333333,0.991667,0.0,0.991667,0.991667,0.0,0.0,0.479279,0.509948,0.174795
difficulty,Factory,369,369-149,1.042388,0.0,0.0,0.275,0.275,0.0,0.325,0.0,0.827461,0.318702,1.589064
difficulty,Factory,369,369-150,0.567493,0.116667,0.0,0.791667,0.791667,0.116667,0.0,0.0,0.757758,0.399875,1.154321
difficulty,Factory,369,369-151,-0.326013,1.0,0.566667,0.433333,1.0,1.0,0.0,0.0,0.590673,0.563447,0.36959
difficulty,Factory,369,369-152,0.159952,0.575,0.0,1.0,1.0,0.575,0.0,0.0,0.691297,0.550765,0.813354
difficulty,Factory,369,369-153,1.172015,0.0,0.0,0.15,0.15,0.0,0.475,0.0,0.843977,0.297659,1.711756
difficulty,Factory,369,369-154,-2.277682,0.0,0.0,0.0,0.0,0.0,0.0,1.0,0.164463,0.34308,1.644945
difficulty,Factory,369,369-155,1.339122,0.0,0.0,0.0,0.0,0.0,0.641667,0.0,0.863684,0.290993,1.870984
difficulty,Factory,369,369-156,-0.957434,0.075,0.683333,0.0,0.683333,0.683333,0.0,0.0,0.430702,0.502736,0.284521
difficulty,Factory,369,369-157,-0.400505,0.875,0.7,0.3,1.0,1.0,0.0,0.0,0.565686,0.532419,0.275299
difficulty,Factory,369,369-158,0.853967,0.0,0.0,0.466667,0.466667,0.0,0.125,0.0,0.80236,0.352856,1.419001
difficulty,Factory,369,369-159,-0.344609,0.991667,0.625,0.375,1.0,1.0,0.0,0.0,0.579969,0.542171,0.325446
difficulty,Factory,369,369-160,1.494031,0.0,0.0,0.0,0.0,0.0,0.8,0.0,0.879492,0.262666,2.014987
difficulty,Factory,369,369-161,-0.807596,0.308333,0.983333,0.0,0.983333,0.983333,0.0,0.0,0.468871,0.59588,0.186478
difficulty,Factory,369,369-162,-0.239289,1.0,0.466667,0.533333,1.0,1.0,0.0,0.0,0.603604,0.546085,0.424052
difficulty,Factory,369,369-163,-2.746209,0.0,0.0,0.0,0.0,0.0,0.0,1.0,0.099065,0.19801,2.240919
difficulty,Factory,369,369-164,1.19522,0.0,0.0,0.1,0.1,0.0,0.491667,0.0,0.847676,0.306599,1.739229
difficulty,Factory,369,369-165,-1.211251,0.0,0.316667,0.0,0.316667,0.316667,0.0,0.075,0.371403,0.478681,0.531603
difficulty,Factory,369,369-166,1.643909,0.0,0.0,0.0,0.0,0.0,0.941667,0.0,0.892622,0.234136,2.148261
difficulty,Factory,369,369-167,0.721479,0.0,0.0,0.6,0.6,0.0,0.0,0.0,0.783236,0.379958,1.301345
difficulty,Factory,369,369-168,1.403925,0.0,0.0,0.0,0.0,0.0,0.708333,0.0,0.870129,0.274949,1.928141
difficulty,Factory,369,369-169,-0.526088,0.8,0.916667,0.083333,1.0,1.0,0.0,0.0,0.545828,0.590904,0.213522
difficulty,Factory,369,369-170,0.524277,0.158333,0.0,0.833333,0.833333,0.158333,0.0,0.0,0.751203,0.394667,1.118722
difficulty,Factory,369,369-171,-0.449724,0.933333,0.758333,0.241667,1.0,1.0,0.0,0.0,0.560843,0.582876,0.24989
difficulty,Factory,369,369-172,-0.098782,0.925,0.266667,0.733333,1.0,0.925,0.0,0.0,0.637223,0.529333,0.568459
difficulty,Factory,369,369-173,0.053851,0.741667,0.133333,0.866667,1.0,0.741667,0.0,0.0,0.660309,0.452586,0.671962
difficulty,Factory,369,369-174,0.199838,0.466667,0.0,1.0,1.0,0.466667,0.0,0.0,0.699823,0.498388,0.854885
difficulty,Factory,369,369-175,-0.54819,0.908333,0.941667,0.058333,1.0,1.0,0.0,0.0,0.546515,0.67962,0.193445
difficulty,Factory,369,369-176,0.356066,0.333333,0.0,1.0,1.0,0.333333,0.0,0.0,0.724749,0.447006,0.979163
difficulty,Factory,369,369-177,1.05976,0.0,0.0,0.216667,0.216667,0.0,0.358333,0.0,0.831792,0.323116,1.619364
difficulty,Factory,369,369-178,-0.585372,0.633333,0.983333,0.016667,1.0,1.0,0.0,0.0,0.523618,0.590716,0.172989
difficulty,Factory,369,369-179,-1.391402,0.0,0.025,0.0,0.025,0.025,0.0,0.191667,0.33605,0.610494,0.685156
difficulty,Factory,369,369-180,0.254504,0.458333,0.0,1.0,1.0,0.458333,0.0,0.0,0.706388,0.504706,0.887003
difficulty,Factory,369,369-181,0.227448,0.416667,0.0,1.0,1.0,0.416667,0.0,0.0,0.707124,0.532789,0.88913
difficulty,Factory,369,369-182,0.533,0.158333,0.0,0.816667,0.816667,0.158333,0.0,0.0,0.75481,0.424641,1.137808
difficulty,Factory,369,369-183,0.016653,0.733333,0.166667,0.833333,1.0,0.733333,0.0,0.0,0.659211,0.503119,0.66677
difficulty,Factory,369,369-184,-0.127383,0.958333,0.316667,0.683333,1.0,0.958333,0.0,0.0,0.629846,0.545513,0.536221
difficulty,Factory,369,369-185,-1.489992,0.0,0.0,0.0,0.0,0.0,0.0,0.5,0.302571,0.424123,0.845233
difficulty,Factory,369,369-186,-0.581476,0.758333,0.966667,0.033333,1.0,1.0,0.0,0.0,0.532894,0.600097,0.173218
difficulty,Factory,369,369-187,-0.244752,1.0,0.525,0.475,1.0,1.0,0.0,0.0,0.597599,0.505345,0.39939
difficulty,Factory,369,369-188,-0.858205,0.291667,1.0,0.0,1.0,1.0,0.0,0.0,0.471135,0.685039,0.158072
difficulty,Factory,369,369-189,0.12465,0.616667,0.0,1.0,1.0,0.616667,0.0,0.0,0.682782,0.509843,0.773527
difficulty,Factory,369,369-190,0.378446,0.3,0.0,1.0,1.0,0.3,0.0,0.0,0.731242,0.470239,1.011196
difficulty,Factory,369,369-191,0.139139,0.6,0.0,1.0,1.0,0.6,0.0,0.0,0.686063,0.533921,0.788739
difficulty,Factory,369,369-192,-0.411408,0.891667,0.7,0.3,1.0,1.0,0.0,0.0,0.564705,0.531766,0.271133
difficulty,Factory,369,369-193,0.001881,0.758333,0.125,0.875,1.0,0.758333,0.0,0.0,0.658818,0.533257,0.664174
difficulty,Factory,369,369-194,0.438737,0.2,0.0,0.925,0.925,0.2,0.0,0.0,0.74093,0.461876,1.061439
difficulty,Factory,369,369-195,-2.863164,0.0,0.0,0.0,0.0,0.0,0.0,1.0,0.086681,0.127813,2.393969
difficulty,Factory,369,369-196,-0.392589,1.0,0.716667,0.283333,1.0,1.0,0.0,0.0,0.573292,0.627299,0.297228
difficulty,Factory,369,369-197,-1.7188,0.0,0.0,0.0,0.0,0.0,0.0,0.791667,0.248955,0.321779,1.122414
difficulty,Factory,369,369-198,0.501067,0.158333,0.0,0.858333,0.858333,0.158333,0.0,0.0,0.748921,0.442514,1.104657
difficulty,Factory,369,369-199,-2.175564,0.0,0.0,0.0,0.0,0.0,0.0,1.0,0.179264,0.370148,1.542138
difficulty,Factory,1024,1024-0,-0.453679,0.85,0.775,0.225,1.0,1.0,0.0,0.0,0.558932,0.564737,0.252859
difficulty,Factory,1024,1024-1,-0.139218,0.975,0.291667,0.708333,1.0,0.975,0.0,0.0,0.632916,0.581788,0.549149
difficulty,Factory,1024,1024-2,2.417348,0.0,0.0,0.0,0.0,0.0,1.0,0.0,0.944506,0.130786,2.876493
difficulty,Factory,1024,1024-3,0.083214,0.641667,0.0,1.0,1.0,0.641667,0.0,0.0,0.67855,0.577128,0.753688
difficulty,Factory,1024,1024-4,1.48629,0.0,0.0,0.0,0.0,0.0,0.783333,0.0,0.877802,0.249614,2.000228
difficulty,Factory,1024,1024-5,0.45974,0.216667,0.0,0.908333,0.908333,0.216667,0.0,0.0,0.741057,0.405104,1.063566
difficulty,Factory,1024,1024-6,-0.213213,1.0,0.45,0.55,1.0,1.0,0.0,0.0,0.60814,0.530348,0.443669
difficulty,Factory,1024,1024-7,-0.65551,0.566667,1.0,0.0,1.0,1.0,0.0,0.0,0.509186,0.597222,0.154763
difficulty,Factory,1024,1024-8,-0.363281,1.0,0.633333,0.366667,1.0,1.0,0.0,0.0,0.584147,0.601605,0.342147
difficulty,Factory,1024,1024-9,0.450501,0.225,0.0,0.916667,0.916667,0.225,0.0,0.0,0.740442,0.422124,1.060286
difficulty,Factory,1024,1024-10,-1.466925,0.0,0.0,0.0,0.0,0.0,0.0,0.416667,0.311338,0.459777,0.802708
difficulty,Factory,1024,1024-11,-0.372172,1.0,0.675,0.325,1.0,1.0,0.0,0.0,0.577463,0.590376,0.314704
difficulty,Factory,1024,1024-12,1.562737,0.0,0.0,0.0,0.0,0.0,0.85,0.0,0.885317,0.239724,2.073438
difficulty,Factory,1024,1024-13,0.762199,0.0,0.0,0.55,0.55,0.0,0.033333,0.0,0.791084,0.390556,1.348061
difficulty,Factory,1024,1024-14,0.246562,0.458333,0.0,1.0,1.0,0.458333,0.0,0.0,0.705961,0.496324,0.884455
difficulty,Factory,1024,1024-15,-0.340309,1.0,0.641667,0.358333,1.0,1.0,0.0,0.0,0.582482,0.585128,0.33578
difficulty,Factory,1024,1024-16,-0.891364,0.208333,1.0,0.0,1.0,1.0,0.0,0.0,0.459487,0.68172,0.188264
difficulty,Factory,1024,1024-17,2.037654,0.0,0.0,0.0,0.0,0.0,1.0,0.0,0.922403,0.167014,2.512883
difficulty,Factory,1024,1024-18,0.591213,0.016667,0.0,0.758333,0.758333,0.016667,0.0,0.0,0.765056,0.447846,1.193544
difficulty,Factory,1024,1024-19,-1.030628,0.0,0.541667,0.0,0.541667,0.541667,0.0,0.0,0.411424,0.49965,0.361327
difficulty,Factory,1024,1024-20,-0.837841,0.308333,1.0,0.0,1.0,1.0,0.0,0.0,0.47095,0.678979,0.162411
difficulty,Factory,1024,1024-21,-0.519407,0.766667,0.883333,0.116667,1.0,1.0,0.0,0.0,0.538368,0.583608,0.188
difficulty,Factory,1024,1024-22,-0.45672,0.941667,0.75,0.25,1.0,1.0,0.0,0.0,0.563706,0.602075,0.261113
difficulty,Factory,1024,1024-23,0.597314,0.025,0.0,0.75,0.75,0.025,0.0,0.0,0.76565,0.436027,1.197036
difficulty,Factory,1024,1024-24,1.160834,0.0,0.0,0.141667,0.141667,0.0,0.458333,0.0,0.84316,0.305304,1.704865
difficulty,Factory,1024,1024-25,-0.094463,0.941667,0.325,0.675,1.0,0.941667,0.0,0.0,0.63087,0.523041,0.540727
difficulty,Factory,1024,1024-26,1.098646,0.0,0.0,0.191667,0.191667,0.0,0.391667,0.0,0.836074,0.329697,1.650177
difficulty,Factory,1024,1024-27,-1.234635,0.0,0.291667,0.0,0.291667,0.291667,0.0,0.0,0.373522,0.61089,0.520906
difficulty,Factory,1024,1024-28,0.524817,0.066667,0.0,0.833333,0.833333,0.066667,0.0,0.0,0.756787,0.477017,1.145989
difficulty,Factory,1024,1024-29,0.662467,0.0,0.0,0.658333,0.658333,0.0,0.0,0.0,0.77755,0.444575,1.265253
difficulty,Factory,1024,1024-30,1.173854,0.0,0.0,0.108333,0.108333,0.0,0.483333,0.0,0.845637,0.320414,1.723024
difficulty,Factory,1024,1024-31,1.003531,0.0,0.0,0.291667,0.291667,0.0,0.291667,0.0,0.824237,0.354663,1.564646
difficulty,Factory,1024,1024-32,0.949154,0.0,0.0,0.341667,0.341667,0.0,0.25,0.0,0.818737,0.385687,1.525997
difficulty,Factory,1024,1024-33,-1.982724,0.0,0.0,0.0,0.0,0.0,0.0,1.0,0.200495,0.350726,1.402708
difficulty,Factory,1024,1024-34,-0.512017,0.875,0.883333,0.116667,1.0,1.0,0.0,0.0,0.55222,0.671651,0.21538
difficulty,Factory,1024,1024-35,-1.617087,0.0,0.0,0.0,0.0,0.0,0.0,0.658333,0.27394,0.399523,0.987275
difficulty,Factory,1024,1024-36,-0.252073,1.0,0.441667,0.558333,1.0,1.0,0.0,0.0,0.608214,0.608965,0.443091
difficulty,Factory,1024,1024-37,-1.935859,0.0,0.0,0.0,0.0,0.0,0.0,1.0,0.210051,0.326745,1.342206
difficulty,Factory,1024,1024-38,0.876777,0.0,0.0,0.425,0.425,0.0,0.158333,0.0,0.807032,0.371579,1.448762
difficulty,Factory,1024,1024-39,-0.385024,1.0,0.691667,0.308333,1.0,1.0,0.0,0.0,0.575626,0.60291,0.306837
difficulty,Factory,1024,1024-40,0.952162,0.0,0.0,0.341667,0.341667,0.0,0.241667,0.0,0.818003,0.35448,1.521591
difficulty,Factory,1024,1024-41,-0.694434,0.591667,1.0,0.0,1.0,1.0,0.0,0.0,0.510661,0.647285,0.160692
difficulty,Factory,1024,1024-42,-0.121534,0.95,0.258333,0.741667,1.0,0.95,0.0,0.0,0.633764,0.551117,0.55301
difficulty,Factory,1024,1024-43,0.806678,0.0,0.0,0.508333,0.508333,0.0,0.083333,0.0,0.797835,0.377661,1.389218
difficulty,Factory,1024,1024-44,-0.9207,0.133333,0.666667,0.0,0.666667,0.666667,0.0,0.0,0.430541,0.42218,0.291941
difficulty,Factory,1024,1024-45,-1.944503,0.0,0.0,0.0,0.0,0.0,0.0,1.0,0.215961,0.418193,1.303725
difficulty,Factory,1024,1024-46,2.42525,0.0,0.0,0.0,0.0,0.0,1.0,0.0,0.944831,0.124319,2.883062
difficulty,Factory,1024,1024-47,-1.629288,0.0,0.0,0.0,0.0,0.0,0.0,0.716667,0.273451,0.479068,0.985904
difficulty,Factory,1024,1024-48,0.371418,0.333333,0.0,1.0,1.0,0.333333,0.0,0.0,0.72492,0.436072,0.980027
difficulty,Factory,1024,1024-49,0.901256,0.0,0.0,0.4,0.4,0.0,0.183333,0.0,0.81083,0.345531,1.473675
difficulty,Factory,1024,1024-50,0.545248,0.041667,0.0,0.808333,0.808333,0.041667,0.0,0.0,0.760191,0.454471,1.165574
difficulty,Factory,1024,1024-51,-1.769431,0.0,0.0,0.0,0.0,0.0,0.0,0.875,0.244353,0.435785,1.143565
difficulty,Factory,1024,1024-52,0.660271,0.0,0.0,0.666667,0.666667,0.0,0.0,0.0,0.775964,0.40608,1.256569
difficulty,Factory,1024,1024-53,0.355437,0.341667,0.0,1.0,1.0,0.341667,0.0,0.0,0.723719,0.462048,0.973232
difficulty,Factory,1024,1024-54,0.715129,0.0,0.0,0.616667,0.616667,0.0,0.0,0.0,0.782425,0.390008,1.295449
difficulty,Factory,1024,1024-55,-2.183124,0.0,0.0,0.0,0.0,0.0,0.0,1.0,0.16956,0.295933,1.608623
difficulty,Factory,1024,1024-56,-0.067843,0.883333,0.216667,0.783333,1.0,0.883333,0.0,0.0,0.644021,0.544586,0.597988
difficulty,Factory,1024,1024-57,-0.675636,0.5,1.0,0.0,1.0,1.0,0.0,0.0,0.49683,0.566825,0.159789
difficulty,Factory,1024,1024-58,-1.359565,0.0,0.091667,0.0,0.091667,0.091667,0.0,0.275,0.337709,0.510084,0.679969
difficulty,Factory,1024,1024-59,-0.119658,0.941667,0.275,0.725,1.0,0.941667,0.0,0.0,0.632859,0.555521,0.549131
difficulty,Factory,1024,1024-60,-1.509762,0.0,0.0,0.0,0.0,0.0,0.0,0.533333,0.29875,0.50536,0.861241
difficulty,Factory,1024,1024-61,-0.053294,0.85,0.241667,0.758333,1.0,0.85,0.0,0.0,0.642919,0.519102,0.593967
difficulty,Factory,1024,1024-62,-0.899341,0.15,0.766667,0.0,0.766667,0.766667,0.0,0.0,0.442317,0.494416,0.250619
difficulty,Factory,1024,1024-63,-0.333747,1.0,0.616667,0.383333,1.0,1.0,0.0,0.0,0.585075,0.570484,0.346282
difficulty,Factory,1024,1024-64,-0.226425,1.0,0.408333,0.591667,1.0,1.0,0.0,0.0,0.612469,0.59615,0.460942
difficulty,Factory,1024,1024-65,-1.99674,0.0,0.0,0.0,0.0,0.0,0.0,1.0,0.191372,0.258565,1.463066
difficulty,Factory,1024,1024-66,-0.072562,0.9,0.208333,0.791667,1.0,0.9,0.0,0.0,0.641422,0.527777,0.586401
difficulty,Factory,1024,1024-67,0.486877,0.125,0.0,0.875,0.875,0.125,0.0,0.0,0.751303,0.471177,1.116513
difficulty,Factory,1024,1024-68,-0.683814,0.541667,1.0,0.0,1.0,1.0,0.0,0.0,0.502137,0.585265,0.144604
difficulty,Factory,1024,1024-69,-0.028345,0.833333,0.2,0.8,1.0,0.833333,0.0,0.0,0.64766,0.513029,0.61483
difficulty,Factory,1024,1024-70,0.225393,0.508333,0.0,1.0,1.0,0.508333,0.0,0.0,0.698123,0.479062,0.84661
difficulty,Factory,1024,1024-71,0.272283,0.383333,0.0,1.0,1.0,0.383333,0.0,0.0,0.715081,0.532653,0.927993
difficulty,Factory,1024,1024-72,-0.66278,0.55,1.0,0.0,1.0,1.0,0.0,0.0,0.506364,0.567069,0.165309
difficulty,Factory,1024,1024-73,-0.075206,0.883333,0.241667,0.758333,1.0,0.883333,0.0,0.0,0.637207,0.505674,0.568712
difficulty,Factory,1024,1024-74,-0.458991,0.891667,0.775,0.225,1.0,1.0,0.0,0.0,0.559045,0.584729,0.247048
difficulty,Factory,1024,1024-75,0.190854,0.533333,0.0,1.0,1.0,0.533333,0.0,0.0,0.695096,0.495207,0.832057
difficulty,Factory,1024,1024-76,2.172069,0.0,0.0,0.0,0.0,0.0,1.0,0.0,0.931168,0.159763,2.643467
difficulty,Factory,1024,1024-77,1.061123,0.0,0.0,0.241667,0.241667,0.0,0.358333,0.0,0.831045,0.328474,1.613721
difficulty,Factory,1024,1024-78,0.513334,0.125,0.0,0.841667,0.841667,0.125,0.0,0.0,0.752405,0.454946,1.123436
difficulty,Factory,1024,1024-79,0.467789,0.175,0.0,0.891667,0.891667,0.175,0.0,0.0,0.745559,0.459575,1.086298
difficulty,Factory,1024,1024-80,-0.119441,0.925,0.241667,0.758333,1.0,0.925,0.0,0.0,0.638262,0.533856,0.572508
difficulty,Factory,1024,1024-81,0.257175,0.458333,0.0,1.0,1.0,0.458333,0.0,0.0,0.70407,0.441899,0.876603
difficulty,Factory,1024,1024-82,0.520727,0.075,0.0,0.833333,0.833333,0.075,0.0,0.0,0.756104,0.476799,1.14274
difficulty,Factory,1024,1024-83,0.275461,0.391667,0.0,1.0,1.0,0.391667,0.0,0.0,0.712922,0.470295,0.918589
difficulty,Factory,1024,1024-84,2.118684,0.0,0.0,0.0,0.0,0.0,1.0,0.0,0.927989,0.161849,2.593989
difficulty,Factory,1024,1024-85,-0.480852,0.741667,0.841667,0.158333,1.0,1.0,0.0,0.0,0.542193,0.531209,0.218089
difficulty,Factory,1024,1024-86,0.653347,0.0,0.0,0.683333,0.683333,0.0,0.0,0.0,0.775738,0.433456,1.2546
difficulty,Factory,1024,1024-87,-0.620066,0.666667,1.0,0.0,1.0,1.0,0.0,0.0,0.526878,0.658774,0.161753
difficulty,Factory,1024,1024-88,0.843938,0.0,0.0,0.466667,0.466667,0.0,0.125,0.0,0.803177,0.393221,1.42299
difficulty,Factory,1024,1024-89,-0.260361,1.0,0.525,0.475,1.0,1.0,0.0,0.0,0.599303,0.572929,0.405545
difficulty,Factory,1024,1024-90,-1.307344,0.0,0.091667,0.0,0.091667,0.091667,0.0,0.35,0.326529,0.397105,0.732165
difficulty,Factory,1024,1024-91,0.52292,0.108333,0.0,0.816667,0.816667,0.108333,0.0,0.0,0.754301,0.435751,1.134162
difficulty,Factory,1024,1024-92,-0.040401,0.833333,0.15,0.85,1.0,0.833333,0.0,0.0,0.650801,0.556219,0.627816
difficulty,Factory,1024,1024-93,-1.844562,0.0,0.0,0.0,0.0,0.0,0.0,0.991667,0.246887,0.566458,1.12424
difficulty,Factory,1024,1024-94,0.138788,0.616667,0.0,1.0,1.0,0.616667,0.0,0.0,0.685046,0.539783,0.783674
difficulty,Factory,1024,1024-95,0.282639,0.425,0.0,1.0,1.0,0.425,0.0,0.0,0.710103,0.464388,0.905913
difficulty,Factory,1024,1024-96,0.365249,0.266667,0.0,1.0,1.0,0.266667,0.0,0.0,0.731011,0.520974,1.008796
difficulty,Factory,1024,1024-97,0.169047,0.541667,0.0,1.0,1.0,0.541667,0.0,0.0,0.695798,0.543493,0.834088
difficulty,Factory,1024,1024-98,-1.388095,0.0,0.016667,0.0,0.016667,0.016667,0.0,0.291667,0.33628,0.520717,0.686527
difficulty,Factory,1024,1024-99,0.944657,0.0,0.0,0.358333,0.358333,0.0,0.241667,0.0,0.817534,0.36254,1.518068
difficulty,Factory,1024,1024-100,0.052692,0.716667,0.008333,0.991667,1.0,0.716667,0.0,0.0,0.670091,0.545974,0.714482
difficulty,Factory,1024,1024-101,-0.434545,0.908333,0.791667,0.208333,1.0,1.0,0.0,0.0,0.553727,0.56978,0.224308
difficulty,Factory,1024,1024-102,-0.314861,1.0,0.558333,0.441667,1.0,1.0,0.0,0.0,0.59541,0.630883,0.388878
difficulty,Factory,1024,1024-103,0.09447,0.641667,0.033333,0.966667,1.0,0.641667,0.0,0.0,0.674394,0.479372,0.735858
difficulty,Factory,1024,1024-104,-0.276964,1.0,0.508333,0.491667,1.0,1.0,0.0,0.0,0.601593,0.603808,0.415214
difficulty,Factory,1024,1024-105,1.162645,0.0,0.0,0.116667,0.116667,0.0,0.466667,0.0,0.844233,0.324905,1.71198
difficulty,Factory,1024,1024-106,0.252362,0.458333,0.0,1.0,1.0,0.458333,0.0,0.0,0.70532,0.494888,0.881679
difficulty,Factory,1024,1024-107,-0.848234,0.258333,1.0,0.0,1.0,1.0,0.0,0.0,0.473688,0.646161,0.149163
difficulty,Factory,1024,1024-108,0.229203,0.5,0.0,1.0,1.0,0.5,0.0,0.0,0.701235,0.478906,0.861952
difficulty,Factory,1024,1024-109,-0.803285,0.3,1.0,0.0,1.0,1.0,0.0,0.0,0.475453,0.630276,0.157709
difficulty,Factory,1024,1024-110,-0.190562,1.0,0.433333,0.566667,1.0,1.0,0.0,0.0,0.613833,0.489523,0.468283
difficulty,Factory,1024,1024-111,-0.19398,1.0,0.316667,0.683333,1.0,1.0,0.0,0.0,0.619507,0.564671,0.491223
difficulty,Factory,1024,1024-112,-0.433928,0.958333,0.725,0.275,1.0,1.0,0.0,0.0,0.56864,0.605473,0.279434
difficulty,Factory,1024,1024-113,0.289044,0.375,0.0,1.0,1.0,0.375,0.0,0.0,0.715959,0.49727,0.933979
difficulty,Factory,1024,1024-114,0.537074,0.116667,0.0,0.816667,0.816667,0.116667,0.0,0.0,0.755728,0.417806,1.14213
difficulty,Factory,1024,1024-115,0.298362,0.416667,0.0,1.0,1.0,0.416667,0.0,0.0,0.713388,0.450262,0.921989
difficulty,Factory,1024,1024-116,1.177182,0.0,0.0,0.108333,0.108333,0.0,0.491667,0.0,0.846471,0.328567,1.729138
difficulty,Factory,1024,1024-117,1.564602,0.0,0.0,0.0,0.0,0.0,0.858333,0.0,0.885493,0.244317,2.074707
difficulty,Factory,1024,1024-118,0.700849,0.0,0.0,0.625,0.625,0.0,0.0,0.0,0.781887,0.406138,1.291807
difficulty,Factory,1024,1024-119,-1.447227,0.0,0.0,0.0,0.0,0.0,0.0,0.416667,0.311469,0.479541,0.802369
difficulty,Factory,1024,1024-120,0.2584,0.416667,0.0,1.0,1.0,0.416667,0.0,0.0,0.710786,0.510646,0.907077
difficulty,Factory,1024,1024-121,-2.292643,0.0,0.0,0.0,0.0,0.0,0.0,1.0,0.1603,0.418973,1.672012
difficulty,Factory,1024,1024-122,0.040694,0.708333,0.108333,0.891667,1.0,0.708333,0.0,0.0,0.664709,0.492214,0.691587
difficulty,Factory,1024,1024-123,0.560079,0.033333,0.0,0.775,0.775,0.033333,0.0,0.0,0.762455,0.456011,1.178312
difficulty,Factory,1024,1024-124,-0.938357,0.1,0.725,0.0,0.725,0.725,0.0,0.0,0.432926,0.490468,0.279673
difficulty,Factory,1024,1024-125,-1.597581,0.0,0.0,0.0,0.0,0.0,0.0,0.675,0.273162,0.356809,0.99225
difficulty,Factory,1024,1024-126,-0.841867,0.241667,0.8,0.0,0.8,0.8,0.0,0.0,0.451407,0.516458,0.235135
difficulty,Factory,1024,1024-127,-0.289939,1.0,0.5,0.5,1.0,1.0,0.0,0.0,0.595272,0.552547,0.389032
difficulty,Factory,1024,1024-128,1.212432,0.0,0.0,0.066667,0.066667,0.0,0.516667,0.0,0.850186,0.313298,1.75892
difficulty,Factory,1024,1024-129,-0.611522,0.491667,1.0,0.0,1.0,1.0,0.0,0.0,0.501294,0.531537,0.174249
difficulty,Factory,1024,1024-130,1.19278,0.0,0.0,0.1,0.1,0.0,0.5,0.0,0.84767,0.303031,1.73944
difficulty,Factory,1024,1024-131,0.036004,0.716667,0.016667,0.983333,1.0,0.716667,0.0,0.0,0.66985,0.554766,0.713179
difficulty,Factory,1024,1024-132,0.459359,0.158333,0.0,0.908333,0.908333,0.158333,0.0,0.0,0.744676,0.460071,1.081284
difficulty,Factory,1024,1024-133,1.932302,0.0,0.0,0.0,0.0,0.0,1.0,0.0,0.915247,0.185086,2.41482
difficulty,Factory,1024,1024-134,-0.44433,0.95,0.733333,0.266667,1.0,1.0,0.0,0.0,0.563567,0.607971,0.259431
difficulty,Factory,1024,1024-135,-0.388455,0.975,0.691667,0.308333,1.0,1.0,0.0,0.0,0.571692,0.550462,0.292144
difficulty,Factory,1024,1024-136,1.419827,0.0,0.0,0.0,0.0,0.0,0.708333,0.0,0.871321,0.259907,1.939712
difficulty,Factory,1024,1024-137,-0.924784,0.125,0.625,0.0,0.625,0.625,0.0,0.0,0.425565,0.444479,0.316592
difficulty,Factory,1024,1024-138,2.11632,0.0,0.0,0.0,0.0,0.0,1.0,0.0,0.927614,0.156777,2.589116
difficulty,Factory,1024,1024-139,0.584726,0.058333,0.0,0.758333,0.758333,0.058333,0.0,0.0,0.763707,0.409733,1.185868
difficulty,Factory,1024,1024-140,0.501021,0.15,0.0,0.85,0.85,0.15,0.0,0.0,0.749981,0.446085,1.111052
difficulty,Factory,1024,1024-141,0.627165,0.0,0.0,0.708333,0.708333,0.0,0.0,0.0,0.770677,0.417443,1.225938
difficulty,Factory,1024,1024-142,0.788706,0.0,0.0,0.533333,0.533333,0.0,0.066667,0.0,0.793505,0.360181,1.363442
difficulty,Factory,1024,1024-143,-1.001698,0.0,0.658333,0.0,0.658333,0.658333,0.0,0.0,0.421889,0.577811,0.317419
difficulty,Factory,1024,1024-144,-1.463705,0.0,0.0,0.0,0.0,0.0,0.0,0.516667,0.305505,0.409166,0.831699
difficulty,Factory,1024,1024-145,-0.324913,1.0,0.583333,0.416667,1.0,1.0,0.0,0.0,0.590696,0.584787,0.369456
difficulty,Factory,1024,1024-146,0.973946,0.0,0.0,0.325,0.325,0.0,0.266667,0.0,0.820104,0.343674,1.536695
difficulty,Factory,1024,1024-147,-0.26743,1.0,0.55,0.45,1.0,1.0,0.0,0.0,0.593739,0.538896,0.382857
difficulty,Factory,1024,1024-148,-0.356829,1.0,0.591667,0.408333,1.0,1.0,0.0,0.0,0.587567,0.611236,0.356425
difficulty,Factory,1024,1024-149,-1.63242,0.0,0.0,0.0,0.0,0.0,0.0,0.691667,0.268505,0.406318,1.01433
difficulty,Factory,1024,1024-150,0.108571,0.591667,0.0,1.0,1.0,0.591667,0.0,0.0,0.685428,0.519121,0.785754
difficulty,Factory,1024,1024-151,-1.035564,0.0,0.75,0.0,0.75,0.75,0.0,0.0,0.425994,0.664169,0.299741
difficulty,Factory,1024,1024-152,0.358833,0.325,0.0,1.0,1.0,0.325,0.0,0.0,0.724471,0.459202,0.977297
difficulty,Factory,1024,1024-153,-1.836732,0.0,0.0,0.0,0.0,0.0,0.0,0.983333,0.232934,0.426381,1.204778
difficulty,Factory,1024,1024-154,0.90746,0.0,0.0,0.433333,0.433333,0.0,0.191667,0.0,0.807758,0.32661,1.455292
difficulty,Factory,1024,1024-155,0.611797,0.0,0.0,0.733333,0.733333,0.0,0.0,0.0,0.768528,0.434331,1.213061
difficulty,Factory,1024,1024-156,-1.085474,0.0,0.466667,0.0,0.466667,0.466667,0.0,0.0,0.39627,0.475955,0.425126
difficulty,Factory,1024,1024-157,-1.189078,0.0,0.3,0.0,0.3,0.3,0.0,0.041667,0.370851,0.50137,0.533409
difficulty,Factory,1024,1024-158,-0.159013,1.0,0.308333,0.691667,1.0,1.0,0.0,0.0,0.627017,0.588768,0.523257
difficulty,Factory,1024,1024-159,-1.710433,0.0,0.0,0.0,0.0,0.0,0.0,0.85,0.248693,0.375161,1.119188
difficulty,Factory,1024,1024-160,-0.786836,0.35,1.0,0.0,1.0,1.0,0.0,0.0,0.47916,0.611978,0.165179
difficulty,Factory,1024,1024-161,-2.156481,0.0,0.0,0.0,0.0,0.0,0.0,1.0,0.176593,0.342076,1.560789
difficulty,Factory,1024,1024-162,-0.614817,0.633333,1.0,0.0,1.0,1.0,0.0,0.0,0.520277,0.558386,0.158747
difficulty,Factory,1024,1024-163,0.513434,0.116667,0.0,0.841667,0.841667,0.116667,0.0,0.0,0.754031,0.464634,1.131905
difficulty,Factory,1024,1024-164,-1.755263,0.0,0.0,0.0,0.0,0.0,0.0,0.858333,0.247433,0.417306,1.124894
difficulty,Factory,1024,1024-165,0.375268,0.283333,0.0,1.0,1.0,0.283333,0.0,0.0,0.729584,0.464701,1.002519
difficulty,Factory,1024,1024-166,-0.368979,1.0,0.658333,0.341667,1.0,1.0,0.0,0.0,0.577493,0.589487,0.315167
difficulty,Factory,1024,1024-167,-0.433669,0.975,0.733333,0.266667,1.0,1.0,0.0,0.0,0.566039,0.611863,0.268526
difficulty,Factory,1024,1024-168,0.144424,0.566667,0.0,1.0,1.0,0.566667,0.0,0.0,0.689326,0.504011,0.804486
difficulty,Factory,1024,1024-169,0.734074,0.0,0.0,0.591667,0.591667,0.0,0.0,0.0,0.787688,0.42184,1.32542
difficulty,Factory,1024,1024-170,-2.060442,0.0,0.0,0.0,0.0,0.0,0.0,1.0,0.185831,0.308501,1.49686
difficulty,Factory,1024,1024-171,-2.302819,0.0,0.0,0.0,0.0,0.0,0.0,1.0,0.149934,0.271558,1.758508
difficulty,Factory,1024,1024-172,-0.315122,1.0,0.633333,0.366667,1.0,1.0,0.0,0.0,0.581735,0.518252,0.333078
difficulty,Factory,1024,1024-173,-0.647231,0.65,1.0,0.0,1.0,1.0,0.0,0.0,0.521054,0.588249,0.165196
difficulty,Factory,1024,1024-174,-1.658396,0.0,0.0,0.0,0.0,0.0,0.0,0.675,0.261737,0.330483,1.051963
difficulty,Factory,1024,1024-175,-0.474327,0.8,0.833333,0.166667,1.0,1.0,0.0,0.0,0.547426,0.561603,0.214073
difficulty,Factory,1024,1024-176,0.116371,0.591667,0.0,1.0,1.0,0.591667,0.0,0.0,0.684411,0.511736,0.781343
difficulty,Factory,1024,1024-177,-0.195482,1.0,0.366667,0.633333,1.0,1.0,0.0,0.0,0.620575,0.557689,0.496232
difficulty,Factory,1024,1024-178,0.170587,0.6,0.0,1.0,1.0,0.6,0.0,0.0,0.685542,0.473328,0.787721
difficulty,Factory,1024,1024-179,-0.352184,1.0,0.6,0.4,1.0,1.0,0.0,0.0,0.583819,0.585048,0.341263
difficulty,Factory,1024,1024-180,-0.788933,0.358333,0.975,0.0,0.975,0.975,0.0,0.0,0.476515,0.545078,0.182234
difficulty,Factory,1024,1024-181,-1.217064,0.0,0.475,0.0,0.475,0.475,0.0,0.0,0.393185,0.763971,0.435646
difficulty,Factory,1024,1024-182,-0.716231,0.516667,1.0,0.0,1.0,1.0,0.0,0.0,0.497105,0.586961,0.156652
difficulty,Factory,1024,1024-183,-0.03899,0.825,0.2,0.8,1.0,0.825,0.0,0.0,0.646128,0.486849,0.608228
difficulty,Factory,1024,1024-184,0.154547,0.566667,0.0,1.0,1.0,0.566667,0.0,0.0,0.688729,0.466731,0.80161
difficulty,Factory,1024,1024-185,-0.27275,1.0,0.591667,0.408333,1.0,1.0,0.0,0.0,0.591942,0.493328,0.37548
difficulty,Factory,1024,1024-186,-1.152264,0.0,0.358333,0.0,0.358333,0.358333,0.0,0.0,0.377054,0.552858,0.507303
difficulty,Factory,1024,1024-187,1.514339,0.0,0.0,0.0,0.0,0.0,0.8,0.0,0.880229,0.243024,2.023874
difficulty,Factory,1024,1024-188,-0.199393,1.0,0.383333,0.616667,1.0,1.0,0.0,0.0,0.620705,0.593551,0.496386
difficulty,Factory,1024,1024-189,-1.046237,0.0,0.641667,0.0,0.641667,0.641667,0.0,0.0,0.415261,0.567081,0.345071
difficulty,Factory,1024,1024-190,0.696606,0.0,0.0,0.65,0.65,0.0,0.0,0.0,0.778921,0.394582,1.274759
difficulty,Factory,1024,1024-191,-0.890197,0.2,0.916667,0.0,0.916667,0.916667,0.0,0.0,0.460146,0.606072,0.186522
difficulty,Factory,1024,1024-192,-0.583305,0.625,0.983333,0.016667,1.0,1.0,0.0,0.0,0.523585,0.591512,0.173762
difficulty,Factory,1024,1024-193,1.315357,0.0,0.0,0.0,0.0,0.0,0.625,0.0,0.861736,0.297958,1.853987
difficulty,Factory,1024,1024-194,-0.921093,0.141667,0.791667,0.0,0.791667,0.791667,0.0,0.0,0.444133,0.573427,0.238344
difficulty,Factory,1024,1024-195,-1.033055,0.0,0.691667,0.0,0.691667,0.691667,0.0,0.0,0.423293,0.61786,0.311463
difficulty,Factory,1024,1024-196,0.791634,0.0,0.0,0.533333,0.533333,0.0,0.066667,0.0,0.795231,0.392575,1.372507
difficulty,Factory,1024,1024-197,-1.046091,0.0,0.508333,0.0,0.508333,0.508333,0.0,0.0,0.404915,0.522921,0.388662
difficulty,Factory,1024,1024-198,-0.344008,1.0,0.625,0.375,1.0,1.0,0.0,0.0,0.583289,0.580248,0.33918
difficulty,Factory,1024,1024-199,0.002774,0.783333,0.175,0.825,1.0,0.783333,0.0,0.0,0.652795,0.516642,0.63771
difficulty,Factory,2026,2026-0,-0.793122,0.383333,1.0,0.0,1.0,1.0,0.0,0.0,0.480977,0.606365,0.15622
difficulty,Factory,2026,2026-1,0.240571,0.508333,0.0,1.0,1.0,0.508333,0.0,0.0,0.700783,0.472358,0.860173
difficulty,Factory,2026,2026-2,-1.896326,0.0,0.0,0.0,0.0,0.0,0.0,1.0,0.220955,0.41817,1.275933
difficulty,Factory,2026,2026-3,1.395772,0.0,0.0,0.0,0.0,0.0,0.691667,0.0,0.869374,0.277815,1.921801
difficulty,Factory,2026,2026-4,0.638295,0.0,0.0,0.675,0.675,0.0,0.0,0.0,0.774373,0.442328,1.246867
difficulty,Factory,2026,2026-5,-0.292047,1.0,0.566667,0.433333,1.0,1.0,0.0,0.0,0.588775,0.554394,0.362148
difficulty,Factory,2026,2026-6,-0.311949,1.0,0.591667,0.408333,1.0,1.0,0.0,0.0,0.591952,0.595124,0.374813
difficulty,Factory,2026,2026-7,0.303835,0.391667,0.0,1.0,1.0,0.391667,0.0,0.0,0.716583,0.468212,0.937004
difficulty,Factory,2026,2026-8,-0.26766,1.0,0.4,0.6,1.0,1.0,0.0,0.0,0.612742,0.662337,0.461469
difficulty,Factory,2026,2026-9,-0.225909,1.0,0.4,0.6,1.0,1.0,0.0,0.0,0.611627,0.578713,0.457878
difficulty,Factory,2026,2026-10,0.720068,0.0,0.0,0.591667,0.591667,0.0,0.0,0.0,0.785561,0.423879,1.313348
difficulty,Factory,2026,2026-11,0.514705,0.116667,0.0,0.841667,0.841667,0.116667,0.0,0.0,0.753501,0.442727,1.129337
difficulty,Factory,2026,2026-12,-0.064128,0.858333,0.258333,0.741667,1.0,0.858333,0.0,0.0,0.642326,0.532459,0.591473
difficulty,Factory,2026,2026-13,-0.085477,0.9,0.175,0.825,1.0,0.9,0.0,0.0,0.644416,0.571069,0.599023
difficulty,Factory,2026,2026-14,0.160916,0.541667,0.0,1.0,1.0,0.541667,0.0,0.0,0.689563,0.470379,0.806603
difficulty,Factory,2026,2026-15,-0.614018,0.791667,1.0,0.0,1.0,1.0,0.0,0.0,0.532654,0.742949,0.147653
difficulty,Factory,2026,2026-16,-0.40375,0.866667,0.7,0.3,1.0,1.0,0.0,0.0,0.5598,0.529869,0.251738
difficulty,Factory,2026,2026-17,0.54826,0.075,0.0,0.808333,0.808333,0.075,0.0,0.0,0.758387,0.450222,1.155648
difficulty,Factory,2026,2026-18,-0.130483,0.966667,0.316667,0.683333,1.0,0.966667,0.0,0.0,0.630952,0.509268,0.541659
difficulty,Factory,2026,2026-19,-1.374426,0.0,0.05,0.0,0.05,0.05,0.0,0.183333,0.342098,0.644875,0.658418
difficulty,Factory,2026,2026-20,-0.477279,0.941667,0.808333,0.191667,1.0,1.0,0.0,0.0,0.554952,0.633429,0.223718
difficulty,Factory,2026,2026-21,0.656622,0.0,0.0,0.666667,0.666667,0.0,0.0,0.0,0.774368,0.394355,1.248088
difficulty,Factory,2026,2026-22,-0.232283,1.0,0.416667,0.583333,1.0,1.0,0.0,0.0,0.611967,0.603837,0.458963
difficulty,Factory,2026,2026-23,-0.148733,0.991667,0.225,0.775,1.0,0.991667,0.0,0.0,0.633844,0.601916,0.552682
difficulty,Factory,2026,2026-24,0.641837,0.0,0.0,0.7,0.7,0.0,0.0,0.0,0.771473,0.397693,1.231186
difficulty,Factory,2026,2026-25,1.82461,0.0,0.0,0.0,0.0,0.0,1.0,0.0,0.907464,0.19797,2.316985
difficulty,Factory,2026,2026-26,-0.713189,0.475,1.0,0.0,1.0,1.0,0.0,0.0,0.495254,0.556881,0.164235
difficulty,Factory,2026,2026-27,1.348207,0.0,0.0,0.0,0.0,0.0,0.65,0.0,0.864254,0.285451,1.876221
difficulty,Factory,2026,2026-28,-1.230013,0.0,0.258333,0.0,0.258333,0.258333,0.0,0.066667,0.365382,0.558967,0.55666
difficulty,Factory,2026,2026-29,0.174978,0.533333,0.0,1.0,1.0,0.533333,0.0,0.0,0.694853,0.519719,0.830145
difficulty,Factory,2026,2026-30,-1.16953,0.0,0.316667,0.0,0.316667,0.316667,0.0,0.066667,0.373251,0.487217,0.523433
difficulty,Factory,2026,2026-31,1.351458,0.0,0.0,0.0,0.0,0.0,0.641667,0.0,0.863751,0.269366,1.872894
difficulty,Factory,2026,2026-32,0.833923,0.0,0.0,0.475,0.475,0.0,0.108333,0.0,0.800815,0.38645,1.408534
difficulty,Factory,2026,2026-33,1.137717,0.0,0.0,0.175,0.175,0.0,0.433333,0.0,0.839977,0.306234,1.68081
difficulty,Factory,2026,2026-34,-0.885533,0.191667,0.841667,0.0,0.841667,0.841667,0.0,0.0,0.451023,0.567513,0.21949
difficulty,Factory,2026,2026-35,0.684555,0.0,0.0,0.641667,0.641667,0.0,0.0,0.0,0.780529,0.42252,1.28299
difficulty,Factory,2026,2026-36,-0.519013,0.783333,0.883333,0.116667,1.0,1.0,0.0,0.0,0.540867,0.598282,0.190599
difficulty,Factory,2026,2026-37,-0.457385,0.816667,0.833333,0.166667,1.0,1.0,0.0,0.0,0.550975,0.568319,0.224977
difficulty,Factory,2026,2026-38,0.506537,0.091667,0.0,0.85,0.85,0.091667,0.0,0.0,0.754745,0.477184,1.134793
difficulty,Factory,2026,2026-39,0.876718,0.0,0.0,0.441667,0.441667,0.0,0.158333,0.0,0.807048,0.373997,1.448104
difficulty,Factory,2026,2026-40,0.20442,0.55,0.0,1.0,1.0,0.55,0.0,0.0,0.69618,0.50399,0.837701
difficulty,Factory,2026,2026-41,-0.627987,0.633333,1.0,0.0,1.0,1.0,0.0,0.0,0.516572,0.586363,0.153766
difficulty,Factory,2026,2026-42,-0.825817,0.425,1.0,0.0,1.0,1.0,0.0,0.0,0.480995,0.644329,0.144725
difficulty,Factory,2026,2026-43,1.444317,0.0,0.0,0.0,0.0,0.0,0.741667,0.0,0.873852,0.249516,1.963025
difficulty,Factory,2026,2026-44,0.593946,0.041667,0.0,0.741667,0.741667,0.041667,0.0,0.0,0.766088,0.424514,1.199431
difficulty,Factory,2026,2026-45,0.719728,0.0,0.0,0.608333,0.608333,0.0,0.0,0.0,0.783804,0.413262,1.303255
difficulty,Factory,2026,2026-46,2.183488,0.0,0.0,0.0,0.0,0.0,1.0,0.0,0.931613,0.148324,2.651104
difficulty,Factory,2026,2026-47,-0.815863,0.283333,0.975,0.0,0.975,0.975,0.0,0.0,0.468786,0.594031,0.18406
difficulty,Factory,2026,2026-48,2.559458,0.0,0.0,0.0,0.0,0.0,1.0,0.0,0.951053,0.114536,3.010758
difficulty,Factory,2026,2026-49,3.150908,0.0,0.0,0.0,0.0,0.0,1.0,0.0,0.971606,0.06538,3.582884
difficulty,Factory,2026,2026-50,1.618413,0.0,0.0,0.0,0.0,0.0,0.916667,0.0,0.890605,0.228342,2.127254
difficulty,Factory,2026,2026-51,0.827107,0.0,0.0,0.483333,0.483333,0.0,0.108333,0.0,0.80071,0.38249,1.407451
difficulty,Factory,2026,2026-52,-0.663822,0.491667,1.0,0.0,1.0,1.0,0.0,0.0,0.505712,0.650529,0.135543
difficulty,Factory,2026,2026-53,0.994486,0.0,0.0,0.3,0.3,0.0,0.291667,0.0,0.82309,0.345324,1.557225
difficulty,Factory,2026,2026-54,-0.442692,0.958333,0.791667,0.208333,1.0,1.0,0.0,0.0,0.562644,0.612169,0.254501
difficulty,Factory,2026,2026-55,-0.021651,0.808333,0.133333,0.866667,1.0,0.808333,0.0,0.0,0.653123,0.511776,0.638674
difficulty,Factory,2026,2026-56,-0.290433,1.0,0.541667,0.458333,1.0,1.0,0.0,0.0,0.596263,0.588174,0.392976
difficulty,Factory,2026,2026-57,0.28383,0.366667,0.0,1.0,1.0,0.366667,0.0,0.0,0.717007,0.505662,0.938245
difficulty,Factory,2026,2026-58,1.288078,0.0,0.0,0.0,0.0,0.0,0.591667,0.0,0.857943,0.289866,1.82254
difficulty,Factory,2026,2026-59,-0.555584,0.683333,0.966667,0.033333,1.0,1.0,0.0,0.0,0.52674,0.550634,0.165812
difficulty,Factory,2026,2026-60,-0.985404,0.025,0.841667,0.0,0.841667,0.841667,0.0,0.0,0.444527,0.682204,0.22454
difficulty,Factory,2026,2026-61,-1.002957,0.0,0.583333,0.0,0.583333,0.583333,0.0,0.0,0.41648,0.508426,0.340912
difficulty,Factory,2026,2026-62,-0.968277,0.066667,0.65,0.0,0.65,0.65,0.0,0.0,0.427405,0.547415,0.298104
difficulty,Factory,2026,2026-63,-1.431103,0.0,0.0,0.0,0.0,0.0,0.0,0.458333,0.308695,0.380633,0.816937
difficulty,Factory,2026,2026-64,-0.912934,0.2,0.858333,0.0,0.858333,0.858333,0.0,0.0,0.452506,0.630038,0.214024
difficulty,Factory,2026,2026-65,1.293266,0.0,0.0,0.0,0.0,0.0,0.583333,0.0,0.857902,0.295392,1.822467
difficulty,Factory,2026,2026-66,-0.593312,0.65,0.991667,0.008333,1.0,1.0,0.0,0.0,0.528968,0.660292,0.171525
difficulty,Factory,2026,2026-67,0.257108,0.441667,0.0,1.0,1.0,0.441667,0.0,0.0,0.708794,0.482087,0.897894
difficulty,Factory,2026,2026-68,-1.216894,0.0,0.366667,0.0,0.366667,0.366667,0.0,0.0,0.374805,0.611741,0.515994
difficulty,Factory,2026,2026-69,0.169651,0.5,0.0,1.0,1.0,0.5,0.0,0.0,0.699015,0.549488,0.849572
difficulty,Factory,2026,2026-70,-1.740781,0.0,0.0,0.0,0.0,0.0,0.0,0.85,0.252059,0.461684,1.098465
difficulty,Factory,2026,2026-71,-0.698756,0.558333,1.0,0.0,1.0,1.0,0.0,0.0,0.505852,0.650532,0.135957
difficulty,Factory,2026,2026-72,2.254539,0.0,0.0,0.0,0.0,0.0,1.0,0.0,0.935504,0.131985,2.715881
difficulty,Factory,2026,2026-73,-0.58297,0.666667,0.983333,0.016667,1.0,1.0,0.0,0.0,0.524623,0.589907,0.169015
difficulty,Factory,2026,2026-74,1.119976,0.0,0.0,0.175,0.175,0.0,0.416667,0.0,0.838247,0.311774,1.667394
difficulty,Factory,2026,2026-75,0.455054,0.15,0.0,0.916667,0.916667,0.15,0.0,0.0,0.744802,0.450635,1.081648
difficulty,Factory,2026,2026-76,-0.152986,1.0,0.291667,0.708333,1.0,1.0,0.0,0.0,0.629792,0.607389,0.535144
difficulty,Factory,2026,2026-77,-0.652107,0.616667,1.0,0.0,1.0,1.0,0.0,0.0,0.513374,0.632112,0.151208
difficulty,Factory,2026,2026-78,1.286909,0.0,0.0,0.008333,0.008333,0.0,0.575,0.0,0.857149,0.284346,1.816562
difficulty,Factory,2026,2026-79,-0.177383,1.0,0.325,0.675,1.0,1.0,0.0,0.0,0.624676,0.577862,0.513737
difficulty,Factory,2026,2026-80,1.527424,0.0,0.0,0.0,0.0,0.0,0.833333,0.0,0.882501,0.263223,2.044507
difficulty,Factory,2026,2026-81,-0.719079,0.45,1.0,0.0,1.0,1.0,0.0,0.0,0.4931,0.550319,0.153549
difficulty,Factory,2026,2026-82,0.057339,0.716667,0.125,0.875,1.0,0.716667,0.0,0.0,0.664755,0.49455,0.69161
difficulty,Factory,2026,2026-83,0.465499,0.158333,0.0,0.9,0.9,0.158333,0.0,0.0,0.744836,0.464792,1.08177
difficulty,Factory,2026,2026-84,0.37316,0.266667,0.0,1.0,1.0,0.266667,0.0,0.0,0.729741,0.485578,1.002555
difficulty,Factory,2026,2026-85,-1.233802,0.0,0.233333,0.0,0.233333,0.233333,0.0,0.016667,0.36649,0.569893,0.551512
difficulty,Factory,2026,2026-86,-0.664063,0.5,1.0,0.0,1.0,1.0,0.0,0.0,0.496425,0.487015,0.186701
difficulty,Factory,2026,2026-87,-0.19598,1.0,0.416667,0.583333,1.0,1.0,0.0,0.0,0.613212,0.550793,0.46452
difficulty,Factory,2026,2026-88,-0.853699,0.225,0.941667,0.0,0.941667,0.941667,0.0,0.0,0.463985,0.583882,0.176569
difficulty,Factory,2026,2026-89,0.677325,0.0,0.0,0.658333,0.658333,0.0,0.0,0.0,0.779953,0.435856,1.278564
difficulty,Factory,2026,2026-90,0.588019,0.033333,0.0,0.758333,0.758333,0.033333,0.0,0.0,0.764052,0.440244,1.187905
difficulty,Factory,2026,2026-91,-1.957084,0.0,0.0,0.0,0.0,0.0,0.0,1.0,0.207214,0.344814,1.358487
difficulty,Factory,2026,2026-92,-1.805254,0.0,0.0,0.0,0.0,0.0,0.0,0.9,0.245999,0.492667,1.130953
difficulty,Factory,2026,2026-93,-1.281563,0.0,0.233333,0.0,0.233333,0.233333,0.0,0.158333,0.354214,0.480988,0.606978
difficulty,Factory,2026,2026-94,0.11726,0.608333,0.016667,0.983333,1.0,0.608333,0.0,0.0,0.680693,0.470423,0.765172
difficulty,Factory,2026,2026-95,2.033173,0.0,0.0,0.0,0.0,0.0,1.0,0.0,0.922329,0.17285,2.511445
difficulty,Factory,2026,2026-96,-0.382356,1.0,0.641667,0.358333,1.0,1.0,0.0,0.0,0.577161,0.585228,0.313715
difficulty,Factory,2026,2026-97,0.250651,0.466667,0.0,1.0,1.0,0.466667,0.0,0.0,0.703893,0.492804,0.875074
difficulty,Factory,2026,2026-98,-1.063112,0.0,0.658333,0.0,0.658333,0.658333,0.0,0.0,0.422975,0.637033,0.312671
difficulty,Factory,2026,2026-99,-1.046836,0.0,0.6,0.0,0.6,0.6,0.0,0.0,0.412415,0.599693,0.356905
difficulty,Factory,2026,2026-100,-1.957228,0.0,0.0,0.0,0.0,0.0,0.0,1.0,0.200073,0.321672,1.40569
difficulty,Factory,2026,2026-101,-0.028344,0.8,0.15,0.85,1.0,0.8,0.0,0.0,0.655624,0.532378,0.649481
difficulty,Factory,2026,2026-102,0.947217,0.0,0.0,0.366667,0.366667,0.0,0.233333,0.0,0.816281,0.354447,1.510344
difficulty,Factory,2026,2026-103,-0.356714,1.0,0.658333,0.341667,1.0,1.0,0.0,0.0,0.580184,0.6168,0.325985
difficulty,Factory,2026,2026-104,1.396453,0.0,0.0,0.0,0.0,0.0,0.683333,0.0,0.868789,0.268478,1.917593
difficulty,Factory,2026,2026-105,0.197855,0.55,0.0,1.0,1.0,0.55,0.0,0.0,0.693809,0.497926,0.826113
difficulty,Factory,2026,2026-106,-0.036412,0.825,0.158333,0.841667,1.0,0.825,0.0,0.0,0.649973,0.534635,0.62461
difficulty,Factory,2026,2026-107,0.517254,0.15,0.0,0.833333,0.833333,0.15,0.0,0.0,0.751267,0.430714,1.118081
difficulty,Factory,2026,2026-108,0.487378,0.183333,0.0,0.883333,0.883333,0.183333,0.0,0.0,0.745656,0.431999,1.087596
difficulty,Factory,2026,2026-109,1.147806,0.0,0.0,0.141667,0.141667,0.0,0.441667,0.0,0.842297,0.322694,1.696971
difficulty,Factory,2026,2026-110,-0.801954,0.258333,0.908333,0.0,0.908333,0.908333,0.0,0.0,0.463527,0.563136,0.198446
difficulty,Factory,2026,2026-111,-2.288049,0.0,0.0,0.0,0.0,0.0,0.0,1.0,0.150672,0.217971,1.758475
difficulty,Factory,2026,2026-112,0.114747,0.608333,0.0,1.0,1.0,0.608333,0.0,0.0,0.681521,0.518078,0.7676
difficulty,Factory,2026,2026-113,-0.611675,0.6,1.0,0.0,1.0,1.0,0.0,0.0,0.516674,0.580602,0.158881
difficulty,Factory,2026,2026-114,-0.027177,0.791667,0.116667,0.883333,1.0,0.791667,0.0,0.0,0.656906,0.595999,0.654682
difficulty,Factory,2026,2026-115,1.6643,0.0,0.0,0.0,0.0,0.0,0.95,0.0,0.894184,0.220694,2.165211
difficulty,Factory,2026,2026-116,-1.102842,0.0,0.466667,0.0,0.466667,0.466667,0.0,0.0,0.392098,0.492087,0.443713
difficulty,Factory,2026,2026-117,0.764797,0.0,0.0,0.55,0.55,0.0,0.033333,0.0,0.793038,0.416546,1.358144
difficulty,Factory,2026,2026-118,0.945868,0.0,0.0,0.35,0.35,0.0,0.233333,0.0,0.817285,0.365649,1.51652
difficulty,Factory,2026,2026-119,0.460736,0.183333,0.0,0.916667,0.916667,0.183333,0.0,0.0,0.743064,0.471943,1.072495
difficulty,Factory,2026,2026-120,1.118508,0.0,0.0,0.191667,0.191667,0.0,0.4,0.0,0.836702,0.298454,1.656291
difficulty,Factory,2026,2026-121,-0.458362,0.933333,0.8,0.2,1.0,1.0,0.0,0.0,0.560766,0.592481,0.250078
difficulty,Factory,2026,2026-122,-0.68151,0.716667,1.0,0.0,1.0,1.0,0.0,0.0,0.521003,0.747144,0.121202
difficulty,Factory,2026,2026-123,1.038983,0.0,0.0,0.258333,0.258333,0.0,0.341667,0.0,0.829236,0.338522,1.600587
difficulty,Factory,2026,2026-124,0.7203,0.0,0.0,0.6,0.6,0.0,0.0,0.0,0.784857,0.381308,1.310015
difficulty,Factory,2026,2026-125,1.390378,0.0,0.0,0.0,0.0,0.0,0.683333,0.0,0.868267,0.264566,1.912989
difficulty,Factory,2026,2026-126,0.21229,0.5,0.0,1.0,1.0,0.5,0.0,0.0,0.701099,0.493462,0.86066
difficulty,Factory,2026,2026-127,1.623563,0.0,0.0,0.0,0.0,0.0,0.9,0.0,0.89038,0.223571,2.125709
difficulty,Factory,2026,2026-128,-0.28208,1.0,0.466667,0.533333,1.0,1.0,0.0,0.0,0.601301,0.592327,0.41413
difficulty,Factory,2026,2026-129,-1.060329,0.0,0.6,0.0,0.6,0.6,0.0,0.0,0.413894,0.606957,0.350178
difficulty,Factory,2026,2026-130,-2.037089,0.0,0.0,0.0,0.0,0.0,0.0,1.0,0.189481,0.341358,1.474459
difficulty,Factory,2026,2026-131,-1.101401,0.0,0.583333,0.0,0.583333,0.583333,0.0,0.0,0.414363,0.674866,0.347795
difficulty,Factory,2026,2026-132,0.818504,0.0,0.0,0.483333,0.483333,0.0,0.1,0.0,0.799333,0.362861,1.399321
difficulty,Factory,2026,2026-133,-1.464929,0.0,0.0,0.0,0.0,0.0,0.0,0.475,0.305614,0.45676,0.828666
difficulty,Factory,2026,2026-134,-0.452364,0.833333,0.766667,0.233333,1.0,1.0,0.0,0.0,0.556086,0.542733,0.247434
difficulty,Factory,2026,2026-135,2.106584,0.0,0.0,0.0,0.0,0.0,1.0,0.0,0.927096,0.163862,2.580877
difficulty,Factory,2026,2026-136,0.846796,0.0,0.0,0.491667,0.491667,0.0,0.125,0.0,0.800435,0.35547,1.407206
difficulty,Factory,2026,2026-137,1.790985,0.0,0.0,0.0,0.0,0.0,1.0,0.0,0.904656,0.199112,2.283444
difficulty,Factory,2026,2026-138,-0.991562,0.016667,0.7,0.0,0.7,0.7,0.0,0.0,0.4298,0.626859,0.284859
difficulty,Factory,2026,2026-139,-2.459975,0.0,0.0,0.0,0.0,0.0,0.0,1.0,0.135841,0.362321,1.873263
difficulty,Factory,2026,2026-140,1.516381,0.0,0.0,0.0,0.0,0.0,0.816667,0.0,0.880935,0.248165,2.029788
difficulty,Factory,2026,2026-141,-1.416943,0.0,0.0,0.0,0.0,0.0,0.0,0.3,0.328421,0.589695,0.72119
difficulty,Factory,2026,2026-142,0.090924,0.633333,0.0,1.0,1.0,0.633333,0.0,0.0,0.681033,0.548458,0.764632
difficulty,Factory,2026,2026-143,0.217093,0.491667,0.0,1.0,1.0,0.491667,0.0,0.0,0.699947,0.479217,0.855346
difficulty,Factory,2026,2026-144,-0.948896,0.091667,0.641667,0.0,0.641667,0.641667,0.0,0.0,0.421854,0.377159,0.324397
difficulty,Factory,2026,2026-145,1.552633,0.0,0.0,0.0,0.0,0.0,0.833333,0.0,0.883774,0.22525,2.058908
difficulty,Factory,2026,2026-146,1.549338,0.0,0.0,0.0,0.0,0.0,0.85,0.0,0.884672,0.256363,2.065978
difficulty,Factory,2026,2026-147,0.551444,0.041667,0.0,0.8,0.8,0.041667,0.0,0.0,0.760956,0.467162,1.169553
difficulty,Factory,2026,2026-148,-0.029491,0.841667,0.116667,0.883333,1.0,0.841667,0.0,0.0,0.651785,0.550881,0.631821
difficulty,Factory,2026,2026-149,0.191437,0.55,0.0,1.0,1.0,0.55,0.0,0.0,0.695226,0.518646,0.83237
difficulty,Factory,2026,2026-150,-1.095908,0.0,0.525,0.0,0.525,0.525,0.0,0.0,0.408508,0.649894,0.372247
difficulty,Factory,2026,2026-151,-0.239064,1.0,0.408333,0.591667,1.0,1.0,0.0,0.0,0.612613,0.62736,0.46135
difficulty,Factory,2026,2026-152,-0.104933,0.933333,0.266667,0.733333,1.0,0.933333,0.0,0.0,0.635395,0.515944,0.560483
difficulty,Factory,2026,2026-153,-0.852233,0.275,0.966667,0.0,0.966667,0.966667,0.0,0.0,0.46932,0.620159,0.156142
difficulty,Factory,2026,2026-154,0.849215,0.0,0.0,0.466667,0.466667,0.0,0.133333,0.0,0.802615,0.369775,1.419919
difficulty,Factory,2026,2026-155,-1.426481,0.0,0.0,0.0,0.0,0.0,0.0,0.325,0.323434,0.507115,0.745132
difficulty,Factory,2026,2026-156,-0.453419,0.766667,0.816667,0.183333,1.0,1.0,0.0,0.0,0.544254,0.504138,0.219461
difficulty,Factory,2026,2026-157,-2.252878,0.0,0.0,0.0,0.0,0.0,0.0,1.0,0.155687,0.252075,1.7173
difficulty,Factory,2026,2026-158,0.496819,0.166667,0.0,0.875,0.875,0.166667,0.0,0.0,0.748397,0.448052,1.102137
difficulty,Factory,2026,2026-159,0.742605,0.0,0.0,0.575,0.575,0.0,0.016667,0.0,0.78745,0.381154,1.325548
difficulty,Factory,2026,2026-160,0.621292,0.0,0.0,0.716667,0.716667,0.0,0.0,0.0,0.769935,0.418793,1.221456
difficulty,Factory,2026,2026-161,2.918087,0.0,0.0,0.0,0.0,0.0,1.0,0.0,0.96473,0.082532,3.356751
difficulty,Factory,2026,2026-162,0.939791,0.0,0.0,0.366667,0.366667,0.0,0.233333,0.0,0.81563,0.359476,1.505581
difficulty,Factory,2026,2026-163,-0.941991,0.125,0.8,0.0,0.8,0.8,0.0,0.0,0.446295,0.62497,0.226597
difficulty,Factory,2026,2026-164,2.66354,0.0,0.0,0.0,0.0,0.0,1.0,0.0,0.955492,0.102129,3.111696
difficulty,Factory,2026,2026-165,-0.920318,0.1,0.758333,0.0,0.758333,0.758333,0.0,0.0,0.436322,0.528517,0.268756
difficulty,Factory,2026,2026-166,0.788739,0.0,0.0,0.525,0.525,0.0,0.066667,0.0,0.79465,0.39102,1.369962
difficulty,Factory,2026,2026-167,0.743128,0.0,0.0,0.566667,0.566667,0.0,0.016667,0.0,0.789959,0.415809,1.339638
difficulty,Factory,2026,2026-168,-0.879723,0.15,0.85,0.0,0.85,0.85,0.0,0.0,0.447134,0.529594,0.233669
difficulty,Factory,2026,2026-169,1.395349,0.0,0.0,0.0,0.0,0.0,0.691667,0.0,0.868876,0.258933,1.918241
difficulty,Factory,2026,2026-170,0.354594,0.316667,0.0,1.0,1.0,0.316667,0.0,0.0,0.724874,0.431819,0.979577
difficulty,Factory,2026,2026-171,0.570955,0.091667,0.0,0.775,0.775,0.091667,0.0,0.0,0.761326,0.399784,1.173331
difficulty,Factory,2026,2026-172,-0.675733,0.575,1.0,0.0,1.0,1.0,0.0,0.0,0.512156,0.63972,0.139653
difficulty,Factory,2026,2026-173,1.302633,0.0,0.0,0.0,0.0,0.0,0.616667,0.0,0.860662,0.310257,1.844467
difficulty,Factory,2026,2026-174,-0.860938,0.275,0.916667,0.0,0.916667,0.916667,0.0,0.0,0.465322,0.626139,0.173891
difficulty,Factory,2026,2026-175,-1.779159,0.0,0.0,0.0,0.0,0.0,0.0,0.941667,0.229038,0.310311,1.230735
difficulty,Factory,2026,2026-176,1.425127,0.0,0.0,0.0,0.0,0.0,0.725,0.0,0.872314,0.271388,1.948485
difficulty,Factory,2026,2026-177,-0.426729,0.925,0.708333,0.291667,1.0,1.0,0.0,0.0,0.568958,0.605239,0.2809
difficulty,Factory,2026,2026-178,0.04337,0.708333,0.025,0.975,1.0,0.708333,0.0,0.0,0.668666,0.546653,0.70816
difficulty,Factory,2026,2026-179,1.922757,0.0,0.0,0.0,0.0,0.0,1.0,0.0,0.914589,0.182878,2.406366
difficulty,Factory,2026,2026-180,1.136491,0.0,0.0,0.15,0.15,0.0,0.433333,0.0,0.841031,0.334456,1.68701
difficulty,Factory,2026,2026-181,0.632709,0.0,0.0,0.7,0.7,0.0,0.0,0.0,0.774263,0.465478,1.245175
difficulty,Factory,2026,2026-182,1.069914,0.0,0.0,0.216667,0.216667,0.0,0.358333,0.0,0.832714,0.341827,1.624897
difficulty,Factory,2026,2026-183,-0.727509,0.366667,1.0,0.0,1.0,1.0,0.0,0.0,0.487629,0.623282,0.13549
difficulty,Factory,2026,2026-184,0.753089,0.0,0.0,0.55,0.55,0.0,0.025,0.0,0.792246,0.419269,1.352996
difficulty,Factory,2026,2026-185,1.109937,0.0,0.0,0.191667,0.191667,0.0,0.4,0.0,0.83737,0.330315,1.660313
difficulty,Factory,2026,2026-186,0.755422,0.0,0.0,0.558333,0.558333,0.0,0.025,0.0,0.791131,0.399838,1.347011
difficulty,Factory,2026,2026-187,-0.204135,1.0,0.466667,0.533333,1.0,1.0,0.0,0.0,0.606245,0.512199,0.436009
difficulty,Factory,2026,2026-188,-3.747414,0.0,0.0,0.0,0.0,0.0,0.0,1.0,0.037612,0.076412,3.289871
difficulty,Factory,2026,2026-189,0.557303,0.083333,0.0,0.8,0.8,0.083333,0.0,0.0,0.758489,0.42828,1.157196
difficulty,Factory,2026,2026-190,0.114876,0.591667,0.0,1.0,1.0,0.591667,0.0,0.0,0.68427,0.537015,0.780154
difficulty,Factory,2026,2026-191,-0.369554,0.841667,0.65,0.35,1.0,1.0,0.0,0.0,0.566882,0.467195,0.286867
difficulty,Factory,2026,2026-192,0.778099,0.0,0.0,0.525,0.525,0.0,0.058333,0.0,0.794212,0.393799,1.366316
difficulty,Factory,2026,2026-193,0.265703,0.35,0.0,1.0,1.0,0.35,0.0,0.0,0.716877,0.563047,0.936297
difficulty,Factory,2026,2026-194,0.203956,0.525,0.0,1.0,1.0,0.525,0.0,0.0,0.695892,0.44934,0.837018
difficulty,Factory,2026,2026-195,-1.483591,0.0,0.0,0.0,0.0,0.0,0.0,0.416667,0.312014,0.562065,0.79797
difficulty,Factory,2026,2026-196,-1.459323,0.0,0.0,0.0,0.0,0.0,0.0,0.4,0.315279,0.470161,0.782623
difficulty,Factory,2026,2026-197,0.370536,0.341667,0.0,1.0,1.0,0.341667,0.0,0.0,0.72441,0.437549,0.977689
difficulty,Factory,2026,2026-198,0.076057,0.716667,0.0,1.0,1.0,0.716667,0.0,0.0,0.672378,0.540127,0.725054
difficulty,Factory,2026,2026-199,0.138741,0.633333,0.0,1.0,1.0,0.633333,0.0,0.0,0.682505,0.511812,0.772269
difficulty,CAT,42,42-0,0.304717,0.616667,0.166667,0.8,0.966667,0.616667,0.0,0.0,0.674782,0.565706,0.749704
difficulty,CAT,42,42-1,-1.039984,0.316667,0.2,0.658333,0.858333,0.383333,0.0,0.0,0.700405,0.468268,0.908795
difficulty,CAT,42,42-2,0.750451,0.291667,0.0,0.641667,0.641667,0.291667,0.125,0.0,0.756408,0.405905,1.18127
difficulty,CAT,42,42-3,0.940565,0.283333,0.041667,0.716667,0.758333,0.283333,0.041667,0.0,0.738099,0.436115,1.068234
difficulty,CAT,42,42-4,-1.951035,0.383333,0.258333,0.608333,0.866667,0.516667,0.0,0.033333,0.59814,0.609541,0.652404
difficulty,CAT,42,42-5,-1.30218,0.191667,0.175,0.566667,0.741667,0.233333,0.008333,0.0,0.724484,0.402986,1.034512
difficulty,CAT,42,42-6,0.12784,0.216667,0.0,0.933333,0.933333,0.216667,0.0,0.0,0.737713,0.427328,1.046813
difficulty,CAT,42,42-7,-0.316243,0.416667,0.116667,0.725,0.841667,0.416667,0.05,0.0,0.71008,0.467117,0.93608
difficulty,CAT,42,42-8,-0.016801,0.308333,0.025,0.933333,0.958333,0.308333,0.0,0.0,0.722216,0.45275,0.969877
difficulty,CAT,42,42-9,-0.853044,0.616667,0.133333,0.866667,1.0,0.625,0.0,0.0,0.673462,0.521789,0.738114
difficulty,CAT,42,42-10,0.879398,0.516667,0.091667,0.825,0.916667,0.516667,0.0,0.0,0.698411,0.512189,0.861829
difficulty,CAT,42,42-11,0.777792,0.691667,0.033333,0.916667,0.95,0.691667,0.0,0.0,0.683917,0.53199,0.785101
difficulty,CAT,42,42-12,0.066031,0.291667,0.133333,0.608333,0.741667,0.316667,0.033333,0.0,0.727205,0.446171,1.033932
difficulty,CAT,42,42-13,1.127241,0.25,0.008333,0.733333,0.741667,0.25,0.05,0.0,0.749663,0.423973,1.127694
difficulty,CAT,42,42-14,0.467509,0.416667,0.141667,0.775,0.916667,0.458333,0.0,0.0,0.693458,0.518195,0.86153
difficulty,CAT,42,42-15,-0.859292,0.35,0.15,0.716667,0.866667,0.408333,0.0,0.0,0.70164,0.464315,0.902796
difficulty,CAT,42,42-16,0.368751,0.108333,0.0,0.883333,0.883333,0.108333,0.016667,0.0,0.75666,0.405514,1.147963
difficulty,CAT,42,42-17,-0.958883,0.408333,0.125,0.85,0.975,0.45,0.0,0.0,0.69004,0.492867,0.832695
difficulty,CAT,42,42-18,0.87845,0.491667,0.05,0.816667,0.866667,0.491667,0.058333,0.0,0.709348,0.507552,0.925923
difficulty,CAT,42,42-19,-0.049926,0.483333,0.083333,0.858333,0.941667,0.483333,0.0,0.0,0.701871,0.492489,0.879536
difficulty,CAT,42,42-20,-0.184862,0.441667,0.091667,0.908333,1.0,0.441667,0.0,0.0,0.695925,0.496199,0.841239
difficulty,CAT,42,42-21,-0.68093,0.766667,0.216667,0.775,0.991667,0.775,0.0,0.0,0.651598,0.575019,0.63939
difficulty,CAT,42,42-22,1.222541,0.116667,0.0,0.766667,0.766667,0.116667,0.058333,0.0,0.762288,0.421061,1.190626
difficulty,CAT,42,42-23,-0.154529,0.45,0.141667,0.741667,0.883333,0.45,0.0,0.0,0.699585,0.496252,0.873872
difficulty,CAT,42,42-24,-0.428328,0.241667,0.0,0.925,0.925,0.241667,0.0,0.0,0.734473,0.436368,1.032736
difficulty,CAT,42,42-25,-0.352134,0.125,0.008333,0.741667,0.75,0.125,0.025,0.0,0.760744,0.386284,1.181187
difficulty,CAT,42,42-26,0.532309,0.491667,0.15,0.75,0.9,0.525,0.0,0.0,0.688624,0.52599,0.828829
difficulty,CAT,42,42-27,0.365444,0.183333,0.0,0.791667,0.791667,0.183333,0.1,0.0,0.753149,0.411762,1.146521
difficulty,CAT,42,42-28,0.412733,0.283333,0.0,0.808333,0.808333,0.283333,0.058333,0.0,0.741063,0.423508,1.081288
difficulty,CAT,42,42-29,0.430821,0.325,0.008333,0.816667,0.825,0.325,0.0,0.0,0.732484,0.467401,1.032647
difficulty,CAT,42,42-30,2.141648,0.141667,0.008333,0.7,0.708333,0.141667,0.191667,0.0,0.775119,0.397177,1.321732
difficulty,CAT,42,42-31,-0.406415,0.616667,0.1,0.85,0.95,0.616667,0.0,0.0,0.682167,0.532258,0.783084
difficulty,CAT,42,42-32,-0.512243,0.391667,0.075,0.9,0.975,0.391667,0.0,0.0,0.704891,0.47867,0.886449
difficulty,CAT,42,42-33,-0.813773,0.541667,0.25,0.725,0.975,0.55,0.0,0.0,0.672835,0.513832,0.746408
difficulty,CAT,42,42-34,0.615979,0.216667,0.116667,0.741667,0.858333,0.225,0.0,0.0,0.73199,0.458434,1.037973
difficulty,CAT,42,42-35,1.128972,0.2,0.008333,0.858333,0.866667,0.2,0.083333,0.0,0.742069,0.441878,1.082884
difficulty,CAT,42,42-36,-0.113947,0.416667,0.158333,0.825,0.983333,0.458333,0.0,0.0,0.690625,0.511674,0.834712
difficulty,CAT,42,42-37,-0.840156,0.191667,0.033333,0.675,0.708333,0.191667,0.075,0.0,0.758509,0.36816,1.182373
difficulty,CAT,42,42-38,-0.824481,0.616667,0.1,0.9,1.0,0.625,0.0,0.0,0.678413,0.508006,0.759113
difficulty,CAT,42,42-39,0.650593,0.508333,0.008333,0.958333,0.966667,0.508333,0.0,0.0,0.702277,0.50134,0.870636
difficulty,CAT,42,42-40,0.743254,0.316667,0.008333,0.9,0.908333,0.316667,0.0,0.0,0.728486,0.456793,1.004748
difficulty,CAT,42,42-41,0.543154,0.5,0.175,0.7,0.875,0.5,0.025,0.0,0.696087,0.513271,0.864631
difficulty,CAT,42,42-42,-0.66551,0.5,0.05,0.933333,0.983333,0.5,0.0,0.0,0.701375,0.47171,0.869262
difficulty,CAT,42,42-43,0.232161,0.766667,0.425,0.575,1.0,0.858333,0.0,0.0,0.613461,0.662096,0.501694
difficulty,CAT,42,42-44,0.116686,0.508333,0.1,0.9,1.0,0.508333,0.0,0.0,0.688391,0.52096,0.806451
difficulty,CAT,42,42-45,0.218689,0.358333,0.066667,0.9,0.966667,0.358333,0.0,0.0,0.711151,0.488945,0.918406
difficulty,CAT,42,42-46,0.871429,0.216667,0.016667,0.6,0.616667,0.216667,0.075,0.0,0.762558,0.411391,1.207484
difficulty,CAT,42,42-47,0.223596,0.191667,0.0,0.766667,0.766667,0.191667,0.016667,0.0,0.756616,0.400646,1.156056
difficulty,CAT,42,42-48,0.678914,0.083333,0.0,0.733333,0.733333,0.083333,0.025,0.0,0.767094,0.392405,1.210759
difficulty,CAT,42,42-49,0.067579,0.775,0.291667,0.7,0.991667,0.8,0.0,0.0,0.644566,0.602513,0.613355
difficulty,CAT,42,42-50,0.289119,0.033333,0.0,0.825,0.825,0.033333,0.008333,0.0,0.767677,0.387281,1.205318
difficulty,CAT,42,42-51,0.631288,0.258333,0.0,0.825,0.825,0.258333,0.033333,0.0,0.739436,0.445303,1.068605
difficulty,CAT,42,42-52,-1.457156,0.441667,0.175,0.741667,0.916667,0.466667,0.0,0.0,0.688855,0.472462,0.8462
difficulty,CAT,42,42-53,-0.319671,0.508333,0.033333,0.841667,0.875,0.508333,0.0,0.0,0.708568,0.469092,0.9137
difficulty,CAT,42,42-54,-0.470373,0.533333,0.2,0.783333,0.983333,0.55,0.0,0.0,0.673261,0.532922,0.745139
difficulty,CAT,42,42-55,-0.638878,0.725,0.241667,0.691667,0.933333,0.725,0.0,0.0,0.660396,0.535688,0.689057
difficulty,CAT,42,42-56,-0.275142,0.391667,0.008333,0.883333,0.891667,0.391667,0.008333,0.0,0.71959,0.455648,0.963375
difficulty,CAT,42,42-57,1.494941,0.0,0.0,0.325,0.325,0.0,0.316667,0.0,0.822308,0.296413,1.562002
difficulty,CAT,42,42-58,-0.865831,0.491667,0.358333,0.633333,0.991667,0.666667,0.0,0.0,0.629408,0.598186,0.607451
difficulty,CAT,42,42-59,0.968278,0.383333,0.083333,0.741667,0.825,0.383333,0.016667,0.0,0.719367,0.482294,0.975723
difficulty,CAT,42,42-60,-1.68287,0.558333,0.241667,0.7,0.941667,0.591667,0.0,0.0,0.641307,0.541503,0.675844
difficulty,CAT,42,42-61,-0.334885,0.333333,0.008333,0.808333,0.816667,0.333333,0.041667,0.0,0.731233,0.430674,1.031333
difficulty,CAT,42,42-62,0.162753,0.425,0.133333,0.758333,0.891667,0.425,0.008333,0.0,0.702769,0.497117,0.88863
difficulty,CAT,42,42-63,0.586222,0.108333,0.0,0.658333,0.658333,0.108333,0.033333,0.0,0.770052,0.382863,1.233164
difficulty,CAT,42,42-64,0.711227,0.333333,0.158333,0.666667,0.825,0.375,0.066667,0.0,0.712585,0.49768,0.966578
difficulty,CAT,42,42-65,0.793347,0.391667,0.15,0.758333,0.908333,0.4,0.0,0.0,0.703219,0.511759,0.895081
difficulty,CAT,42,42-66,-0.348725,0.425,0.041667,0.841667,0.883333,0.425,0.025,0.0,0.710085,0.477674,0.920533
difficulty,CAT,42,42-67,-0.462352,0.416667,0.125,0.525,0.65,0.416667,0.058333,0.0,0.727385,0.432052,1.037051
difficulty,CAT,42,42-68,0.857976,0.116667,0.05,0.591667,0.641667,0.116667,0.083333,0.0,0.771711,0.376421,1.255095
difficulty,CAT,42,42-69,-0.191304,0.775,0.233333,0.758333,0.991667,0.808333,0.0,0.0,0.6428,0.587056,0.608744
difficulty,CAT,42,42-70,-1.275686,0.8,0.2,0.791667,0.991667,0.825,0.0,0.0,0.645088,0.572812,0.624904
difficulty,CAT,42,42-71,-1.133287,0.7,0.416667,0.525,0.941667,0.775,0.0,0.0,0.621977,0.59005,0.552393
difficulty,CAT,42,42-72,-0.919452,0.541667,0.366667,0.508333,0.875,0.625,0.008333,0.0,0.653919,0.541233,0.693332
difficulty,CAT,42,42-73,0.497161,0.383333,0.008333,0.933333,0.941667,0.383333,0.0,0.0,0.718607,0.474614,0.952171
difficulty,CAT,42,42-74,0.142426,0.416667,0.041667,0.908333,0.95,0.416667,0.0,0.0,0.708408,0.481596,0.903943
difficulty,CAT,42,42-75,0.690485,0.275,0.025,0.725,0.75,0.275,0.058333,0.0,0.743118,0.43297,1.099005
difficulty,CAT,42,42-76,-0.427253,0.416667,0.15,0.825,0.975,0.458333,0.0,0.0,0.686412,0.511183,0.815527
difficulty,CAT,42,42-77,0.15854,0.666667,0.116667,0.883333,1.0,0.691667,0.0,0.0,0.669127,0.548494,0.721678
difficulty,CAT,42,42-78,0.62559,0.1,0.0,0.8,0.8,0.1,0.0,0.0,0.761373,0.408534,1.17422
difficulty,CAT,42,42-79,-0.309347,0.366667,0.116667,0.708333,0.825,0.366667,0.008333,0.0,0.716775,0.467006,0.962666
difficulty,CAT,42,42-80,0.456775,0.083333,0.0,0.633333,0.633333,0.083333,0.158333,0.0,0.780921,0.371238,1.307938
difficulty,CAT,42,42-81,-0.661926,0.416667,0.291667,0.566667,0.858333,0.475,0.0,0.0,0.683099,0.523508,0.828397
difficulty,CAT,42,42-82,-0.363054,0.158333,0.066667,0.566667,0.633333,0.158333,0.041667,0.0,0.765481,0.373254,1.222706
difficulty,CAT,42,42-83,-0.381738,0.458333,0.058333,0.783333,0.841667,0.458333,0.033333,0.0,0.715679,0.46194,0.95649
difficulty,CAT,42,42-84,-1.19584,0.541667,0.091667,0.891667,0.983333,0.558333,0.0,0.0,0.689267,0.477045,0.822584
difficulty,CAT,42,42-85,0.486972,0.341667,0.025,0.95,0.975,0.341667,0.0,0.0,0.717866,0.482612,0.948855
difficulty,CAT,42,42-86,-0.469402,0.7,0.1,0.858333,0.958333,0.7,0.0,0.0,0.673782,0.531701,0.742388
difficulty,CAT,42,42-87,0.012494,0.275,0.0,0.933333,0.933333,0.275,0.0,0.0,0.725825,0.451734,0.986244
difficulty,CAT,42,42-88,0.480747,0.1,0.0,0.833333,0.833333,0.1,0.016667,0.0,0.75468,0.41426,1.139244
difficulty,CAT,42,42-89,0.446531,0.408333,0.083333,0.866667,0.95,0.408333,0.0,0.0,0.706638,0.502107,0.899765
difficulty,CAT,42,42-90,0.665385,0.258333,0.066667,0.616667,0.683333,0.258333,0.116667,0.0,0.748038,0.431354,1.139813
difficulty,CAT,42,42-91,-0.098485,0.4,0.133333,0.675,0.808333,0.4,0.033333,0.0,0.718244,0.459976,0.978805
difficulty,CAT,42,42-92,-0.423298,0.65,0.1,0.9,1.0,0.65,0.0,0.0,0.673286,0.532679,0.733118
difficulty,CAT,42,42-93,-0.079718,0.708333,0.291667,0.708333,1.0,0.716667,0.0,0.0,0.645666,0.587978,0.615244
difficulty,CAT,42,42-94,-1.687334,0.383333,0.191667,0.55,0.741667,0.416667,0.066667,0.0,0.696207,0.443172,0.933944
difficulty,CAT,42,42-95,-1.447112,0.625,0.266667,0.691667,0.958333,0.675,0.0,0.0,0.652431,0.534521,0.685852
difficulty,CAT,42,42-96,-1.3227,0.283333,0.075,0.8,0.875,0.325,0.0,0.0,0.71642,0.428906,0.975512
difficulty,CAT,42,42-97,-0.997247,0.775,0.216667,0.783333,1.0,0.833333,0.0,0.0,0.642002,0.580809,0.610503
difficulty,CAT,42,42-98,0.399774,0.108333,0.0,0.9,0.9,0.108333,0.0,0.0,0.747461,0.426761,1.098137
difficulty,CAT,42,42-99,-0.905479,0.283333,0.075,0.683333,0.758333,0.291667,0.058333,0.0,0.737921,0.40167,1.078763
difficulty,CAT,42,42-100,-0.378163,0.341667,0.0,0.975,0.975,0.341667,0.0,0.0,0.713921,0.458868,0.92506
difficulty,CAT,42,42-101,1.299228,0.491667,0.075,0.783333,0.858333,0.491667,0.091667,0.0,0.706959,0.49975,0.922503
difficulty,CAT,42,42-102,-0.356264,0.408333,0.016667,0.925,0.941667,0.408333,0.0,0.0,0.713372,0.471971,0.929781
difficulty,CAT,42,42-103,0.737516,0.208333,0.008333,0.683333,0.691667,0.208333,0.066667,0.0,0.759973,0.41025,1.188153
difficulty,CAT,42,42-104,-0.933618,0.533333,0.141667,0.691667,0.833333,0.575,0.058333,0.0,0.689102,0.480031,0.848374
difficulty,CAT,42,42-105,-0.205438,0.533333,0.041667,0.95,0.991667,0.533333,0.0,0.0,0.69087,0.504558,0.816855
difficulty,CAT,42,42-106,-0.950022,0.35,0.1,0.875,0.975,0.358333,0.0,0.0,0.708041,0.456021,0.910762
difficulty,CAT,42,42-107,-0.339033,0.75,0.2,0.791667,0.991667,0.75,0.0,0.0,0.657103,0.56126,0.66488
difficulty,CAT,42,42-108,0.840308,0.183333,0.0,0.675,0.675,0.183333,0.041667,0.0,0.760354,0.408521,1.185253
difficulty,CAT,42,42-109,-1.72732,0.191667,0.091667,0.65,0.741667,0.216667,0.0,0.008333,0.722533,0.392007,1.060326
difficulty,CAT,42,42-110,0.434424,0.475,0.075,0.775,0.85,0.475,0.033333,0.0,0.708124,0.493251,0.920225
difficulty,CAT,42,42-111,0.237736,0.2,0.058333,0.616667,0.675,0.2,0.083333,0.0,0.754797,0.416443,1.166826
difficulty,CAT,42,42-112,-0.59415,0.458333,0.166667,0.633333,0.8,0.475,0.058333,0.0,0.703513,0.481392,0.911425
difficulty,CAT,42,42-113,-1.446058,0.258333,0.075,0.833333,0.908333,0.308333,0.0,0.0,0.71328,0.431622,0.977804
difficulty,CAT,42,42-114,0.07213,0.758333,0.15,0.85,1.0,0.758333,0.0,0.0,0.655643,0.600732,0.652429
difficulty,CAT,42,42-115,-0.529493,0.691667,0.225,0.708333,0.933333,0.691667,0.008333,0.0,0.663527,0.55573,0.701758
difficulty,CAT,42,42-116,0.232676,0.475,0.033333,0.841667,0.875,0.475,0.0,0.0,0.712229,0.475609,0.931707
difficulty,CAT,42,42-117,0.021852,0.658333,0.116667,0.833333,0.95,0.658333,0.0,0.0,0.680201,0.524617,0.773919
difficulty,CAT,42,42-118,1.601779,0.233333,0.0,0.683333,0.683333,0.233333,0.158333,0.0,0.763252,0.412916,1.222696
difficulty,CAT,42,42-119,-0.239356,0.758333,0.091667,0.9,0.991667,0.758333,0.0,0.0,0.668304,0.548305,0.711735
difficulty,CAT,42,42-120,-1.023497,0.25,0.233333,0.616667,0.85,0.366667,0.0,0.0,0.696611,0.462419,0.91659
difficulty,CAT,42,42-121,0.179276,0.591667,0.033333,0.925,0.958333,0.591667,0.0,0.0,0.693809,0.518168,0.832513
difficulty,CAT,42,42-122,0.219997,0.291667,0.008333,0.9,0.908333,0.291667,0.0,0.0,0.732612,0.440832,1.023834
difficulty,CAT,42,42-123,1.359188,0.475,0.083333,0.7,0.783333,0.475,0.091667,0.0,0.71734,0.487422,0.986513
difficulty,CAT,42,42-124,0.835111,0.275,0.008333,0.816667,0.825,0.275,0.016667,0.0,0.740616,0.447978,1.073371
difficulty,CAT,42,42-125,0.356871,0.358333,0.15,0.758333,0.908333,0.375,0.008333,0.0,0.701756,0.504699,0.890626
difficulty,CAT,42,42-126,1.463303,0.258333,0.066667,0.5,0.566667,0.258333,0.166667,0.0,0.764007,0.398372,1.241885
difficulty,CAT,42,42-127,-1.188763,0.583333,0.275,0.575,0.85,0.641667,0.0,0.0,0.65844,0.526123,0.726709
difficulty,CAT,42,42-128,-0.639752,0.783333,0.216667,0.766667,0.983333,0.783333,0.0,0.0,0.652234,0.560855,0.642532
difficulty,CAT,42,42-129,-0.926576,0.358333,0.2,0.566667,0.766667,0.383333,0.1,0.0,0.711482,0.451825,0.967701
difficulty,CAT,42,42-130,-0.38981,0.25,0.025,0.716667,0.741667,0.25,0.008333,0.0,0.745818,0.397539,1.104195
difficulty,CAT,42,42-131,-1.376686,0.258333,0.1,0.858333,0.958333,0.308333,0.0,0.0,0.703262,0.449925,0.925474
difficulty,CAT,42,42-132,0.635151,0.35,0.041667,0.816667,0.858333,0.35,0.0,0.0,0.722685,0.473332,0.981051
difficulty,CAT,42,42-133,-0.222223,0.441667,0.158333,0.466667,0.625,0.441667,0.233333,0.0,0.731387,0.437962,1.088219
difficulty,CAT,42,42-134,-1.470806,0.65,0.15,0.808333,0.958333,0.675,0.0,0.0,0.649624,0.532814,0.695163
difficulty,CAT,42,42-135,-1.015579,0.525,0.175,0.8,0.975,0.533333,0.0,0.0,0.684962,0.494101,0.80458
difficulty,CAT,42,42-136,0.313514,0.341667,0.033333,0.958333,0.991667,0.341667,0.0,0.0,0.714422,0.476585,0.929108
difficulty,CAT,42,42-137,0.838127,0.5,0.141667,0.766667,0.908333,0.5,0.016667,0.0,0.693775,0.511662,0.847631
difficulty,CAT,42,42-138,1.996731,0.325,0.166667,0.483333,0.65,0.341667,0.183333,0.0,0.735851,0.45029,1.126646
difficulty,CAT,42,42-139,2.913862,0.008333,0.0,0.475,0.475,0.008333,0.308333,0.0,0.827628,0.302596,1.724634
difficulty,CAT,42,42-140,0.414409,0.558333,0.083333,0.9,0.983333,0.558333,0.0,0.0,0.688839,0.520011,0.811944
difficulty,CAT,42,42-141,-0.989538,0.108333,0.091667,0.416667,0.508333,0.166667,0.133333,0.0,0.766001,0.349033,1.26435
difficulty,CAT,42,42-142,-2.132046,0.291667,0.158333,0.7,0.858333,0.366667,0.016667,0.025,0.678778,0.466596,0.89589
difficulty,CAT,42,42-143,0.267711,0.175,0.0,0.883333,0.883333,0.175,0.0,0.0,0.741714,0.430797,1.069721
difficulty,CAT,42,42-144,-0.812941,0.575,0.166667,0.775,0.941667,0.575,0.0,0.0,0.679476,0.527786,0.776117
difficulty,CAT,42,42-145,-0.415357,0.466667,0.125,0.783333,0.908333,0.466667,0.025,0.0,0.699528,0.495494,0.874177
difficulty,CAT,42,42-146,-0.612097,0.416667,0.25,0.583333,0.833333,0.475,0.008333,0.0,0.686653,0.499134,0.841414
difficulty,CAT,42,42-147,-0.140791,0.3,0.008333,0.983333,0.991667,0.3,0.0,0.0,0.722259,0.451762,0.966337
difficulty,CAT,42,42-148,1.06598,0.166667,0.0,0.758333,0.758333,0.166667,0.05,0.0,0.756783,0.404148,1.160661
difficulty,CAT,42,42-149,0.157049,0.291667,0.016667,0.866667,0.883333,0.291667,0.0,0.0,0.72968,0.44126,1.012321
difficulty,CAT,42,42-150,-0.158635,0.341667,0.016667,0.658333,0.675,0.341667,0.141667,0.0,0.744068,0.421748,1.121543
difficulty,CAT,42,42-151,-1.035654,0.175,0.075,0.766667,0.841667,0.216667,0.0,0.0,0.7337,0.401383,1.053489
difficulty,CAT,42,42-152,-1.674683,0.483333,0.125,0.75,0.875,0.525,0.008333,0.0,0.661866,0.507108,0.792402
difficulty,CAT,42,42-153,-0.486308,0.616667,0.141667,0.85,0.991667,0.616667,0.0,0.0,0.677679,0.53182,0.761952
difficulty,CAT,42,42-154,-0.053783,0.475,0.091667,0.891667,0.983333,0.475,0.0,0.0,0.697958,0.512844,0.857192
difficulty,CAT,42,42-155,1.76793,0.025,0.0,0.475,0.475,0.025,0.166667,0.0,0.806225,0.328528,1.462213
difficulty,CAT,42,42-156,0.130275,0.633333,0.2,0.8,1.0,0.641667,0.0,0.0,0.664348,0.58566,0.69857
difficulty,CAT,42,42-157,0.98274,0.55,0.216667,0.591667,0.808333,0.55,0.116667,0.0,0.695441,0.509567,0.885703
difficulty,CAT,42,42-158,-0.499296,0.375,0.066667,0.683333,0.75,0.375,0.1,0.0,0.732886,0.439686,1.0577
difficulty,CAT,42,42-159,-1.184944,0.375,0.175,0.7,0.875,0.441667,0.0,0.0,0.676227,0.500973,0.84215
difficulty,CAT,42,42-160,-0.965117,0.65,0.075,0.916667,0.991667,0.658333,0.0,0.0,0.67638,0.51514,0.75022
difficulty,CAT,42,42-161,-0.725226,0.525,0.158333,0.783333,0.941667,0.541667,0.0,0.0,0.681043,0.511284,0.788216
difficulty,CAT,42,42-162,2.12847,0.341667,0.0,0.775,0.775,0.341667,0.175,0.0,0.751041,0.437843,1.213727
difficulty,CAT,42,42-163,-0.821387,0.566667,0.341667,0.516667,0.858333,0.625,0.033333,0.0,0.660825,0.552132,0.720618
difficulty,CAT,42,42-164,0.838489,0.475,0.1,0.825,0.925,0.475,0.0,0.0,0.698427,0.512642,0.864315
difficulty,CAT,42,42-165,-0.902927,0.391667,0.1,0.816667,0.916667,0.4,0.0,0.0,0.703976,0.463661,0.891043
difficulty,CAT,42,42-166,0.931573,0.125,0.0,0.666667,0.666667,0.125,0.033333,0.0,0.773217,0.380853,1.2484
difficulty,CAT,42,42-167,0.384951,0.233333,0.0,0.916667,0.916667,0.233333,0.0,0.0,0.733756,0.45707,1.029159
difficulty,CAT,42,42-168,-0.156638,0.25,0.033333,0.841667,0.875,0.25,0.0,0.0,0.737618,0.426272,1.057359
difficulty,CAT,42,42-169,-0.040763,0.4,0.05,0.708333,0.758333,0.4,0.033333,0.0,0.72785,0.463265,1.023754
difficulty,CAT,42,42-170,-0.654788,0.508333,0.158333,0.816667,0.975,0.508333,0.0,0.0,0.685892,0.498487,0.799821
difficulty,CAT,42,42-171,0.446072,0.666667,0.475,0.525,1.0,0.808333,0.0,0.0,0.608183,0.670044,0.488652
difficulty,CAT,42,42-172,-0.454983,0.55,0.025,0.975,1.0,0.55,0.0,0.0,0.694598,0.496106,0.828738
difficulty,CAT,42,42-173,-1.225606,0.208333,0.083333,0.675,0.758333,0.25,0.025,0.0,0.737319,0.402816,1.08988
difficulty,CAT,42,42-174,-1.277938,0.408333,0.133333,0.758333,0.891667,0.425,0.008333,0.0,0.696337,0.478365,0.885677
difficulty,CAT,42,42-175,0.172588,0.208333,0.058333,0.708333,0.766667,0.208333,0.016667,0.0,0.741381,0.421987,1.084606
difficulty,CAT,42,42-176,1.579091,0.416667,0.175,0.666667,0.841667,0.45,0.1,0.0,0.70071,0.513341,0.920518
difficulty,CAT,42,42-177,0.159992,0.266667,0.016667,0.6,0.616667,0.266667,0.033333,0.0,0.753714,0.418702,1.156803
difficulty,CAT,42,42-178,-0.118638,0.275,0.033333,0.858333,0.891667,0.275,0.008333,0.0,0.729014,0.440868,1.010781
difficulty,CAT,42,42-179,0.285826,0.441667,0.05,0.866667,0.916667,0.441667,0.0,0.0,0.705752,0.482576,0.893408
difficulty,CAT,42,42-180,1.306002,0.291667,0.016667,0.691667,0.708333,0.291667,0.183333,0.0,0.758329,0.413517,1.21287
difficulty,CAT,42,42-181,0.219383,0.375,0.15,0.383333,0.533333,0.391667,0.166667,0.0,0.739251,0.443723,1.125873
difficulty,CAT,42,42-182,-0.410927,0.45,0.058333,0.925,0.983333,0.45,0.0,0.0,0.700811,0.480863,0.864494
difficulty,CAT,42,42-183,1.106289,0.208333,0.0,0.666667,0.666667,0.208333,0.1,0.0,0.765958,0.409493,1.224966
difficulty,CAT,42,42-184,0.428756,0.4,0.05,0.783333,0.833333,0.4,0.025,0.0,0.722319,0.469248,0.986182
difficulty,CAT,42,42-185,1.535756,0.191667,0.008333,0.791667,0.8,0.191667,0.091667,0.0,0.753193,0.424312,1.153348
difficulty,CAT,42,42-186,0.183234,0.225,0.008333,0.941667,0.95,0.225,0.0,0.0,0.73178,0.442083,1.016277
difficulty,CAT,42,42-187,-1.224469,0.275,0.083333,0.841667,0.925,0.333333,0.0,0.0,0.70367,0.459027,0.924673
difficulty,CAT,42,42-188,-1.368159,0.566667,0.183333,0.758333,0.941667,0.616667,0.0,0.0,0.663189,0.524803,0.740529
difficulty,CAT,42,42-189,1.650928,0.383333,0.075,0.633333,0.708333,0.383333,0.133333,0.0,0.737167,0.463228,1.102062
difficulty,CAT,42,42-190,1.723666,0.325,0.0,0.791667,0.791667,0.325,0.141667,0.0,0.746978,0.438335,1.150093
difficulty,CAT,42,42-191,-0.179519,0.283333,0.041667,0.891667,0.933333,0.283333,0.0,0.0,0.724196,0.454249,0.982736
difficulty,CAT,42,42-192,-0.383187,0.841667,0.35,0.65,1.0,0.866667,0.0,0.0,0.626589,0.619125,0.533171
difficulty,CAT,42,42-193,1.461444,0.416667,0.35,0.516667,0.866667,0.533333,0.083333,0.0,0.663508,0.574104,0.783934
difficulty,CAT,42,42-194,-1.107046,0.433333,0.033333,0.833333,0.866667,0.45,0.0,0.0,0.711102,0.442154,0.931146
difficulty,CAT,42,42-195,-0.894727,0.45,0.225,0.65,0.875,0.466667,0.05,0.0,0.693426,0.504725,0.86124
difficulty,CAT,42,42-196,0.643327,0.466667,0.141667,0.758333,0.9,0.466667,0.0,0.0,0.700727,0.499974,0.877967
difficulty,CAT,42,42-197,-0.394605,0.358333,0.008333,0.95,0.958333,0.358333,0.0,0.0,0.719089,0.46222,0.955994
difficulty,CAT,42,42-198,-0.005122,0.466667,0.058333,0.683333,0.741667,0.466667,0.116667,0.0,0.724046,0.469609,1.016326
difficulty,CAT,42,42-199,-0.163443,0.491667,0.1,0.833333,0.933333,0.491667,0.0,0.0,0.700211,0.50173,0.871134
difficulty,CAT,137,137-0,-0.83988,0.35,0.058333,0.916667,0.975,0.358333,0.0,0.0,0.70885,0.456266,0.908023
difficulty,CAT,137,137-1,-0.732168,0.375,0.041667,0.958333,1.0,0.375,0.0,0.0,0.70725,0.466001,0.892689
difficulty,CAT,137,137-2,-0.626851,0.3,0.066667,0.716667,0.783333,0.3,0.016667,0.0,0.736598,0.409067,1.060349
difficulty,CAT,137,137-3,0.00625,0.283333,0.083333,0.833333,0.916667,0.3,0.0,0.0,0.718004,0.460519,0.961633
difficulty,CAT,137,137-4,-0.570385,0.483333,0.2,0.766667,0.966667,0.5,0.0,0.0,0.682228,0.511328,0.794971
difficulty,CAT,137,137-5,-1.007635,0.65,0.225,0.775,1.0,0.666667,0.0,0.0,0.656624,0.541981,0.664638
difficulty,CAT,137,137-6,0.22413,0.425,0.033333,0.733333,0.766667,0.425,0.075,0.0,0.729631,0.442342,1.036026
difficulty,CAT,137,137-7,-0.680806,0.416667,0.066667,0.775,0.841667,0.416667,0.075,0.0,0.718419,0.438973,0.976438
difficulty,CAT,137,137-8,-1.975848,0.6,0.35,0.591667,0.941667,0.658333,0.0,0.025,0.620143,0.569671,0.622744
difficulty,CAT,137,137-9,1.958634,0.433333,0.15,0.508333,0.658333,0.433333,0.216667,0.0,0.736246,0.466956,1.157998
difficulty,CAT,137,137-10,1.619418,0.225,0.033333,0.55,0.583333,0.225,0.266667,0.0,0.77469,0.388195,1.315964
difficulty,CAT,137,137-11,-1.046955,0.533333,0.166667,0.791667,0.958333,0.558333,0.0,0.0,0.683446,0.510881,0.804261
difficulty,CAT,137,137-12,-0.352262,0.808333,0.133333,0.866667,1.0,0.808333,0.0,0.0,0.656542,0.567753,0.656431
difficulty,CAT,137,137-13,-0.039214,0.333333,0.0,0.816667,0.816667,0.333333,0.025,0.0,0.735282,0.430805,1.047117
difficulty,CAT,137,137-14,0.968455,0.433333,0.15,0.633333,0.783333,0.475,0.05,0.0,0.706773,0.493943,0.943309
difficulty,CAT,137,137-15,-2.598075,0.458333,0.175,0.733333,0.908333,0.508333,0.0,0.041667,0.646048,0.500435,0.793029
difficulty,CAT,137,137-16,-0.838116,0.416667,0.183333,0.758333,0.941667,0.491667,0.0,0.0,0.679083,0.513468,0.799298
difficulty,CAT,137,137-17,0.165563,0.525,0.108333,0.891667,1.0,0.525,0.0,0.0,0.68589,0.525194,0.795144
difficulty,CAT,137,137-18,-1.815344,0.625,0.258333,0.683333,0.941667,0.675,0.0,0.008333,0.627133,0.56201,0.639254
difficulty,CAT,137,137-19,-0.640166,0.741667,0.45,0.55,1.0,0.808333,0.0,0.0,0.620159,0.629176,0.518817
difficulty,CAT,137,137-20,-0.300888,0.541667,0.166667,0.716667,0.883333,0.575,0.016667,0.0,0.684569,0.515523,0.812038
difficulty,CAT,137,137-21,-0.448263,0.5,0.033333,0.9,0.933333,0.5,0.0,0.0,0.705645,0.472493,0.895563
difficulty,CAT,137,137-22,-1.043383,0.558333,0.141667,0.816667,0.958333,0.566667,0.0,0.0,0.681691,0.49889,0.786137
difficulty,CAT,137,137-23,1.046346,0.283333,0.016667,0.75,0.766667,0.283333,0.025,0.0,0.74288,0.448646,1.089743
difficulty,CAT,137,137-24,-0.594046,0.533333,0.175,0.825,1.0,0.575,0.0,0.0,0.671333,0.542352,0.740058
difficulty,CAT,137,137-25,0.783179,0.091667,0.0,0.5,0.5,0.091667,0.125,0.0,0.789744,0.3544,1.359153
difficulty,CAT,137,137-26,-0.373046,0.6,0.133333,0.866667,1.0,0.6,0.0,0.0,0.675227,0.536152,0.744602
difficulty,CAT,137,137-27,0.152686,0.516667,0.008333,0.966667,0.975,0.516667,0.0,0.0,0.701523,0.49316,0.867821
difficulty,CAT,137,137-28,-0.453875,0.275,0.033333,0.758333,0.791667,0.275,0.058333,0.0,0.743221,0.409325,1.096382
difficulty,CAT,137,137-29,1.015703,0.058333,0.0,0.4,0.4,0.058333,0.266667,0.0,0.803758,0.325813,1.451394
difficulty,CAT,137,137-30,0.314326,0.708333,0.183333,0.816667,1.0,0.708333,0.0,0.0,0.660782,0.56777,0.678694
difficulty,CAT,137,137-31,-0.949702,0.283333,0.1,0.641667,0.741667,0.333333,0.075,0.0,0.72273,0.42695,1.03259
difficulty,CAT,137,137-32,0.720263,0.483333,0.216667,0.683333,0.9,0.491667,0.0,0.0,0.687312,0.53957,0.820632
difficulty,CAT,137,137-33,2.65798,0.158333,0.008333,0.433333,0.441667,0.158333,0.458333,0.0,0.818391,0.330133,1.673585
difficulty,CAT,137,137-34,-1.741191,0.608333,0.358333,0.616667,0.975,0.758333,0.0,0.008333,0.611414,0.597696,0.555276
difficulty,CAT,137,137-35,-0.080598,0.591667,0.191667,0.8,0.991667,0.608333,0.0,0.0,0.667085,0.564968,0.712396
difficulty,CAT,137,137-36,0.022184,0.658333,0.25,0.716667,0.966667,0.675,0.0,0.0,0.657722,0.567961,0.674794
difficulty,CAT,137,137-37,-0.198292,0.3,0.05,0.825,0.875,0.3,0.008333,0.0,0.728586,0.441237,1.012404
difficulty,CAT,137,137-38,0.913303,0.508333,0.116667,0.791667,0.908333,0.508333,0.008333,0.0,0.695602,0.512143,0.8527
difficulty,CAT,137,137-39,-0.192114,0.216667,0.0,0.8,0.8,0.216667,0.008333,0.0,0.745745,0.418253,1.099794
difficulty,CAT,137,137-40,0.840026,0.175,0.025,0.6,0.625,0.175,0.183333,0.0,0.770322,0.399088,1.261529
difficulty,CAT,137,137-41,0.635433,0.366667,0.041667,0.875,0.916667,0.366667,0.0,0.0,0.718714,0.48722,0.957661
difficulty,CAT,137,137-42,-0.996261,0.791667,0.216667,0.783333,1.0,0.808333,0.0,0.0,0.645283,0.567679,0.61188
difficulty,CAT,137,137-43,-1.106161,0.483333,0.116667,0.716667,0.833333,0.508333,0.016667,0.0,0.700272,0.466829,0.891062
difficulty,CAT,137,137-44,1.787637,0.1,0.0,0.666667,0.666667,0.1,0.116667,0.0,0.771633,0.39048,1.262545
difficulty,CAT,137,137-45,-0.190261,0.291667,0.058333,0.8,0.858333,0.291667,0.025,0.0,0.730132,0.44458,1.023793
difficulty,CAT,137,137-46,0.101085,0.325,0.025,0.875,0.9,0.325,0.0,0.0,0.723756,0.450938,0.981698
difficulty,CAT,137,137-47,1.554169,0.233333,0.008333,0.75,0.758333,0.233333,0.066667,0.0,0.753054,0.437942,1.152988
difficulty,CAT,137,137-48,0.664131,0.525,0.175,0.783333,0.958333,0.55,0.0,0.0,0.677244,0.565186,0.768277
difficulty,CAT,137,137-49,-0.630889,0.758333,0.558333,0.441667,1.0,0.875,0.0,0.0,0.596228,0.670119,0.418346
difficulty,CAT,137,137-50,-0.331603,0.291667,0.016667,0.666667,0.683333,0.291667,0.1,0.0,0.754522,0.397203,1.166897
difficulty,CAT,137,137-51,1.076932,0.208333,0.008333,0.816667,0.825,0.208333,0.041667,0.0,0.749157,0.425057,1.118846
difficulty,CAT,137,137-52,1.370465,0.183333,0.016667,0.55,0.566667,0.183333,0.25,0.0,0.780821,0.396827,1.338398
difficulty,CAT,137,137-53,-0.338788,0.458333,0.25,0.733333,0.983333,0.491667,0.0,0.0,0.675527,0.53666,0.763874
difficulty,CAT,137,137-54,1.3345,0.358333,0.0,0.883333,0.883333,0.358333,0.075,0.0,0.728537,0.468288,1.022441
difficulty,CAT,137,137-55,-0.37606,0.533333,0.116667,0.866667,0.983333,0.533333,0.0,0.0,0.688903,0.506872,0.813344
difficulty,CAT,137,137-56,0.191903,0.683333,0.108333,0.891667,1.0,0.708333,0.0,0.0,0.667774,0.562143,0.71314
difficulty,CAT,137,137-57,-1.292154,0.283333,0.166667,0.441667,0.608333,0.341667,0.008333,0.0,0.723051,0.414193,1.054069
difficulty,CAT,137,137-58,-0.223985,0.325,0.05,0.833333,0.883333,0.325,0.0,0.0,0.726906,0.443909,1.003806
difficulty,CAT,137,137-59,0.499185,0.566667,0.016667,0.933333,0.95,0.566667,0.0,0.0,0.697602,0.510094,0.851592
difficulty,CAT,137,137-60,0.37522,0.25,0.016667,0.775,0.791667,0.25,0.083333,0.0,0.742449,0.435838,1.095373
difficulty,CAT,137,137-61,0.742053,0.166667,0.0,0.783333,0.783333,0.166667,0.008333,0.0,0.753288,0.415144,1.136028
difficulty,CAT,137,137-62,-0.721375,0.85,0.25,0.75,1.0,0.85,0.0,0.0,0.640975,0.578758,0.587272
difficulty,CAT,137,137-63,-0.202698,0.475,0.05,0.916667,0.966667,0.475,0.0,0.0,0.703196,0.496491,0.879148
difficulty,CAT,137,137-64,-0.106074,0.466667,0.1,0.616667,0.716667,0.466667,0.091667,0.0,0.722621,0.464719,1.009316
difficulty,CAT,137,137-65,1.702647,0.316667,0.016667,0.691667,0.708333,0.316667,0.183333,0.0,0.752335,0.43,1.18731
difficulty,CAT,137,137-66,-1.218646,0.541667,0.225,0.766667,0.991667,0.608333,0.0,0.0,0.662173,0.555367,0.71429
difficulty,CAT,137,137-67,-0.292621,0.416667,0.05,0.725,0.775,0.416667,0.033333,0.0,0.720767,0.445032,0.984759
difficulty,CAT,137,137-68,-0.121263,0.35,0.025,0.966667,0.991667,0.35,0.0,0.0,0.713055,0.467458,0.921108
difficulty,CAT,137,137-69,3.110762,0.35,0.075,0.558333,0.633333,0.35,0.266667,0.0,0.765674,0.404165,1.402743
difficulty,CAT,137,137-70,0.607553,0.683333,0.15,0.816667,0.966667,0.683333,0.0,0.0,0.668506,0.559126,0.716775
difficulty,CAT,137,137-71,-0.057651,0.475,0.025,0.875,0.9,0.475,0.025,0.0,0.709562,0.485763,0.918737
difficulty,CAT,137,137-72,0.04985,0.416667,0.033333,0.8,0.833333,0.416667,0.016667,0.0,0.721832,0.454311,0.984746
difficulty,CAT,137,137-73,-1.56946,0.508333,0.166667,0.741667,0.908333,0.55,0.0,0.0,0.670893,0.489084,0.798879
difficulty,CAT,137,137-74,0.103745,0.45,0.066667,0.758333,0.825,0.45,0.025,0.0,0.714314,0.460976,0.949765
difficulty,CAT,137,137-75,1.292329,0.591667,0.183333,0.683333,0.866667,0.591667,0.058333,0.0,0.68456,0.537979,0.815083
difficulty,CAT,137,137-76,-0.193478,0.416667,0.016667,0.925,0.941667,0.416667,0.0,0.0,0.709991,0.467714,0.911067
difficulty,CAT,137,137-77,-0.482773,0.633333,0.15,0.833333,0.983333,0.633333,0.0,0.0,0.675302,0.529099,0.74959
difficulty,CAT,137,137-78,-0.320344,0.358333,0.008333,0.816667,0.825,0.358333,0.0,0.0,0.729225,0.434107,1.015846
difficulty,CAT,137,137-79,0.822072,0.4,0.041667,0.825,0.866667,0.4,0.0,0.0,0.720819,0.465432,0.97456
difficulty,CAT,137,137-80,0.605951,0.616667,0.075,0.883333,0.958333,0.616667,0.0,0.0,0.683221,0.539943,0.784762
difficulty,CAT,137,137-81,1.128074,0.275,0.033333,0.891667,0.925,0.275,0.025,0.0,0.723546,0.467658,0.981554
difficulty,CAT,137,137-82,0.204276,0.208333,0.0,0.733333,0.733333,0.208333,0.0,0.0,0.751687,0.414553,1.132663
difficulty,CAT,137,137-83,0.745318,0.65,0.2,0.758333,0.958333,0.65,0.0,0.0,0.668596,0.570384,0.722722
difficulty,CAT,137,137-84,-0.890788,0.833333,0.333333,0.666667,1.0,0.866667,0.0,0.0,0.628051,0.605693,0.53863
difficulty,CAT,137,137-85,0.138789,0.466667,0.275,0.5,0.775,0.541667,0.083333,0.0,0.682722,0.527314,0.843902
difficulty,CAT,137,137-86,-1.118181,0.4,0.175,0.708333,0.883333,0.508333,0.0,0.0,0.661414,0.528081,0.803781
difficulty,CAT,137,137-87,-0.632498,0.725,0.408333,0.583333,0.991667,0.816667,0.0,0.0,0.618624,0.624868,0.522708
difficulty,CAT,137,137-88,-0.884575,0.583333,0.191667,0.7,0.891667,0.625,0.033333,0.0,0.673743,0.507314,0.766075
difficulty,CAT,137,137-89,-0.121239,0.475,0.041667,0.933333,0.975,0.475,0.0,0.0,0.701492,0.499073,0.86718
difficulty,CAT,137,137-90,1.080744,0.0,0.0,0.675,0.675,0.0,0.066667,0.0,0.784841,0.360479,1.309596
difficulty,CAT,137,137-91,0.415538,0.466667,0.1,0.9,1.0,0.466667,0.0,0.0,0.695442,0.521106,0.842173
difficulty,CAT,137,137-92,-1.122452,0.283333,0.225,0.708333,0.933333,0.391667,0.0,0.0,0.685904,0.507106,0.854105
difficulty,CAT,137,137-93,0.608223,0.516667,0.175,0.7,0.875,0.525,0.033333,0.0,0.689125,0.524899,0.833699
difficulty,CAT,137,137-94,2.18768,0.225,0.0,0.508333,0.508333,0.225,0.283333,0.0,0.789743,0.380202,1.447308
difficulty,CAT,137,137-95,1.339749,0.108333,0.0,0.733333,0.733333,0.108333,0.091667,0.0,0.766764,0.404185,1.219094
difficulty,CAT,137,137-96,0.715568,0.383333,0.125,0.816667,0.941667,0.391667,0.0,0.0,0.70062,0.534572,0.874533
difficulty,CAT,137,137-97,1.20599,0.425,0.166667,0.725,0.891667,0.441667,0.058333,0.0,0.697533,0.538657,0.876116
difficulty,CAT,137,137-98,1.233436,0.4,0.016667,0.775,0.791667,0.4,0.091667,0.0,0.733059,0.447472,1.053099
difficulty,CAT,137,137-99,0.341164,0.141667,0.0,0.441667,0.441667,0.141667,0.258333,0.0,0.794482,0.338243,1.411445
difficulty,CAT,137,137-100,-0.340886,0.391667,0.033333,0.808333,0.841667,0.391667,0.016667,0.0,0.724382,0.438085,0.997295
difficulty,CAT,137,137-101,2.087957,0.133333,0.0,0.683333,0.683333,0.133333,0.233333,0.0,0.786004,0.368439,1.418742
difficulty,CAT,137,137-102,0.368075,0.591667,0.166667,0.741667,0.908333,0.6,0.016667,0.0,0.678467,0.550785,0.779841
difficulty,CAT,137,137-103,1.291066,0.191667,0.0,0.741667,0.741667,0.191667,0.158333,0.0,0.766441,0.405849,1.242279
difficulty,CAT,137,137-104,0.010497,0.341667,0.041667,0.933333,0.975,0.341667,0.0,0.0,0.711976,0.466332,0.918384
difficulty,CAT,137,137-105,2.161759,0.191667,0.0,0.5,0.5,0.191667,0.391667,0.0,0.803635,0.343871,1.548596
difficulty,CAT,137,137-106,-3.001345,0.583333,0.266667,0.641667,0.908333,0.658333,0.0,0.066667,0.601434,0.547025,0.681862
difficulty,CAT,137,137-107,-0.262965,0.358333,0.0,0.9,0.9,0.358333,0.0,0.0,0.725678,0.459097,0.994527
difficulty,CAT,137,137-108,-2.964778,0.508333,0.216667,0.658333,0.875,0.6,0.0,0.091667,0.598431,0.536964,0.733679
difficulty,CAT,137,137-109,1.678688,0.325,0.0,0.766667,0.766667,0.325,0.083333,0.0,0.744405,0.437542,1.116585
difficulty,CAT,137,137-110,-0.57792,0.791667,0.35,0.65,1.0,0.866667,0.0,0.0,0.620704,0.621512,0.514349
difficulty,CAT,137,137-111,1.266303,0.358333,0.033333,0.591667,0.625,0.358333,0.1,0.0,0.748838,0.424896,1.145407
difficulty,CAT,137,137-112,-0.473743,0.25,0.016667,0.675,0.691667,0.25,0.158333,0.0,0.757191,0.381155,1.18858
difficulty,CAT,137,137-113,-0.641194,0.291667,0.091667,0.808333,0.9,0.291667,0.0,0.0,0.725118,0.432455,0.99873
difficulty,CAT,137,137-114,-0.389012,0.333333,0.083333,0.866667,0.95,0.333333,0.0,0.0,0.71348,0.459964,0.932198
difficulty,CAT,137,137-115,-0.249659,0.441667,0.075,0.816667,0.891667,0.441667,0.0,0.0,0.710606,0.477186,0.923327
difficulty,CAT,137,137-116,1.255613,0.241667,0.05,0.625,0.675,0.241667,0.075,0.0,0.751508,0.425198,1.148554
difficulty,CAT,137,137-117,-0.686074,0.641667,0.141667,0.833333,0.975,0.658333,0.0,0.0,0.671129,0.534484,0.734236
difficulty,CAT,137,137-118,-1.848787,0.633333,0.141667,0.783333,0.925,0.7,0.0,0.016667,0.63203,0.541862,0.672861
difficulty,CAT,137,137-119,-0.31704,0.55,0.108333,0.866667,0.975,0.55,0.0,0.0,0.688723,0.513762,0.813502
difficulty,CAT,137,137-120,1.942559,0.383333,0.05,0.708333,0.758333,0.383333,0.15,0.0,0.73889,0.470024,1.113376
difficulty,CAT,137,137-121,2.226408,0.108333,0.0,0.441667,0.441667,0.108333,0.325,0.0,0.806781,0.332208,1.533266
difficulty,CAT,137,137-122,0.103639,0.241667,0.008333,0.791667,0.8,0.241667,0.066667,0.0,0.744231,0.421452,1.09896
difficulty,CAT,137,137-123,-1.255067,0.591667,0.191667,0.8,0.991667,0.616667,0.0,0.0,0.663668,0.533116,0.709399
difficulty,CAT,137,137-124,-1.5471,0.55,0.183333,0.7,0.883333,0.583333,0.0,0.0,0.666454,0.502459,0.777666
difficulty,CAT,137,137-125,0.111437,0.208333,0.058333,0.7,0.758333,0.208333,0.016667,0.0,0.744948,0.442149,1.103922
difficulty,CAT,137,137-126,0.22928,0.316667,0.033333,0.916667,0.95,0.316667,0.0,0.0,0.716004,0.474207,0.94153
difficulty,CAT,137,137-127,-0.903158,0.683333,0.383333,0.55,0.933333,0.716667,0.008333,0.0,0.642588,0.574477,0.621928
difficulty,CAT,137,137-128,-0.146796,0.425,0.216667,0.633333,0.85,0.45,0.058333,0.0,0.694909,0.519588,0.870367
difficulty,CAT,137,137-129,1.006923,0.516667,0.125,0.783333,0.908333,0.516667,0.016667,0.0,0.696765,0.514303,0.860249
difficulty,CAT,137,137-130,-0.146176,0.391667,0.041667,0.875,0.916667,0.391667,0.0,0.0,0.714342,0.477814,0.936321
difficulty,CAT,137,137-131,-0.314946,0.441667,0.15,0.608333,0.758333,0.441667,0.025,0.0,0.710313,0.467026,0.944389
difficulty,CAT,137,137-132,0.600451,0.15,0.008333,0.566667,0.575,0.15,0.125,0.0,0.776998,0.376912,1.29133
difficulty,CAT,137,137-133,-1.159657,0.483333,0.075,0.841667,0.916667,0.5,0.016667,0.0,0.699087,0.474848,0.878332
difficulty,CAT,137,137-134,0.151749,0.45,0.108333,0.8,0.908333,0.45,0.0,0.0,0.704061,0.484996,0.892332
difficulty,CAT,137,137-135,0.33816,0.125,0.0,0.9,0.9,0.125,0.0,0.0,0.749634,0.417289,1.107878
difficulty,CAT,137,137-136,0.007584,0.275,0.091667,0.883333,0.975,0.275,0.0,0.0,0.717048,0.466826,0.947847
difficulty,CAT,137,137-137,-0.298613,0.283333,0.008333,0.825,0.833333,0.283333,0.025,0.0,0.737545,0.412971,1.059023
difficulty,CAT,137,137-138,-0.029487,0.466667,0.0,0.991667,0.991667,0.466667,0.0,0.0,0.70779,0.481908,0.893453
difficulty,CAT,137,137-139,1.095607,0.275,0.108333,0.583333,0.691667,0.275,0.091667,0.0,0.740813,0.439856,1.103735
difficulty,CAT,137,137-140,-2.407855,0.591667,0.325,0.575,0.9,0.666667,0.0,0.058333,0.596183,0.578309,0.616788
difficulty,CAT,137,137-141,0.970356,0.408333,0.058333,0.733333,0.791667,0.408333,0.075,0.0,0.724078,0.468645,1.007908
difficulty,CAT,137,137-142,-0.054668,0.308333,0.016667,0.883333,0.9,0.308333,0.008333,0.0,0.724861,0.438137,0.988881
difficulty,CAT,137,137-143,-0.557724,0.575,0.025,0.975,1.0,0.575,0.0,0.0,0.692876,0.505478,0.822991
difficulty,CAT,137,137-144,0.202865,0.566667,0.066667,0.933333,1.0,0.566667,0.0,0.0,0.689897,0.518344,0.814219
difficulty,CAT,137,137-145,0.618659,0.066667,0.0,0.775,0.775,0.066667,0.008333,0.0,0.763867,0.398064,1.188582
difficulty,CAT,137,137-146,0.938405,0.625,0.183333,0.766667,0.95,0.633333,0.008333,0.0,0.673926,0.55353,0.749256
difficulty,CAT,137,137-147,-0.393954,0.158333,0.008333,0.641667,0.65,0.158333,0.158333,0.0,0.775843,0.355663,1.301307
difficulty,CAT,137,137-148,-0.800885,0.741667,0.358333,0.641667,1.0,0.766667,0.0,0.0,0.635021,0.583034,0.570729
difficulty,CAT,137,137-149,0.07057,0.633333,0.191667,0.783333,0.975,0.633333,0.0,0.0,0.67185,0.564313,0.734962
difficulty,CAT,137,137-150,-1.028025,0.433333,0.166667,0.825,0.991667,0.45,0.0,0.0,0.688477,0.482277,0.816236
difficulty,CAT,137,137-151,1.687123,0.0,0.0,0.525,0.525,0.0,0.258333,0.0,0.810302,0.327419,1.500353
difficulty,CAT,137,137-152,3.708529,0.041667,0.0,0.516667,0.516667,0.041667,0.35,0.0,0.823242,0.319595,1.797995
difficulty,CAT,137,137-153,-0.882556,0.291667,0.108333,0.725,0.833333,0.3,0.016667,0.0,0.72572,0.427667,1.008607
difficulty,CAT,137,137-154,1.694662,0.008333,0.0,0.391667,0.391667,0.008333,0.316667,0.0,0.818943,0.312999,1.54944
difficulty,CAT,137,137-155,0.723206,0.258333,0.058333,0.658333,0.716667,0.258333,0.091667,0.0,0.745417,0.435007,1.120945
difficulty,CAT,137,137-156,-0.04033,0.491667,0.0,0.991667,0.991667,0.491667,0.0,0.0,0.704216,0.494311,0.879462
difficulty,CAT,137,137-157,0.950618,0.425,0.041667,0.708333,0.75,0.425,0.083333,0.0,0.72964,0.481383,1.036125
difficulty,CAT,137,137-158,0.986405,0.233333,0.008333,0.816667,0.825,0.233333,0.016667,0.0,0.744082,0.434218,1.08885
difficulty,CAT,137,137-159,0.374409,0.108333,0.0,0.8,0.8,0.108333,0.0,0.0,0.761139,0.398119,1.175202
difficulty,CAT,137,137-160,-0.601175,0.816667,0.633333,0.366667,1.0,0.958333,0.0,0.0,0.574781,0.714862,0.344129
difficulty,CAT,137,137-161,0.175896,0.308333,0.008333,0.9,0.908333,0.308333,0.0,0.0,0.728315,0.460373,1.003965
difficulty,CAT,137,137-162,-1.11499,0.516667,0.25,0.75,1.0,0.583333,0.0,0.0,0.660372,0.524104,0.701871
difficulty,CAT,137,137-163,0.681243,0.383333,0.125,0.741667,0.866667,0.383333,0.008333,0.0,0.713111,0.483663,0.942606
difficulty,CAT,137,137-164,-0.269201,0.566667,0.15,0.841667,0.991667,0.575,0.0,0.0,0.674989,0.537281,0.749808
difficulty,CAT,137,137-165,1.059224,0.35,0.025,0.725,0.75,0.35,0.05,0.0,0.73996,0.441016,1.083629
difficulty,CAT,137,137-166,0.116911,0.466667,0.016667,0.983333,1.0,0.466667,0.0,0.0,0.700407,0.494895,0.860196
difficulty,CAT,137,137-167,-0.122426,0.133333,0.008333,0.833333,0.841667,0.133333,0.0,0.0,0.751103,0.409257,1.121232
difficulty,CAT,137,137-168,-0.840159,0.583333,0.375,0.608333,0.983333,0.65,0.0,0.0,0.642978,0.581618,0.626676
difficulty,CAT,137,137-169,0.574944,0.475,0.275,0.675,0.95,0.525,0.0,0.0,0.668562,0.560347,0.756952
difficulty,CAT,137,137-170,0.247893,0.558333,0.116667,0.85,0.966667,0.558333,0.0,0.0,0.686891,0.518572,0.803644
difficulty,CAT,137,137-171,-0.282704,0.333333,0.033333,0.891667,0.925,0.333333,0.0,0.0,0.72345,0.449155,0.982025
difficulty,CAT,137,137-172,-0.014739,0.458333,0.083333,0.916667,1.0,0.466667,0.0,0.0,0.694985,0.504009,0.839469
difficulty,CAT,137,137-173,0.97984,0.483333,0.016667,0.85,0.866667,0.483333,0.033333,0.0,0.712818,0.492913,0.937769
difficulty,CAT,137,137-174,-0.173795,0.283333,0.025,0.683333,0.708333,0.283333,0.141667,0.0,0.750684,0.42644,1.154555
difficulty,CAT,137,137-175,-0.935282,0.233333,0.066667,0.741667,0.808333,0.241667,0.008333,0.0,0.736572,0.408347,1.059976
difficulty,CAT,137,137-176,0.668167,0.116667,0.0,0.841667,0.841667,0.116667,0.0,0.0,0.756308,0.405424,1.145975
difficulty,CAT,137,137-177,0.213525,0.266667,0.033333,0.941667,0.975,0.266667,0.0,0.0,0.723439,0.456311,0.976154
difficulty,CAT,137,137-178,-1.329987,0.691667,0.175,0.783333,0.958333,0.708333,0.0,0.0,0.660714,0.51311,0.699643
difficulty,CAT,137,137-179,2.848663,0.25,0.025,0.55,0.575,0.25,0.3,0.0,0.78859,0.369235,1.497494
difficulty,CAT,137,137-180,-0.531019,0.7,0.525,0.433333,0.958333,0.833333,0.0,0.0,0.58642,0.681969,0.446948
difficulty,CAT,137,137-181,-0.074551,0.158333,0.0,0.55,0.55,0.158333,0.125,0.0,0.780436,0.360935,1.306763
difficulty,CAT,137,137-182,-1.524811,0.216667,0.191667,0.466667,0.658333,0.341667,0.016667,0.0,0.687254,0.46077,0.962937
difficulty,CAT,137,137-183,-0.136188,0.516667,0.008333,0.941667,0.95,0.516667,0.0,0.0,0.701869,0.486329,0.869793
difficulty,CAT,137,137-184,-0.68768,0.675,0.158333,0.816667,0.975,0.675,0.0,0.0,0.670286,0.520343,0.725542
difficulty,CAT,137,137-185,-0.527871,0.2,0.1,0.566667,0.666667,0.2,0.058333,0.0,0.75315,0.383405,1.161087
difficulty,CAT,137,137-186,-1.152544,0.375,0.125,0.758333,0.883333,0.408333,0.0,0.0,0.704887,0.443482,0.915068
difficulty,CAT,137,137-187,-0.413452,0.775,0.341667,0.633333,0.975,0.775,0.0,0.0,0.640981,0.588527,0.600336
difficulty,CAT,137,137-188,-0.552106,0.575,0.141667,0.716667,0.858333,0.575,0.041667,0.0,0.693274,0.492887,0.855443
difficulty,CAT,137,137-189,-0.644944,0.55,0.125,0.866667,0.991667,0.55,0.0,0.0,0.684689,0.511832,0.793238
difficulty,CAT,137,137-190,-0.623048,0.175,0.016667,0.75,0.766667,0.175,0.083333,0.0,0.752576,0.386378,1.145466
difficulty,CAT,137,137-191,-1.278609,0.491667,0.041667,0.95,0.991667,0.516667,0.0,0.0,0.688738,0.482458,0.825483
difficulty,CAT,137,137-192,-1.920888,0.633333,0.316667,0.65,0.966667,0.675,0.0,0.016667,0.630171,0.57027,0.61061
difficulty,CAT,137,137-193,-0.632742,0.775,0.3,0.7,1.0,0.783333,0.0,0.0,0.642034,0.578472,0.596359
difficulty,CAT,137,137-194,1.825612,0.125,0.0,0.841667,0.841667,0.125,0.091667,0.0,0.76385,0.408044,1.212482
difficulty,CAT,137,137-195,0.521098,0.5,0.133333,0.675,0.808333,0.5,0.091667,0.0,0.704222,0.51394,0.916263
difficulty,CAT,137,137-196,-0.49011,0.508333,0.075,0.891667,0.966667,0.508333,0.0,0.0,0.696663,0.487111,0.848339
difficulty,CAT,137,137-197,-1.231114,0.558333,0.208333,0.75,0.958333,0.641667,0.0,0.0,0.643145,0.561781,0.67923
difficulty,CAT,137,137-198,-0.165171,0.183333,0.016667,0.516667,0.533333,0.183333,0.033333,0.0,0.770887,0.365971,1.252001
difficulty,CAT,137,137-199,0.03401,0.55,0.033333,0.958333,0.991667,0.55,0.0,0.0,0.692137,0.514616,0.822525
difficulty,CAT,369,369-0,0.231976,0.741667,0.083333,0.916667,1.0,0.741667,0.0,0.0,0.667065,0.563004,0.704388
difficulty,CAT,369,369-1,0.030686,0.633333,0.266667,0.716667,0.983333,0.633333,0.0,0.0,0.662157,0.591024,0.694154
difficulty,CAT,369,369-2,1.22262,0.533333,0.058333,0.875,0.933333,0.533333,0.033333,0.0,0.698115,0.515052,0.863527
difficulty,CAT,369,369-3,-0.670696,0.091667,0.016667,0.6,0.616667,0.091667,0.025,0.0,0.777383,0.349732,1.273327
difficulty,CAT,369,369-4,0.230225,0.566667,0.058333,0.808333,0.866667,0.566667,0.016667,0.0,0.69871,0.494451,0.867858
difficulty,CAT,369,369-5,0.256787,0.191667,0.016667,0.766667,0.783333,0.191667,0.0,0.0,0.751031,0.415497,1.126578
difficulty,CAT,369,369-6,-0.722373,0.291667,0.125,0.725,0.85,0.291667,0.0,0.0,0.722843,0.440631,0.989746
difficulty,CAT,369,369-7,0.237807,0.466667,0.033333,0.908333,0.941667,0.466667,0.0,0.0,0.706482,0.4967,0.897943
difficulty,CAT,369,369-8,0.032378,0.441667,0.133333,0.708333,0.841667,0.45,0.008333,0.0,0.703652,0.485331,0.900318
difficulty,CAT,369,369-9,1.926765,0.4,0.058333,0.741667,0.8,0.4,0.133333,0.0,0.731227,0.467756,1.068131
difficulty,CAT,369,369-10,0.841279,0.4,0.091667,0.608333,0.7,0.4,0.033333,0.0,0.728702,0.468515,1.033798
difficulty,CAT,369,369-11,-3.155046,0.333333,0.1,0.816667,0.916667,0.358333,0.0,0.058333,0.653261,0.43829,0.881759
difficulty,CAT,369,369-12,-0.487376,0.816667,0.266667,0.733333,1.0,0.858333,0.0,0.0,0.632221,0.625859,0.566618
difficulty,CAT,369,369-13,0.128524,0.566667,0.125,0.8,0.925,0.566667,0.0,0.0,0.688516,0.527812,0.817058
difficulty,CAT,369,369-14,-2.890421,0.616667,0.45,0.416667,0.866667,0.725,0.0,0.091667,0.560483,0.615475,0.565491
difficulty,CAT,369,369-15,-2.602773,0.583333,0.225,0.65,0.875,0.633333,0.0,0.041667,0.617081,0.541342,0.696557
difficulty,CAT,369,369-16,0.18643,0.366667,0.05,0.925,0.975,0.366667,0.0,0.0,0.714034,0.484209,0.930747
difficulty,CAT,369,369-17,-1.667763,0.491667,0.15,0.733333,0.883333,0.55,0.0,0.025,0.639924,0.545521,0.761632
difficulty,CAT,369,369-18,1.434687,0.633333,0.325,0.475,0.8,0.691667,0.058333,0.0,0.657555,0.594707,0.738918
difficulty,CAT,369,369-19,-0.661515,0.35,0.05,0.783333,0.833333,0.35,0.041667,0.0,0.724651,0.432737,0.997154
difficulty,CAT,369,369-20,-0.158063,0.725,0.025,0.975,1.0,0.725,0.0,0.0,0.678433,0.537736,0.753086
difficulty,CAT,369,369-21,1.071875,0.533333,0.1,0.7,0.8,0.533333,0.108333,0.0,0.710592,0.502906,0.950938
difficulty,CAT,369,369-22,-0.335319,0.441667,0.1,0.883333,0.983333,0.441667,0.0,0.0,0.694865,0.510748,0.838956
difficulty,CAT,369,369-23,1.114239,0.241667,0.008333,0.825,0.833333,0.241667,0.05,0.0,0.740536,0.444636,1.074472
difficulty,CAT,369,369-24,-0.500427,0.408333,0.066667,0.708333,0.775,0.408333,0.066667,0.0,0.727127,0.442146,1.025683
difficulty,CAT,369,369-25,-0.467771,0.633333,0.133333,0.741667,0.875,0.633333,0.008333,0.0,0.68713,0.504019,0.816927
difficulty,CAT,369,369-26,1.125826,0.141667,0.0,0.716667,0.716667,0.141667,0.191667,0.0,0.768061,0.398864,1.245911
difficulty,CAT,369,369-27,-0.43343,0.483333,0.15,0.675,0.825,0.483333,0.0,0.0,0.70272,0.490479,0.898712
difficulty,CAT,369,369-28,-1.038158,0.491667,0.466667,0.525,0.991667,0.725,0.0,0.0,0.604027,0.655362,0.532676
difficulty,CAT,369,369-29,0.22191,0.766667,0.416667,0.541667,0.958333,0.775,0.0,0.0,0.63083,0.625641,0.559305
difficulty,CAT,369,369-30,0.488949,0.483333,0.083333,0.833333,0.916667,0.483333,0.008333,0.0,0.705628,0.491747,0.901172
difficulty,CAT,369,369-31,-0.099903,0.216667,0.008333,0.991667,1.0,0.216667,0.0,0.0,0.725927,0.445769,0.982789
difficulty,CAT,369,369-32,-0.424318,0.375,0.008333,0.833333,0.841667,0.375,0.025,0.0,0.726324,0.437766,1.000379
difficulty,CAT,369,369-33,-1.962954,0.658333,0.491667,0.433333,0.925,0.833333,0.0,0.016667,0.56549,0.690294,0.44717
difficulty,CAT,369,369-34,-0.578553,0.65,0.15,0.841667,0.991667,0.65,0.0,0.0,0.670129,0.55244,0.720754
difficulty,CAT,369,369-35,-0.138219,0.625,0.341667,0.625,0.966667,0.766667,0.0,0.0,0.619574,0.639557,0.580257
difficulty,CAT,369,369-36,-0.55189,0.3,0.083333,0.75,0.833333,0.3,0.008333,0.0,0.72933,0.437886,1.023512
difficulty,CAT,369,369-37,0.626275,0.491667,0.316667,0.566667,0.883333,0.525,0.025,0.0,0.673067,0.552549,0.768616
difficulty,CAT,369,369-38,-0.013418,0.566667,0.033333,0.925,0.958333,0.566667,0.0,0.0,0.693954,0.505529,0.831816
difficulty,CAT,369,369-39,0.367813,0.491667,0.216667,0.775,0.991667,0.516667,0.0,0.0,0.677339,0.545807,0.769861
difficulty,CAT,369,369-40,0.511879,0.0,0.0,0.458333,0.458333,0.0,0.141667,0.0,0.805217,0.319768,1.441643
difficulty,CAT,369,369-41,-0.60238,0.483333,0.033333,0.866667,0.9,0.483333,0.0,0.0,0.706897,0.474694,0.901379
difficulty,CAT,369,369-42,-0.545278,0.533333,0.166667,0.825,0.991667,0.533333,0.0,0.0,0.679183,0.516356,0.768028
difficulty,CAT,369,369-43,-1.148539,0.425,0.15,0.7,0.85,0.491667,0.008333,0.0,0.688002,0.487253,0.859931
difficulty,CAT,369,369-44,-0.64239,0.558333,0.091667,0.891667,0.983333,0.558333,0.0,0.0,0.68735,0.50726,0.803698
difficulty,CAT,369,369-45,-0.123988,0.258333,0.016667,0.783333,0.8,0.258333,0.066667,0.0,0.741988,0.414648,1.087675
difficulty,CAT,369,369-46,0.446608,0.25,0.075,0.625,0.7,0.25,0.0,0.0,0.744166,0.427022,1.103056
difficulty,CAT,369,369-47,-0.857714,0.35,0.133333,0.625,0.758333,0.366667,0.016667,0.0,0.718203,0.436126,0.97968
difficulty,CAT,369,369-48,0.029596,0.366667,0.008333,0.758333,0.766667,0.366667,0.041667,0.0,0.734148,0.429399,1.049814
difficulty,CAT,369,369-49,-1.521616,0.541667,0.391667,0.583333,0.975,0.675,0.0,0.0,0.623802,0.576316,0.590364
difficulty,CAT,369,369-50,-1.174665,0.25,0.108333,0.8,0.908333,0.308333,0.008333,0.0,0.703818,0.459759,0.924676
difficulty,CAT,369,369-51,0.216574,0.458333,0.308333,0.683333,0.991667,0.55,0.0,0.0,0.657988,0.579885,0.710288
difficulty,CAT,369,369-52,1.454491,0.55,0.05,0.741667,0.791667,0.55,0.133333,0.0,0.711359,0.491191,0.960293
difficulty,CAT,369,369-53,0.726874,0.158333,0.0,0.558333,0.558333,0.158333,0.15,0.0,0.780713,0.364988,1.311614
difficulty,CAT,369,369-54,-0.642818,0.766667,0.325,0.675,1.0,0.8,0.0,0.0,0.632528,0.600696,0.563848
difficulty,CAT,369,369-55,0.861417,0.225,0.016667,0.716667,0.733333,0.225,0.05,0.0,0.753685,0.406645,1.152572
difficulty,CAT,369,369-56,0.15782,0.341667,0.033333,0.816667,0.85,0.341667,0.008333,0.0,0.727489,0.44169,1.009173
difficulty,CAT,369,369-57,-0.616591,0.4,0.083333,0.866667,0.95,0.4,0.0,0.0,0.708644,0.460415,0.909449
difficulty,CAT,369,369-58,-1.032616,0.316667,0.05,0.641667,0.691667,0.333333,0.1,0.0,0.739144,0.41001,1.097858
difficulty,CAT,369,369-59,0.092656,0.4,0.125,0.8,0.925,0.4,0.0,0.0,0.708351,0.481989,0.91264
difficulty,CAT,369,369-60,-0.398194,0.608333,0.108333,0.866667,0.975,0.608333,0.0,0.0,0.679559,0.528799,0.767114
difficulty,CAT,369,369-61,-1.820899,0.541667,0.375,0.575,0.95,0.766667,0.0,0.008333,0.59575,0.623052,0.533582
difficulty,CAT,369,369-62,0.172438,0.041667,0.0,0.791667,0.791667,0.041667,0.008333,0.0,0.764747,0.386765,1.192155
difficulty,CAT,369,369-63,-1.604932,0.441667,0.175,0.708333,0.883333,0.483333,0.0,0.0,0.665116,0.498487,0.80687
difficulty,CAT,369,369-64,-0.547018,0.708333,0.2,0.791667,0.991667,0.708333,0.0,0.0,0.662124,0.550904,0.687824
difficulty,CAT,369,369-65,0.849584,0.433333,0.05,0.9,0.95,0.433333,0.0,0.0,0.705698,0.506181,0.892146
difficulty,CAT,369,369-66,-0.917635,0.375,0.116667,0.85,0.966667,0.383333,0.0,0.0,0.708333,0.450962,0.911678
difficulty,CAT,369,369-67,1.020256,0.275,0.0,0.75,0.75,0.275,0.1,0.0,0.750792,0.42886,1.139783
difficulty,CAT,369,369-68,0.653268,0.108333,0.0,0.525,0.525,0.108333,0.183333,0.0,0.786077,0.361391,1.341346
difficulty,CAT,369,369-69,-1.243689,0.716667,0.183333,0.816667,1.0,0.766667,0.0,0.0,0.648239,0.55922,0.646384
difficulty,CAT,369,369-70,1.151157,0.233333,0.0,0.808333,0.808333,0.233333,0.083333,0.0,0.744634,0.443975,1.105285
difficulty,CAT,369,369-71,-0.469619,0.283333,0.025,0.708333,0.733333,0.283333,0.083333,0.0,0.747216,0.40256,1.123197
difficulty,CAT,369,369-72,-0.662576,0.116667,0.016667,0.633333,0.65,0.116667,0.0,0.0,0.769282,0.357588,1.226529
difficulty,CAT,369,369-73,0.43348,0.208333,0.0,0.85,0.85,0.208333,0.008333,0.0,0.743737,0.427088,1.082499
difficulty,CAT,369,369-74,1.53104,0.25,0.016667,0.466667,0.483333,0.25,0.2,0.0,0.777942,0.383947,1.333756
difficulty,CAT,369,369-75,0.597911,0.7,0.233333,0.733333,0.966667,0.708333,0.0,0.0,0.66032,0.594625,0.685476
difficulty,CAT,369,369-76,0.068143,0.325,0.041667,0.916667,0.958333,0.325,0.0,0.0,0.715893,0.46875,0.939435
difficulty,CAT,369,369-77,0.518152,0.208333,0.025,0.816667,0.841667,0.208333,0.008333,0.0,0.741624,0.43606,1.075384
difficulty,CAT,369,369-78,0.768912,0.391667,0.016667,0.883333,0.9,0.391667,0.0,0.0,0.718307,0.47952,0.959653
difficulty,CAT,369,369-79,2.208458,0.216667,0.083333,0.525,0.608333,0.216667,0.158333,0.0,0.768175,0.408044,1.303809
difficulty,CAT,369,369-80,0.609541,0.2,0.0,0.841667,0.841667,0.2,0.008333,0.0,0.742807,0.428422,1.081478
difficulty,CAT,369,369-81,0.102991,0.175,0.0,0.883333,0.883333,0.175,0.008333,0.0,0.743974,0.427378,1.080491
difficulty,CAT,369,369-82,1.185387,0.0,0.0,0.45,0.45,0.0,0.075,0.0,0.804318,0.331925,1.424475
difficulty,CAT,369,369-83,-0.666769,0.491667,0.225,0.658333,0.883333,0.508333,0.016667,0.0,0.684912,0.528802,0.816626
difficulty,CAT,369,369-84,1.195109,0.633333,0.216667,0.55,0.766667,0.633333,0.133333,0.0,0.691282,0.541345,0.872061
difficulty,CAT,369,369-85,2.089352,0.308333,0.016667,0.775,0.791667,0.308333,0.175,0.0,0.745075,0.455907,1.152159
difficulty,CAT,369,369-86,-0.859006,0.308333,0.091667,0.8,0.891667,0.341667,0.0,0.0,0.715719,0.444872,0.956237
difficulty,CAT,369,369-87,0.806216,0.525,0.1,0.816667,0.916667,0.525,0.041667,0.0,0.693248,0.535751,0.844081
difficulty,CAT,369,369-88,0.84898,0.475,0.1,0.841667,0.941667,0.475,0.0,0.0,0.700002,0.516038,0.870128
difficulty,CAT,369,369-89,-1.191223,0.533333,0.183333,0.725,0.908333,0.591667,0.008333,0.0,0.67656,0.49459,0.782787
difficulty,CAT,369,369-90,-2.083709,0.558333,0.1,0.791667,0.891667,0.583333,0.0,0.016667,0.663281,0.48575,0.792834
difficulty,CAT,369,369-91,2.871627,0.05,0.0,0.55,0.55,0.05,0.316667,0.0,0.807962,0.342003,1.599472
difficulty,CAT,369,369-92,-2.061716,0.233333,0.083333,0.7,0.783333,0.258333,0.0,0.016667,0.707441,0.412393,1.016432
difficulty,CAT,369,369-93,1.454118,0.375,0.033333,0.791667,0.825,0.375,0.141667,0.0,0.734258,0.471774,1.073895
difficulty,CAT,369,369-94,1.793163,0.183333,0.0,0.658333,0.658333,0.183333,0.175,0.0,0.772088,0.395394,1.292566
difficulty,CAT,369,369-95,-1.086711,0.491667,0.191667,0.75,0.941667,0.525,0.0,0.0,0.683322,0.520721,0.811185
difficulty,CAT,369,369-96,-0.429271,0.566667,0.233333,0.716667,0.95,0.683333,0.0,0.0,0.649976,0.587564,0.684857
difficulty,CAT,369,369-97,-1.847038,0.591667,0.25,0.708333,0.958333,0.658333,0.0,0.008333,0.638059,0.536187,0.665017
difficulty,CAT,369,369-98,-0.573374,0.183333,0.058333,0.741667,0.8,0.183333,0.008333,0.0,0.746744,0.402038,1.10843
difficulty,CAT,369,369-99,-2.606954,0.175,0.05,0.725,0.775,0.191667,0.0,0.058333,0.699246,0.39533,1.066785
difficulty,CAT,369,369-100,2.447595,0.508333,0.166667,0.608333,0.775,0.508333,0.175,0.0,0.715819,0.505126,1.045251
difficulty,CAT,369,369-101,-0.774114,0.466667,0.016667,0.883333,0.9,0.466667,0.008333,0.0,0.714849,0.442631,0.940347
difficulty,CAT,369,369-102,-0.419893,0.483333,0.025,0.916667,0.941667,0.483333,0.0,0.0,0.704283,0.487009,0.884852
difficulty,CAT,369,369-103,-2.045843,0.841667,0.391667,0.575,0.966667,0.891667,0.0,0.016667,0.605484,0.591753,0.509187
difficulty,CAT,369,369-104,0.862104,0.425,0.058333,0.9,0.958333,0.425,0.0,0.0,0.70485,0.507521,0.889395
difficulty,CAT,369,369-105,0.328284,0.433333,0.141667,0.625,0.766667,0.433333,0.05,0.0,0.717145,0.486608,0.978829
difficulty,CAT,369,369-106,1.034031,0.091667,0.0,0.716667,0.716667,0.091667,0.025,0.0,0.76747,0.38609,1.214534
difficulty,CAT,369,369-107,0.175197,0.225,0.0,0.741667,0.741667,0.225,0.133333,0.0,0.751566,0.409298,1.145255
difficulty,CAT,369,369-108,-0.222364,0.291667,0.025,0.908333,0.933333,0.291667,0.0,0.0,0.722092,0.457577,0.970099
difficulty,CAT,369,369-109,-0.133694,0.5,0.066667,0.825,0.891667,0.5,0.0,0.0,0.704687,0.48746,0.89466
difficulty,CAT,369,369-110,1.801781,0.008333,0.0,0.575,0.575,0.008333,0.158333,0.0,0.793159,0.354358,1.385477
difficulty,CAT,369,369-111,0.499768,0.266667,0.0,0.775,0.775,0.266667,0.016667,0.0,0.747347,0.42667,1.11026
difficulty,CAT,369,369-112,-1.014326,0.8,0.1,0.9,1.0,0.825,0.0,0.0,0.655124,0.544065,0.653966
difficulty,CAT,369,369-113,0.3677,0.441667,0.05,0.741667,0.791667,0.441667,0.033333,0.0,0.720198,0.467513,0.982993
difficulty,CAT,369,369-114,0.269233,0.491667,0.058333,0.875,0.933333,0.491667,0.0,0.0,0.69906,0.509048,0.862974
difficulty,CAT,369,369-115,-0.678598,0.683333,0.075,0.925,1.0,0.683333,0.0,0.0,0.673792,0.529551,0.733921
difficulty,CAT,369,369-116,-0.072946,0.725,0.1,0.9,1.0,0.725,0.0,0.0,0.665168,0.554172,0.69533
difficulty,CAT,369,369-117,-0.994879,0.425,0.125,0.591667,0.716667,0.45,0.191667,0.0,0.725779,0.433381,1.054872
difficulty,CAT,369,369-118,0.93942,0.416667,0.033333,0.841667,0.875,0.416667,0.016667,0.0,0.717538,0.485482,0.960042
difficulty,CAT,369,369-119,0.77847,0.541667,0.033333,0.891667,0.925,0.541667,0.0,0.0,0.696315,0.506963,0.850292
difficulty,CAT,369,369-120,-1.518781,0.775,0.475,0.458333,0.933333,0.866667,0.0,0.0,0.58014,0.671751,0.44203
difficulty,CAT,369,369-121,-1.423723,0.583333,0.183333,0.758333,0.941667,0.6,0.0,0.0,0.655419,0.524553,0.72286
difficulty,CAT,369,369-122,0.978785,0.6,0.1,0.775,0.875,0.6,0.033333,0.0,0.691873,0.528427,0.839957
difficulty,CAT,369,369-123,1.339497,0.066667,0.0,0.866667,0.866667,0.066667,0.05,0.0,0.758693,0.417373,1.163426
difficulty,CAT,369,369-124,-2.13659,0.266667,0.241667,0.558333,0.8,0.3,0.0,0.05,0.672765,0.458656,0.928945
difficulty,CAT,369,369-125,1.078108,0.591667,0.158333,0.783333,0.941667,0.591667,0.025,0.0,0.68233,0.549932,0.792304
difficulty,CAT,369,369-126,0.699484,0.5,0.033333,0.85,0.883333,0.5,0.008333,0.0,0.710004,0.494073,0.919253
difficulty,CAT,369,369-127,1.275301,0.25,0.016667,0.708333,0.725,0.25,0.058333,0.0,0.749951,0.422545,1.135175
difficulty,CAT,369,369-128,0.425079,0.3,0.0,0.858333,0.858333,0.3,0.008333,0.0,0.736845,0.451619,1.049699
difficulty,CAT,369,369-129,1.955968,0.408333,0.0,0.825,0.825,0.408333,0.133333,0.0,0.734938,0.447263,1.083987
difficulty,CAT,369,369-130,0.703888,0.35,0.066667,0.741667,0.808333,0.35,0.025,0.0,0.726021,0.453355,1.007575
difficulty,CAT,369,369-131,0.513951,0.658333,0.083333,0.891667,0.975,0.658333,0.0,0.0,0.680385,0.545597,0.773213
difficulty,CAT,369,369-132,0.491925,0.383333,0.016667,0.95,0.966667,0.383333,0.0,0.0,0.715124,0.487071,0.933607
difficulty,CAT,369,369-133,-1.561684,0.466667,0.066667,0.8,0.866667,0.483333,0.025,0.0,0.690302,0.461228,0.877426
difficulty,CAT,369,369-134,0.245354,0.658333,0.291667,0.666667,0.958333,0.708333,0.0,0.0,0.65087,0.591536,0.652322
difficulty,CAT,369,369-135,2.197761,0.058333,0.0,0.65,0.65,0.058333,0.158333,0.0,0.789376,0.360906,1.386212
difficulty,CAT,369,369-136,1.47046,0.25,0.041667,0.683333,0.725,0.25,0.175,0.0,0.752163,0.441742,1.172721
difficulty,CAT,369,369-137,-0.726608,0.691667,0.116667,0.883333,1.0,0.708333,0.0,0.0,0.663627,0.546504,0.691634
difficulty,CAT,369,369-138,1.069092,0.408333,0.1,0.775,0.875,0.408333,0.025,0.0,0.714017,0.504735,0.946371
difficulty,CAT,369,369-139,0.504925,0.575,0.258333,0.583333,0.841667,0.633333,0.0,0.0,0.67095,0.556644,0.764765
difficulty,CAT,369,369-140,-1.515391,0.308333,0.075,0.725,0.8,0.325,0.041667,0.0,0.704213,0.439756,0.978206
difficulty,CAT,369,369-141,-0.557669,0.725,0.366667,0.633333,1.0,0.758333,0.0,0.0,0.631554,0.603375,0.562326
difficulty,CAT,369,369-142,-1.805564,0.7,0.358333,0.608333,0.966667,0.775,0.0,0.008333,0.615189,0.576572,0.549683
difficulty,CAT,369,369-143,1.00057,0.308333,0.058333,0.641667,0.7,0.308333,0.116667,0.0,0.744628,0.44702,1.119385
difficulty,CAT,369,369-144,-0.293508,0.716667,0.291667,0.7,0.991667,0.733333,0.0,0.0,0.64858,0.582089,0.631458
difficulty,CAT,369,369-145,-1.197497,0.241667,0.091667,0.608333,0.7,0.283333,0.1,0.0,0.731964,0.406243,1.088615
difficulty,CAT,369,369-146,0.355825,0.558333,0.05,0.908333,0.958333,0.558333,0.0,0.0,0.691696,0.520872,0.824497
difficulty,CAT,369,369-147,0.060891,0.141667,0.0,0.833333,0.833333,0.141667,0.0,0.0,0.751941,0.403075,1.123483
difficulty,CAT,369,369-148,-0.734187,0.225,0.016667,0.708333,0.725,0.225,0.116667,0.0,0.752817,0.390312,1.160554
difficulty,CAT,369,369-149,1.042388,0.016667,0.0,0.6,0.6,0.016667,0.041667,0.0,0.786679,0.368504,1.320041
difficulty,CAT,369,369-150,0.567493,0.025,0.0,0.566667,0.566667,0.025,0.116667,0.0,0.794542,0.342046,1.376614
difficulty,CAT,369,369-151,-0.326013,0.35,0.025,0.925,0.95,0.35,0.0,0.0,0.72102,0.443673,0.968934
difficulty,CAT,369,369-152,0.159952,0.641667,0.058333,0.925,0.983333,0.641667,0.0,0.0,0.683071,0.544192,0.77983
difficulty,CAT,369,369-153,1.172015,0.25,0.008333,0.775,0.783333,0.25,0.066667,0.0,0.746125,0.441202,1.108824
difficulty,CAT,369,369-154,-2.277682,0.358333,0.175,0.541667,0.716667,0.433333,0.025,0.058333,0.661917,0.49295,0.924803
difficulty,CAT,369,369-155,1.339122,0.241667,0.066667,0.583333,0.65,0.241667,0.191667,0.0,0.758999,0.412173,1.208756
difficulty,CAT,369,369-156,-0.957434,0.358333,0.066667,0.591667,0.658333,0.366667,0.141667,0.0,0.741853,0.386588,1.121995
difficulty,CAT,369,369-157,-0.400505,0.25,0.025,0.691667,0.716667,0.25,0.033333,0.0,0.745347,0.412073,1.110926
difficulty,CAT,369,369-158,0.853967,0.058333,0.0,0.6,0.6,0.058333,0.075,0.0,0.785532,0.36071,1.319491
difficulty,CAT,369,369-159,-0.344609,0.208333,0.008333,0.791667,0.8,0.208333,0.058333,0.0,0.74808,0.407521,1.116608
difficulty,CAT,369,369-160,1.494031,0.216667,0.008333,0.691667,0.7,0.216667,0.141667,0.0,0.763695,0.407531,1.219669
difficulty,CAT,369,369-161,-0.807596,0.55,0.108333,0.825,0.933333,0.558333,0.0,0.0,0.68991,0.489123,0.822572
difficulty,CAT,369,369-162,-0.239289,0.316667,0.008333,0.883333,0.891667,0.316667,0.0,0.0,0.725861,0.451248,0.991041
difficulty,CAT,369,369-163,-2.746209,0.333333,0.241667,0.466667,0.708333,0.45,0.1,0.058333,0.64647,0.474679,0.901728
difficulty,CAT,369,369-164,1.19522,0.35,0.016667,0.716667,0.733333,0.35,0.075,0.0,0.7379,0.443453,1.075214
difficulty,CAT,369,369-165,-1.211251,0.483333,0.091667,0.85,0.941667,0.525,0.0,0.0,0.668084,0.51351,0.782912
difficulty,CAT,369,369-166,1.643909,0.275,0.016667,0.683333,0.7,0.275,0.1,0.0,0.755189,0.43282,1.178031
difficulty,CAT,369,369-167,0.721479,0.141667,0.0,0.616667,0.616667,0.141667,0.075,0.0,0.770196,0.39326,1.239975
difficulty,CAT,369,369-168,1.403925,0.433333,0.15,0.641667,0.791667,0.466667,0.166667,0.0,0.713722,0.493903,1.008461
difficulty,CAT,369,369-169,-0.526088,0.308333,0.191667,0.591667,0.783333,0.35,0.041667,0.0,0.71225,0.453329,0.968127
difficulty,CAT,369,369-170,0.524277,0.041667,0.0,0.55,0.55,0.041667,0.075,0.0,0.791674,0.342376,1.362039
difficulty,CAT,369,369-171,-0.449724,0.241667,0.075,0.825,0.9,0.241667,0.0,0.0,0.726325,0.433156,1.000425
difficulty,CAT,369,369-172,-0.098782,0.308333,0.041667,0.741667,0.783333,0.308333,0.066667,0.0,0.73259,0.435392,1.046027
difficulty,CAT,369,369-173,0.053851,0.041667,0.0,0.583333,0.583333,0.041667,0.133333,0.0,0.788516,0.342159,1.345818
difficulty,CAT,369,369-174,0.199838,0.55,0.216667,0.766667,0.983333,0.566667,0.0,0.0,0.674028,0.540897,0.753692
difficulty,CAT,369,369-175,-0.54819,0.783333,0.3,0.7,1.0,0.833333,0.0,0.0,0.632281,0.596466,0.556756
difficulty,CAT,369,369-176,0.356066,0.375,0.208333,0.641667,0.85,0.458333,0.016667,0.0,0.686514,0.538115,0.848293
difficulty,CAT,369,369-177,1.05976,0.425,0.116667,0.683333,0.8,0.425,0.125,0.0,0.718647,0.473194,0.996919
difficulty,CAT,369,369-178,-0.585372,0.383333,0.166667,0.791667,0.958333,0.425,0.0,0.0,0.691822,0.526881,0.841832
difficulty,CAT,369,369-179,-1.391402,0.566667,0.158333,0.758333,0.916667,0.625,0.0,0.0,0.668434,0.50879,0.764669
difficulty,CAT,369,369-180,0.254504,0.116667,0.008333,0.825,0.833333,0.116667,0.0,0.0,0.752672,0.427205,1.130298
difficulty,CAT,369,369-181,0.227448,0.383333,0.058333,0.9,0.958333,0.383333,0.0,0.0,0.71057,0.478205,0.915849
difficulty,CAT,369,369-182,0.533,0.266667,0.0,0.8,0.8,0.266667,0.008333,0.0,0.745887,0.435549,1.102023
difficulty,CAT,369,369-183,0.016653,0.358333,0.091667,0.508333,0.6,0.358333,0.216667,0.0,0.746052,0.410241,1.153018
difficulty,CAT,369,369-184,-0.127383,0.491667,0.1,0.858333,0.958333,0.491667,0.0,0.0,0.695564,0.509356,0.845506
difficulty,CAT,369,369-185,-1.489992,0.375,0.191667,0.658333,0.85,0.45,0.033333,0.0,0.682342,0.468678,0.856844
difficulty,CAT,369,369-186,-0.581476,0.533333,0.133333,0.833333,0.966667,0.533333,0.0,0.0,0.687101,0.508362,0.806304
difficulty,CAT,369,369-187,-0.244752,0.233333,0.0,0.741667,0.741667,0.233333,0.116667,0.0,0.750839,0.398658,1.141309
difficulty,CAT,369,369-188,-0.858205,0.65,0.2,0.8,1.0,0.666667,0.0,0.0,0.659201,0.552994,0.673816
difficulty,CAT,369,369-189,0.12465,0.45,0.083333,0.9,0.983333,0.45,0.0,0.0,0.701169,0.493827,0.868018
difficulty,CAT,369,369-190,0.378446,0.466667,0.083333,0.833333,0.916667,0.466667,0.0,0.0,0.702,0.50364,0.880221
difficulty,CAT,369,369-191,0.139139,0.341667,0.05,0.741667,0.791667,0.341667,0.008333,0.0,0.731823,0.448244,1.035786
difficulty,CAT,369,369-192,-0.411408,0.35,0.025,0.808333,0.833333,0.35,0.008333,0.0,0.72784,0.431134,1.011413
difficulty,CAT,369,369-193,0.001881,0.266667,0.0,0.816667,0.816667,0.266667,0.091667,0.0,0.74088,0.433228,1.085642
difficulty,CAT,369,369-194,0.438737,0.466667,0.041667,0.891667,0.933333,0.466667,0.0,0.0,0.702733,0.501915,0.879829
difficulty,CAT,369,369-195,-2.863164,0.516667,0.241667,0.533333,0.775,0.575,0.058333,0.05,0.64085,0.485132,0.821298
difficulty,CAT,369,369-196,-0.392589,0.391667,0.108333,0.816667,0.925,0.391667,0.0,0.0,0.711136,0.476002,0.927311
difficulty,CAT,369,369-197,-1.7188,0.5,0.291667,0.6,0.891667,0.541667,0.0,0.016667,0.640561,0.54262,0.718654
difficulty,CAT,369,369-198,0.501067,0.491667,0.158333,0.583333,0.741667,0.491667,0.141667,0.0,0.71545,0.48798,0.986896
difficulty,CAT,369,369-199,-2.175564,0.291667,0.183333,0.491667,0.675,0.35,0.075,0.091667,0.658671,0.482742,0.972388
difficulty,CAT,1024,1024-0,-0.453679,0.591667,0.133333,0.825,0.958333,0.591667,0.0,0.0,0.682777,0.523394,0.787069
difficulty,CAT,1024,1024-1,-0.139218,0.316667,0.05,0.708333,0.758333,0.316667,0.108333,0.0,0.742738,0.41008,1.111038
difficulty,CAT,1024,1024-2,2.417348,0.275,0.0,0.591667,0.591667,0.275,0.2,0.0,0.77611,0.397272,1.353962
difficulty,CAT,1024,1024-3,0.083214,0.55,0.1,0.891667,0.991667,0.575,0.0,0.0,0.677996,0.574528,0.76693
difficulty,CAT,1024,1024-4,1.48629,0.05,0.0,0.483333,0.483333,0.05,0.15,0.0,0.794553,0.356101,1.386888
difficulty,CAT,1024,1024-5,0.45974,0.091667,0.0,0.691667,0.691667,0.091667,0.075,0.0,0.775122,0.363271,1.262388
difficulty,CAT,1024,1024-6,-0.213213,0.25,0.0,0.883333,0.883333,0.25,0.008333,0.0,0.735636,0.420275,1.040008
difficulty,CAT,1024,1024-7,-0.65551,0.383333,0.05,0.9,0.95,0.383333,0.0,0.0,0.711665,0.466173,0.920506
difficulty,CAT,1024,1024-8,-0.363281,0.658333,0.025,0.975,1.0,0.658333,0.0,0.0,0.681868,0.524609,0.768814
difficulty,CAT,1024,1024-9,0.450501,0.191667,0.0,0.866667,0.866667,0.191667,0.0,0.0,0.746491,0.417861,1.096766
difficulty,CAT,1024,1024-10,-1.466925,0.283333,0.066667,0.591667,0.658333,0.308333,0.05,0.0,0.735233,0.379111,1.100624
difficulty,CAT,1024,1024-11,-0.372172,0.625,0.133333,0.866667,1.0,0.625,0.0,0.0,0.674385,0.545155,0.741559
difficulty,CAT,1024,1024-12,1.562737,0.2,0.0,0.825,0.825,0.2,0.066667,0.0,0.750955,0.427563,1.136115
difficulty,CAT,1024,1024-13,0.762199,0.125,0.016667,0.683333,0.7,0.125,0.05,0.0,0.765926,0.399975,1.214446
difficulty,CAT,1024,1024-14,0.246562,0.475,0.05,0.866667,0.916667,0.475,0.0,0.0,0.707394,0.495163,0.903959
difficulty,CAT,1024,1024-15,-0.340309,0.35,0.05,0.8,0.85,0.35,0.008333,0.0,0.726017,0.458941,1.00244
difficulty,CAT,1024,1024-16,-0.891364,0.691667,0.283333,0.716667,1.0,0.708333,0.0,0.0,0.647883,0.580422,0.626042
difficulty,CAT,1024,1024-17,2.037654,0.391667,0.033333,0.691667,0.725,0.391667,0.225,0.0,0.743456,0.460217,1.153046
difficulty,CAT,1024,1024-18,0.591213,0.35,0.041667,0.808333,0.85,0.35,0.0,0.0,0.727182,0.473864,1.005184
difficulty,CAT,1024,1024-19,-1.030628,0.25,0.058333,0.741667,0.8,0.283333,0.025,0.0,0.733746,0.406077,1.060634
difficulty,CAT,1024,1024-20,-0.837841,0.775,0.233333,0.758333,0.991667,0.775,0.0,0.0,0.649534,0.569489,0.628709
difficulty,CAT,1024,1024-21,-0.519407,0.6,0.1,0.891667,0.991667,0.6,0.0,0.0,0.683857,0.51414,0.785812
difficulty,CAT,1024,1024-22,-0.45672,0.6,0.116667,0.85,0.966667,0.6,0.0,0.0,0.682843,0.511046,0.784225
difficulty,CAT,1024,1024-23,0.597314,0.383333,0.016667,0.825,0.841667,0.383333,0.016667,0.0,0.724104,0.47891,0.991915
difficulty,CAT,1024,1024-24,1.160834,0.525,0.191667,0.733333,0.925,0.525,0.033333,0.0,0.691247,0.533764,0.836849
difficulty,CAT,1024,1024-25,-0.094463,0.425,0.05,0.841667,0.891667,0.425,0.016667,0.0,0.714014,0.478378,0.940344
difficulty,CAT,1024,1024-26,1.098646,0.45,0.066667,0.766667,0.833333,0.45,0.1,0.0,0.719722,0.475047,0.990069
difficulty,CAT,1024,1024-27,-1.234635,0.441667,0.316667,0.6,0.916667,0.6,0.0,0.0,0.655433,0.541548,0.735115
difficulty,CAT,1024,1024-28,0.524817,0.533333,0.216667,0.733333,0.95,0.55,0.0,0.0,0.676289,0.560472,0.764636
difficulty,CAT,1024,1024-29,0.662467,0.666667,0.125,0.8,0.925,0.666667,0.0,0.0,0.67695,0.565474,0.763459
difficulty,CAT,1024,1024-30,1.173854,0.675,0.133333,0.8,0.933333,0.675,0.033333,0.0,0.676272,0.558508,0.759421
difficulty,CAT,1024,1024-31,1.003531,0.341667,0.05,0.716667,0.766667,0.341667,0.083333,0.0,0.73346,0.465359,1.052945
difficulty,CAT,1024,1024-32,0.949154,0.708333,0.233333,0.716667,0.95,0.708333,0.008333,0.0,0.661692,0.594817,0.692807
difficulty,CAT,1024,1024-33,-1.982724,0.416667,0.091667,0.783333,0.875,0.458333,0.0,0.033333,0.667168,0.490008,0.854615
difficulty,CAT,1024,1024-34,-0.512017,0.783333,0.233333,0.766667,1.0,0.783333,0.0,0.0,0.649539,0.596522,0.626353
difficulty,CAT,1024,1024-35,-1.617087,0.35,0.083333,0.791667,0.875,0.408333,0.008333,0.0,0.697424,0.442357,0.914674
difficulty,CAT,1024,1024-36,-0.252073,0.858333,0.066667,0.933333,1.0,0.858333,0.0,0.0,0.662508,0.564667,0.67864
difficulty,CAT,1024,1024-37,-1.935859,0.25,0.125,0.808333,0.933333,0.358333,0.0,0.016667,0.677256,0.457493,0.887018
difficulty,CAT,1024,1024-38,0.876777,0.391667,0.041667,0.833333,0.875,0.391667,0.0,0.0,0.717784,0.4933,0.958349
difficulty,CAT,1024,1024-39,-0.385024,0.516667,0.075,0.875,0.95,0.516667,0.0,0.0,0.696765,0.488214,0.85038
difficulty,CAT,1024,1024-40,0.952162,0.2,0.008333,0.933333,0.941667,0.2,0.008333,0.0,0.732237,0.454161,1.019143
difficulty,CAT,1024,1024-41,-0.694434,0.466667,0.208333,0.716667,0.925,0.5,0.0,0.0,0.683006,0.508745,0.80625
difficulty,CAT,1024,1024-42,-0.121534,0.475,0.0,0.85,0.85,0.475,0.066667,0.0,0.719495,0.469278,0.975202
difficulty,CAT,1024,1024-43,0.806678,0.316667,0.008333,0.9,0.908333,0.316667,0.0,0.0,0.73022,0.453604,1.01476
difficulty,CAT,1024,1024-44,-0.9207,0.491667,0.05,0.783333,0.833333,0.5,0.091667,0.0,0.71181,0.456865,0.949247
difficulty,CAT,1024,1024-45,-1.944503,0.366667,0.108333,0.816667,0.925,0.425,0.0,0.025,0.664926,0.494726,0.834984
difficulty,CAT,1024,1024-46,2.42525,0.141667,0.033333,0.666667,0.7,0.141667,0.15,0.0,0.773733,0.389239,1.322156
difficulty,CAT,1024,1024-47,-1.629288,0.608333,0.166667,0.708333,0.875,0.641667,0.033333,0.0,0.665692,0.496033,0.766807
difficulty,CAT,1024,1024-48,0.371418,0.033333,0.0,0.741667,0.741667,0.033333,0.041667,0.0,0.77203,0.374867,1.236205
difficulty,CAT,1024,1024-49,0.901256,0.291667,0.1,0.75,0.85,0.333333,0.016667,0.0,0.716457,0.473293,0.974033
difficulty,CAT,1024,1024-50,0.545248,0.616667,0.066667,0.85,0.916667,0.616667,0.0,0.0,0.690245,0.528759,0.822485
difficulty,CAT,1024,1024-51,-1.769431,0.325,0.258333,0.608333,0.866667,0.433333,0.0,0.008333,0.672329,0.48719,0.829164
difficulty,CAT,1024,1024-52,0.660271,0.225,0.083333,0.716667,0.8,0.225,0.0,0.0,0.736737,0.438989,1.059823
difficulty,CAT,1024,1024-53,0.355437,0.25,0.008333,0.933333,0.941667,0.25,0.0,0.0,0.726775,0.455665,0.991253
difficulty,CAT,1024,1024-54,0.715129,0.258333,0.041667,0.516667,0.558333,0.258333,0.1,0.0,0.762482,0.406742,1.217929
difficulty,CAT,1024,1024-55,-2.183124,0.35,0.141667,0.666667,0.808333,0.375,0.0,0.033333,0.674339,0.473224,0.907728
difficulty,CAT,1024,1024-56,-0.067843,0.391667,0.0,0.941667,0.941667,0.391667,0.0,0.0,0.712876,0.468177,0.92335
difficulty,CAT,1024,1024-57,-0.675636,0.183333,0.075,0.725,0.8,0.183333,0.025,0.0,0.745074,0.410689,1.105584
difficulty,CAT,1024,1024-58,-1.359565,0.675,0.333333,0.625,0.958333,0.75,0.0,0.0,0.622457,0.582955,0.586834
difficulty,CAT,1024,1024-59,-0.119658,0.441667,0.033333,0.9,0.933333,0.441667,0.0,0.0,0.71025,0.484506,0.914223
difficulty,CAT,1024,1024-60,-1.509762,0.616667,0.141667,0.841667,0.983333,0.65,0.0,0.0,0.659391,0.527954,0.705698
difficulty,CAT,1024,1024-61,-0.053294,0.425,0.066667,0.825,0.891667,0.425,0.0,0.0,0.713053,0.480063,0.937783
difficulty,CAT,1024,1024-62,-0.899341,0.316667,0.05,0.925,0.975,0.341667,0.0,0.0,0.712053,0.440845,0.926823
difficulty,CAT,1024,1024-63,-0.333747,0.566667,0.066667,0.841667,0.908333,0.566667,0.025,0.0,0.695526,0.502359,0.852652
difficulty,CAT,1024,1024-64,-0.226425,0.566667,0.091667,0.858333,0.95,0.566667,0.0,0.0,0.687021,0.532168,0.804184
difficulty,CAT,1024,1024-65,-1.99674,0.7,0.375,0.583333,0.958333,0.775,0.0,0.016667,0.609318,0.580641,0.551313
difficulty,CAT,1024,1024-66,-0.072562,0.2,0.0,0.816667,0.816667,0.2,0.0,0.0,0.754029,0.398958,1.137934
difficulty,CAT,1024,1024-67,0.486877,0.25,0.016667,0.966667,0.983333,0.25,0.0,0.0,0.720686,0.4656,0.957282
difficulty,CAT,1024,1024-68,-0.683814,0.366667,0.058333,0.875,0.933333,0.366667,0.0,0.0,0.715703,0.447361,0.943901
difficulty,CAT,1024,1024-69,-0.028345,0.166667,0.025,0.633333,0.658333,0.166667,0.033333,0.0,0.760142,0.401347,1.185472
difficulty,CAT,1024,1024-70,0.225393,0.216667,0.0,0.791667,0.791667,0.216667,0.058333,0.0,0.750325,0.411256,1.12658
difficulty,CAT,1024,1024-71,0.272283,0.675,0.3,0.691667,0.991667,0.683333,0.0,0.0,0.652332,0.588362,0.646361
difficulty,CAT,1024,1024-72,-0.66278,0.358333,0.108333,0.708333,0.816667,0.366667,0.008333,0.0,0.720556,0.445394,0.985147
difficulty,CAT,1024,1024-73,-0.075206,0.283333,0.025,0.833333,0.858333,0.283333,0.008333,0.0,0.731758,0.43653,1.026978
difficulty,CAT,1024,1024-74,-0.458991,0.566667,0.05,0.95,1.0,0.566667,0.0,0.0,0.688474,0.513226,0.801798
difficulty,CAT,1024,1024-75,0.190854,0.466667,0.008333,0.991667,1.0,0.466667,0.0,0.0,0.700939,0.499447,0.862196
difficulty,CAT,1024,1024-76,2.172069,0.333333,0.141667,0.558333,0.7,0.333333,0.183333,0.0,0.745297,0.441319,1.192975
difficulty,CAT,1024,1024-77,1.061123,0.483333,0.166667,0.683333,0.85,0.508333,0.066667,0.0,0.6961,0.521027,0.880079
difficulty,CAT,1024,1024-78,0.513334,0.3,0.033333,0.741667,0.775,0.3,0.041667,0.0,0.740237,0.445453,1.081748
difficulty,CAT,1024,1024-79,0.467789,0.475,0.125,0.783333,0.908333,0.475,0.0,0.0,0.702939,0.501882,0.891037
difficulty,CAT,1024,1024-80,-0.119441,0.625,0.158333,0.75,0.908333,0.633333,0.0,0.0,0.675512,0.527748,0.758161
difficulty,CAT,1024,1024-81,0.257175,0.233333,0.008333,0.641667,0.65,0.233333,0.133333,0.0,0.76196,0.387873,1.208136
difficulty,CAT,1024,1024-82,0.520727,0.5,0.183333,0.791667,0.975,0.5,0.0,0.0,0.683517,0.557032,0.790916
difficulty,CAT,1024,1024-83,0.275461,0.583333,0.125,0.858333,0.983333,0.583333,0.0,0.0,0.686051,0.520169,0.802289
difficulty,CAT,1024,1024-84,2.118684,0.516667,0.166667,0.591667,0.758333,0.516667,0.191667,0.0,0.71574,0.491808,1.037688
difficulty,CAT,1024,1024-85,-0.480852,0.241667,0.025,0.783333,0.808333,0.241667,0.016667,0.0,0.743531,0.430181,1.093091
difficulty,CAT,1024,1024-86,0.653347,0.5,0.016667,0.925,0.941667,0.5,0.0,0.0,0.707358,0.505856,0.899055
difficulty,CAT,1024,1024-87,-0.620066,0.658333,0.208333,0.758333,0.966667,0.666667,0.0,0.0,0.665878,0.544165,0.710525
difficulty,CAT,1024,1024-88,0.843938,0.333333,0.058333,0.666667,0.725,0.333333,0.025,0.0,0.733061,0.468903,1.051065
difficulty,CAT,1024,1024-89,-0.260361,0.3,0.066667,0.741667,0.808333,0.3,0.016667,0.0,0.726575,0.439457,1.008988
difficulty,CAT,1024,1024-90,-1.307344,0.391667,0.108333,0.816667,0.925,0.416667,0.0,0.0,0.700439,0.462776,0.892198
difficulty,CAT,1024,1024-91,0.52292,0.366667,0.058333,0.783333,0.841667,0.366667,0.0,0.0,0.725725,0.457718,1.002088
difficulty,CAT,1024,1024-92,-0.040401,0.433333,0.016667,0.958333,0.975,0.433333,0.0,0.0,0.706935,0.483583,0.89557
difficulty,CAT,1024,1024-93,-1.844562,0.516667,0.15,0.683333,0.833333,0.541667,0.0,0.016667,0.615332,0.589824,0.697361
difficulty,CAT,1024,1024-94,0.138788,0.45,0.091667,0.808333,0.9,0.45,0.008333,0.0,0.702159,0.504786,0.883349
difficulty,CAT,1024,1024-95,0.282639,0.216667,0.0,0.866667,0.866667,0.216667,0.016667,0.0,0.741672,0.430941,1.073548
difficulty,CAT,1024,1024-96,0.365249,0.641667,0.133333,0.858333,0.991667,0.65,0.0,0.0,0.670386,0.572005,0.724545
difficulty,CAT,1024,1024-97,0.169047,0.625,0.116667,0.883333,1.0,0.625,0.0,0.0,0.675925,0.536875,0.749041
difficulty,CAT,1024,1024-98,-1.388095,0.675,0.216667,0.75,0.966667,0.708333,0.0,0.0,0.655299,0.525277,0.685022
difficulty,CAT,1024,1024-99,0.944657,0.308333,0.025,0.883333,0.908333,0.308333,0.008333,0.0,0.722057,0.471541,0.973505
difficulty,CAT,1024,1024-100,0.052692,0.375,0.05,0.916667,0.966667,0.375,0.0,0.0,0.711099,0.48275,0.916167
difficulty,CAT,1024,1024-101,-0.434545,0.366667,0.05,0.808333,0.858333,0.366667,0.008333,0.0,0.721286,0.451953,0.977384
difficulty,CAT,1024,1024-102,-0.314861,0.741667,0.216667,0.758333,0.975,0.75,0.0,0.0,0.655589,0.564106,0.660165
difficulty,CAT,1024,1024-103,0.09447,0.4,0.016667,0.775,0.791667,0.4,0.033333,0.0,0.726031,0.45204,1.005098
difficulty,CAT,1024,1024-104,-0.276964,0.5,0.066667,0.791667,0.858333,0.5,0.016667,0.0,0.708122,0.475396,0.917672
difficulty,CAT,1024,1024-105,1.162645,0.566667,0.083333,0.766667,0.85,0.566667,0.05,0.0,0.699619,0.519571,0.880486
difficulty,CAT,1024,1024-106,0.252362,0.191667,0.0,0.958333,0.958333,0.191667,0.0,0.0,0.735413,0.447732,1.031421
difficulty,CAT,1024,1024-107,-0.848234,0.508333,0.108333,0.833333,0.941667,0.516667,0.0,0.0,0.696365,0.472809,0.855225
difficulty,CAT,1024,1024-108,0.229203,0.025,0.0,0.683333,0.683333,0.025,0.008333,0.0,0.77927,0.354479,1.273574
difficulty,CAT,1024,1024-109,-0.803285,0.641667,0.316667,0.675,0.991667,0.75,0.0,0.0,0.636341,0.593075,0.605014
difficulty,CAT,1024,1024-110,-0.190562,0.325,0.025,0.908333,0.933333,0.325,0.0,0.0,0.722723,0.450883,0.975086
difficulty,CAT,1024,1024-111,-0.19398,0.525,0.141667,0.841667,0.983333,0.541667,0.0,0.0,0.683536,0.517609,0.79456
difficulty,CAT,1024,1024-112,-0.433928,0.841667,0.266667,0.733333,1.0,0.841667,0.0,0.0,0.638487,0.592052,0.577549
difficulty,CAT,1024,1024-113,0.289044,0.341667,0.175,0.558333,0.733333,0.366667,0.033333,0.0,0.717669,0.486472,0.989812
difficulty,CAT,1024,1024-114,0.537074,0.108333,0.0,0.683333,0.683333,0.108333,0.125,0.0,0.771271,0.373095,1.250777
difficulty,CAT,1024,1024-115,0.298362,0.183333,0.0,0.933333,0.933333,0.183333,0.0,0.0,0.741996,0.430169,1.067951
difficulty,CAT,1024,1024-116,1.177182,0.266667,0.025,0.833333,0.858333,0.266667,0.041667,0.0,0.735494,0.458872,1.051126
difficulty,CAT,1024,1024-117,1.564602,0.45,0.033333,0.725,0.758333,0.45,0.15,0.0,0.731642,0.473934,1.070407
difficulty,CAT,1024,1024-118,0.700849,0.216667,0.0,0.866667,0.866667,0.216667,0.0,0.0,0.745571,0.434138,1.090821
difficulty,CAT,1024,1024-119,-1.447227,0.358333,0.133333,0.716667,0.85,0.383333,0.033333,0.0,0.709002,0.438955,0.952759
difficulty,CAT,1024,1024-120,0.2584,0.441667,0.083333,0.875,0.958333,0.441667,0.0,0.0,0.69851,0.503914,0.860723
difficulty,CAT,1024,1024-121,-2.292643,0.508333,0.291667,0.583333,0.875,0.541667,0.0,0.058333,0.621111,0.546044,0.724485
difficulty,CAT,1024,1024-122,0.040694,0.241667,0.058333,0.741667,0.8,0.241667,0.025,0.0,0.737432,0.42795,1.064529
difficulty,CAT,1024,1024-123,0.560079,0.391667,0.083333,0.9,0.983333,0.391667,0.0,0.0,0.703432,0.50003,0.878755
difficulty,CAT,1024,1024-124,-0.938357,0.283333,0.041667,0.683333,0.725,0.291667,0.05,0.0,0.741904,0.389841,1.097097
difficulty,CAT,1024,1024-125,-1.597581,0.358333,0.108333,0.791667,0.9,0.433333,0.0,0.008333,0.666801,0.495833,0.82719
difficulty,CAT,1024,1024-126,-0.841867,0.25,0.066667,0.816667,0.883333,0.266667,0.0,0.0,0.727137,0.425753,1.010566
difficulty,CAT,1024,1024-127,-0.289939,0.325,0.108333,0.5,0.608333,0.325,0.158333,0.0,0.747269,0.401227,1.160427
difficulty,CAT,1024,1024-128,1.212432,0.508333,0.058333,0.866667,0.925,0.508333,0.033333,0.0,0.701846,0.508796,0.880917
difficulty,CAT,1024,1024-129,-0.611522,0.308333,0.041667,0.808333,0.85,0.308333,0.05,0.0,0.731399,0.450699,1.03306
difficulty,CAT,1024,1024-130,1.19278,0.325,0.0,0.883333,0.883333,0.325,0.033333,0.0,0.73068,0.455171,1.020362
difficulty,CAT,1024,1024-131,0.036004,0.516667,0.191667,0.791667,0.983333,0.6,0.0,0.0,0.666827,0.55265,0.732158
difficulty,CAT,1024,1024-132,0.459359,0.316667,0.066667,0.908333,0.975,0.316667,0.0,0.0,0.711091,0.487631,0.916588
difficulty,CAT,1024,1024-133,1.932302,0.125,0.0,0.358333,0.358333,0.125,0.325,0.0,0.810659,0.324612,1.550582
difficulty,CAT,1024,1024-134,-0.44433,0.425,0.066667,0.875,0.941667,0.425,0.0,0.0,0.709478,0.466055,0.913405
difficulty,CAT,1024,1024-135,-0.388455,0.475,0.041667,0.958333,1.0,0.475,0.0,0.0,0.699809,0.487898,0.855172
difficulty,CAT,1024,1024-136,1.419827,0.308333,0.0,0.833333,0.833333,0.308333,0.075,0.0,0.738769,0.444612,1.075096
difficulty,CAT,1024,1024-137,-0.924784,0.15,0.091667,0.583333,0.675,0.208333,0.05,0.0,0.745547,0.38478,1.150484
difficulty,CAT,1024,1024-138,2.11632,0.058333,0.0,0.5,0.5,0.058333,0.15,0.0,0.79842,0.358803,1.433409
difficulty,CAT,1024,1024-139,0.584726,0.316667,0.033333,0.841667,0.875,0.316667,0.025,0.0,0.72663,0.455926,1.003973
difficulty,CAT,1024,1024-140,0.501021,0.475,0.05,0.925,0.975,0.475,0.0,0.0,0.703072,0.507453,0.879843
difficulty,CAT,1024,1024-141,0.627165,0.358333,0.008333,0.925,0.933333,0.358333,0.0,0.0,0.720591,0.470624,0.963081
difficulty,CAT,1024,1024-142,0.788706,0.4,0.175,0.566667,0.741667,0.416667,0.075,0.0,0.714801,0.481152,0.97764
difficulty,CAT,1024,1024-143,-1.001698,0.325,0.116667,0.683333,0.8,0.333333,0.05,0.0,0.725463,0.426279,1.017128
difficulty,CAT,1024,1024-144,-1.463705,0.475,0.225,0.733333,0.958333,0.525,0.0,0.0,0.650321,0.52776,0.714556
difficulty,CAT,1024,1024-145,-0.324913,0.358333,0.025,0.916667,0.941667,0.358333,0.0,0.0,0.715986,0.456143,0.940016
difficulty,CAT,1024,1024-146,0.973946,0.133333,0.0,0.775,0.775,0.133333,0.025,0.0,0.757325,0.412097,1.158527
difficulty,CAT,1024,1024-147,-0.26743,0.075,0.0,0.391667,0.391667,0.075,0.3,0.0,0.806125,0.318506,1.470327
difficulty,CAT,1024,1024-148,-0.356829,0.566667,0.1,0.891667,0.991667,0.566667,0.0,0.0,0.685245,0.519314,0.792067
difficulty,CAT,1024,1024-149,-1.63242,0.383333,0.108333,0.833333,0.941667,0.4,0.0,0.0,0.688832,0.456292,0.867671
difficulty,CAT,1024,1024-150,0.108571,0.508333,0.108333,0.791667,0.9,0.508333,0.0,0.0,0.695053,0.500067,0.849951
difficulty,CAT,1024,1024-151,-1.035564,0.533333,0.208333,0.691667,0.9,0.566667,0.025,0.0,0.678597,0.495312,0.793032
difficulty,CAT,1024,1024-152,0.358833,0.133333,0.0,0.958333,0.958333,0.133333,0.0,0.0,0.738093,0.436485,1.044514
difficulty,CAT,1024,1024-153,-1.836732,0.3,0.133333,0.766667,0.9,0.383333,0.008333,0.008333,0.685249,0.456709,0.893485
difficulty,CAT,1024,1024-154,0.90746,0.041667,0.0,0.316667,0.316667,0.041667,0.291667,0.0,0.818032,0.306846,1.545465
difficulty,CAT,1024,1024-155,0.611797,0.425,0.033333,0.866667,0.9,0.425,0.0,0.0,0.717228,0.482788,0.955364
difficulty,CAT,1024,1024-156,-1.085474,0.35,0.066667,0.791667,0.858333,0.366667,0.008333,0.0,0.715929,0.426258,0.958824
difficulty,CAT,1024,1024-157,-1.189078,0.433333,0.141667,0.85,0.991667,0.458333,0.0,0.0,0.686646,0.481831,0.813057
difficulty,CAT,1024,1024-158,-0.159013,0.5,0.05,0.891667,0.941667,0.5,0.0,0.0,0.700675,0.5007,0.868168
difficulty,CAT,1024,1024-159,-1.710433,0.275,0.041667,0.875,0.916667,0.291667,0.0,0.008333,0.711783,0.414991,0.986588
difficulty,CAT,1024,1024-160,-0.786836,0.35,0.141667,0.691667,0.833333,0.391667,0.016667,0.0,0.703626,0.466933,0.912996
difficulty,CAT,1024,1024-161,-2.156481,0.266667,0.066667,0.783333,0.85,0.308333,0.008333,0.025,0.679136,0.451327,0.937163
difficulty,CAT,1024,1024-162,-0.614817,0.35,0.016667,0.85,0.866667,0.35,0.058333,0.0,0.729343,0.42134,1.021018
difficulty,CAT,1024,1024-163,0.513434,0.633333,0.075,0.875,0.95,0.633333,0.0,0.0,0.688717,0.531504,0.811862
difficulty,CAT,1024,1024-164,-1.755263,0.375,0.166667,0.741667,0.908333,0.4,0.0,0.016667,0.66258,0.503971,0.816301
difficulty,CAT,1024,1024-165,0.375268,0.291667,0.0,0.933333,0.933333,0.291667,0.008333,0.0,0.726489,0.456148,0.99202
difficulty,CAT,1024,1024-166,-0.368979,0.433333,0.141667,0.858333,1.0,0.466667,0.0,0.0,0.686189,0.534774,0.807806
difficulty,CAT,1024,1024-167,-0.433669,0.725,0.191667,0.808333,1.0,0.733333,0.0,0.0,0.654831,0.587333,0.653565
difficulty,CAT,1024,1024-168,0.144424,0.708333,0.3,0.633333,0.933333,0.825,0.0,0.0,0.629969,0.616523,0.591968
difficulty,CAT,1024,1024-169,0.734074,0.416667,0.075,0.675,0.75,0.416667,0.05,0.0,0.723703,0.471311,1.006146
difficulty,CAT,1024,1024-170,-2.060442,0.208333,0.075,0.666667,0.741667,0.25,0.05,0.016667,0.722803,0.375224,1.09296
difficulty,CAT,1024,1024-171,-2.302819,0.758333,0.175,0.766667,0.941667,0.783333,0.0,0.025,0.625433,0.522659,0.621769
difficulty,CAT,1024,1024-172,-0.315122,0.325,0.008333,0.95,0.958333,0.325,0.0,0.0,0.723078,0.440094,0.973106
difficulty,CAT,1024,1024-173,-0.647231,0.491667,0.233333,0.758333,0.991667,0.5,0.0,0.0,0.679518,0.509827,0.776825
difficulty,CAT,1024,1024-174,-1.658396,0.341667,0.041667,0.941667,0.983333,0.358333,0.0,0.0,0.69942,0.436879,0.894894
difficulty,CAT,1024,1024-175,-0.474327,0.15,0.033333,0.766667,0.8,0.15,0.058333,0.0,0.752212,0.393928,1.140105
difficulty,CAT,1024,1024-176,0.116371,0.491667,0.108333,0.775,0.883333,0.508333,0.016667,0.0,0.700998,0.490261,0.886826
difficulty,CAT,1024,1024-177,-0.195482,0.391667,0.166667,0.458333,0.625,0.4,0.091667,0.0,0.726629,0.445891,1.0438
difficulty,CAT,1024,1024-178,0.170587,0.058333,0.0,0.575,0.575,0.058333,0.058333,0.0,0.787429,0.355169,1.331233
difficulty,CAT,1024,1024-179,-0.352184,0.5,0.116667,0.875,0.991667,0.525,0.0,0.0,0.685315,0.513266,0.799307
difficulty,CAT,1024,1024-180,-0.788933,0.3,0.208333,0.7,0.908333,0.358333,0.0,0.0,0.699502,0.46954,0.893165
difficulty,CAT,1024,1024-181,-1.217064,0.9,0.575,0.425,1.0,1.0,0.0,0.0,0.58453,0.668257,0.372828
difficulty,CAT,1024,1024-182,-0.716231,0.566667,0.141667,0.816667,0.958333,0.566667,0.0,0.0,0.682914,0.514372,0.78808
difficulty,CAT,1024,1024-183,-0.03899,0.475,0.05,0.85,0.9,0.475,0.033333,0.0,0.707902,0.4885,0.910107
difficulty,CAT,1024,1024-184,0.154547,0.425,0.091667,0.8,0.891667,0.425,0.0,0.0,0.708728,0.481522,0.916361
difficulty,CAT,1024,1024-185,-0.27275,0.483333,0.05,0.716667,0.766667,0.483333,0.033333,0.0,0.717345,0.460077,0.971174
difficulty,CAT,1024,1024-186,-1.152264,0.391667,0.133333,0.791667,0.925,0.45,0.016667,0.0,0.693925,0.476839,0.873519
difficulty,CAT,1024,1024-187,1.514339,0.0,0.0,0.4,0.4,0.0,0.191667,0.0,0.807229,0.334678,1.462484
difficulty,CAT,1024,1024-188,-0.199393,0.583333,0.2,0.791667,0.991667,0.583333,0.0,0.0,0.670198,0.545591,0.725702
difficulty,CAT,1024,1024-189,-1.046237,0.591667,0.2,0.691667,0.891667,0.633333,0.0,0.0,0.671175,0.531887,0.759252
difficulty,CAT,1024,1024-190,0.696606,0.108333,0.0,0.708333,0.708333,0.108333,0.025,0.0,0.769596,0.388166,1.225373
difficulty,CAT,1024,1024-191,-0.890197,0.625,0.333333,0.541667,0.875,0.666667,0.0,0.0,0.656651,0.536928,0.691599
difficulty,CAT,1024,1024-192,-0.583305,0.558333,0.058333,0.933333,0.991667,0.558333,0.0,0.0,0.688655,0.512828,0.809989
difficulty,CAT,1024,1024-193,1.315357,0.358333,0.0,0.858333,0.858333,0.358333,0.075,0.0,0.731367,0.470782,1.037786
difficulty,CAT,1024,1024-194,-0.921093,0.341667,0.15,0.683333,0.833333,0.366667,0.116667,0.0,0.712256,0.473495,0.973457
difficulty,CAT,1024,1024-195,-1.033055,0.625,0.375,0.616667,0.991667,0.708333,0.0,0.0,0.639739,0.565976,0.614741
difficulty,CAT,1024,1024-196,0.791634,0.241667,0.0,0.808333,0.808333,0.241667,0.041667,0.0,0.748643,0.422814,1.118478
difficulty,CAT,1024,1024-197,-1.046091,0.291667,0.083333,0.666667,0.75,0.316667,0.075,0.0,0.733125,0.407099,1.069973
difficulty,CAT,1024,1024-198,-0.344008,0.458333,0.141667,0.675,0.816667,0.458333,0.016667,0.0,0.707103,0.477009,0.919622
difficulty,CAT,1024,1024-199,0.002774,0.008333,0.0,0.633333,0.633333,0.008333,0.008333,0.0,0.784717,0.353397,1.306775
difficulty,CAT,2026,2026-0,-0.793122,0.475,0.225,0.641667,0.866667,0.491667,0.016667,0.0,0.68843,0.488023,0.832051
difficulty,CAT,2026,2026-1,0.240571,0.291667,0.033333,0.791667,0.825,0.291667,0.033333,0.0,0.733287,0.440196,1.042739
difficulty,CAT,2026,2026-2,-1.896326,0.491667,0.158333,0.741667,0.9,0.558333,0.0,0.025,0.64536,0.522911,0.74736
difficulty,CAT,2026,2026-3,1.395772,0.258333,0.0,0.816667,0.816667,0.258333,0.066667,0.0,0.745868,0.445062,1.108342
difficulty,CAT,2026,2026-4,0.638295,0.316667,0.058333,0.908333,0.966667,0.316667,0.0,0.0,0.716204,0.491343,0.942415
difficulty,CAT,2026,2026-5,-0.292047,0.291667,0.008333,0.808333,0.816667,0.291667,0.008333,0.0,0.735041,0.435956,1.044676
difficulty,CAT,2026,2026-6,-0.311949,0.491667,0.041667,0.75,0.791667,0.491667,0.058333,0.0,0.715956,0.468358,0.964629
difficulty,CAT,2026,2026-7,0.303835,0.241667,0.0,0.875,0.875,0.241667,0.033333,0.0,0.735692,0.431861,1.045116
difficulty,CAT,2026,2026-8,-0.26766,0.933333,0.325,0.675,1.0,0.941667,0.0,0.0,0.622522,0.626248,0.506127
difficulty,CAT,2026,2026-9,-0.225909,0.4,0.125,0.85,0.975,0.408333,0.0,0.0,0.698024,0.492779,0.860498
difficulty,CAT,2026,2026-10,0.720068,0.191667,0.033333,0.675,0.708333,0.191667,0.016667,0.0,0.754522,0.435242,1.152987
difficulty,CAT,2026,2026-11,0.514705,0.391667,0.058333,0.875,0.933333,0.391667,0.0,0.0,0.715522,0.486487,0.943853
difficulty,CAT,2026,2026-12,-0.064128,0.416667,0.008333,0.758333,0.766667,0.416667,0.058333,0.0,0.731748,0.448838,1.040063
difficulty,CAT,2026,2026-13,-0.085477,0.55,0.175,0.791667,0.966667,0.55,0.0,0.0,0.680578,0.534714,0.776425
difficulty,CAT,2026,2026-14,0.160916,0.416667,0.058333,0.808333,0.866667,0.416667,0.0,0.0,0.714837,0.466672,0.944667
difficulty,CAT,2026,2026-15,-0.614018,0.691667,0.308333,0.625,0.933333,0.7,0.008333,0.0,0.657118,0.575119,0.679174
difficulty,CAT,2026,2026-16,-0.40375,0.366667,0.05,0.75,0.8,0.366667,0.041667,0.0,0.726688,0.4433,1.013355
difficulty,CAT,2026,2026-17,0.54826,0.441667,0.108333,0.775,0.883333,0.441667,0.025,0.0,0.704606,0.504847,0.900753
difficulty,CAT,2026,2026-18,-0.130483,0.45,0.175,0.691667,0.866667,0.491667,0.0,0.0,0.687829,0.516707,0.835845
difficulty,CAT,2026,2026-19,-1.374426,0.858333,0.341667,0.625,0.966667,0.875,0.0,0.0,0.613518,0.608678,0.513595
difficulty,CAT,2026,2026-20,-0.477279,0.683333,0.116667,0.85,0.966667,0.683333,0.0,0.0,0.675744,0.534996,0.751075
difficulty,CAT,2026,2026-21,0.656622,0.233333,0.083333,0.775,0.858333,0.233333,0.0,0.0,0.733199,0.44969,1.03702
difficulty,CAT,2026,2026-22,-0.232283,0.416667,0.025,0.95,0.975,0.416667,0.0,0.0,0.710396,0.471369,0.912806
difficulty,CAT,2026,2026-23,-0.148733,0.666667,0.058333,0.941667,1.0,0.666667,0.0,0.0,0.674649,0.552092,0.737195
difficulty,CAT,2026,2026-24,0.641837,0.216667,0.008333,0.9,0.908333,0.216667,0.0,0.0,0.733555,0.448696,1.027489
difficulty,CAT,2026,2026-25,1.82461,0.358333,0.0,0.85,0.85,0.358333,0.091667,0.0,0.73527,0.456058,1.067576
difficulty,CAT,2026,2026-26,-0.713189,0.558333,0.141667,0.858333,1.0,0.591667,0.0,0.0,0.675121,0.521094,0.751933
difficulty,CAT,2026,2026-27,1.348207,0.241667,0.0,0.666667,0.666667,0.241667,0.208333,0.0,0.764906,0.407636,1.234153
difficulty,CAT,2026,2026-28,-1.230013,0.5,0.1,0.825,0.925,0.516667,0.0,0.0,0.69396,0.474908,0.854355
difficulty,CAT,2026,2026-29,0.174978,0.491667,0.0,0.983333,0.983333,0.491667,0.0,0.0,0.704999,0.492542,0.880452
difficulty,CAT,2026,2026-30,-1.16953,0.391667,0.083333,0.833333,0.916667,0.416667,0.0,0.0,0.70671,0.448426,0.914797
difficulty,CAT,2026,2026-31,1.351458,0.183333,0.016667,0.475,0.491667,0.183333,0.208333,0.0,0.7798,0.383084,1.323727
difficulty,CAT,2026,2026-32,0.833923,0.583333,0.033333,0.858333,0.891667,0.583333,0.008333,0.0,0.696386,0.529686,0.851303
difficulty,CAT,2026,2026-33,1.137717,0.016667,0.0,0.516667,0.516667,0.016667,0.075,0.0,0.795954,0.3463,1.378839
difficulty,CAT,2026,2026-34,-0.885533,0.566667,0.133333,0.766667,0.9,0.575,0.008333,0.0,0.68999,0.509909,0.828954
difficulty,CAT,2026,2026-35,0.684555,0.425,0.1,0.716667,0.816667,0.425,0.008333,0.0,0.713703,0.49547,0.948125
difficulty,CAT,2026,2026-36,-0.519013,0.325,0.016667,0.941667,0.958333,0.325,0.0,0.0,0.723548,0.447124,0.976478
difficulty,CAT,2026,2026-37,-0.457385,0.166667,0.025,0.766667,0.791667,0.166667,0.0,0.0,0.749646,0.398184,1.118007
difficulty,CAT,2026,2026-38,0.506537,0.566667,0.183333,0.766667,0.95,0.566667,0.008333,0.0,0.679642,0.547222,0.775515
difficulty,CAT,2026,2026-39,0.876718,0.175,0.016667,0.758333,0.775,0.175,0.058333,0.0,0.752068,0.421952,1.13856
difficulty,CAT,2026,2026-40,0.20442,0.241667,0.025,0.708333,0.733333,0.241667,0.108333,0.0,0.752239,0.414001,1.151356
difficulty,CAT,2026,2026-41,-0.627987,0.441667,0.05,0.916667,0.966667,0.441667,0.0,0.0,0.708253,0.460674,0.903155
difficulty,CAT,2026,2026-42,-0.825817,0.391667,0.166667,0.658333,0.825,0.441667,0.008333,0.0,0.697492,0.476963,0.89815
difficulty,CAT,2026,2026-43,1.444317,0.191667,0.008333,0.633333,0.641667,0.191667,0.116667,0.0,0.7645,0.397026,1.221537
difficulty,CAT,2026,2026-44,0.593946,0.6,0.125,0.783333,0.908333,0.6,0.033333,0.0,0.687987,0.526553,0.822254
difficulty,CAT,2026,2026-45,0.719728,0.466667,0.091667,0.741667,0.833333,0.466667,0.083333,0.0,0.711358,0.516896,0.943208
difficulty,CAT,2026,2026-46,2.183488,0.083333,0.0,0.483333,0.483333,0.083333,0.325,0.0,0.808405,0.33512,1.545086
difficulty,CAT,2026,2026-47,-0.815863,0.391667,0.166667,0.616667,0.783333,0.416667,0.0,0.0,0.71079,0.460411,0.948136
difficulty,CAT,2026,2026-48,2.559458,0.383333,0.1,0.516667,0.616667,0.383333,0.233333,0.0,0.756586,0.422428,1.33251
difficulty,CAT,2026,2026-49,3.150908,0.116667,0.0,0.516667,0.516667,0.116667,0.216667,0.0,0.805543,0.340814,1.586559
difficulty,CAT,2026,2026-50,1.618413,0.433333,0.133333,0.65,0.783333,0.441667,0.125,0.0,0.716643,0.477712,0.99958
difficulty,CAT,2026,2026-51,0.827107,0.3,0.008333,0.9,0.908333,0.3,0.0,0.0,0.731472,0.451421,1.021656
difficulty,CAT,2026,2026-52,-0.663822,0.458333,0.058333,0.908333,0.966667,0.458333,0.0,0.0,0.705322,0.476786,0.890149
difficulty,CAT,2026,2026-53,0.994486,0.708333,0.091667,0.8,0.891667,0.708333,0.016667,0.0,0.683583,0.548752,0.79371
difficulty,CAT,2026,2026-54,-0.442692,0.4,0.058333,0.825,0.883333,0.4,0.0,0.0,0.714255,0.463648,0.940201
difficulty,CAT,2026,2026-55,-0.021651,0.341667,0.033333,0.8,0.833333,0.341667,0.008333,0.0,0.728687,0.442112,1.013928
difficulty,CAT,2026,2026-56,-0.290433,0.4,0.025,0.85,0.875,0.4,0.025,0.0,0.719942,0.468819,0.970077
difficulty,CAT,2026,2026-57,0.28383,0.608333,0.233333,0.766667,1.0,0.666667,0.0,0.0,0.652842,0.581861,0.658494
difficulty,CAT,2026,2026-58,1.288078,0.383333,0.083333,0.675,0.758333,0.383333,0.091667,0.0,0.728617,0.463599,1.040197
difficulty,CAT,2026,2026-59,-0.555584,0.575,0.1,0.891667,0.991667,0.575,0.0,0.0,0.68132,0.512373,0.775704
difficulty,CAT,2026,2026-60,-0.985404,0.358333,0.308333,0.633333,0.941667,0.508333,0.0,0.0,0.651039,0.560023,0.72473
difficulty,CAT,2026,2026-61,-1.002957,0.408333,0.108333,0.758333,0.866667,0.416667,0.008333,0.0,0.708622,0.454329,0.922835
difficulty,CAT,2026,2026-62,-0.968277,0.083333,0.083333,0.675,0.758333,0.141667,0.025,0.0,0.745361,0.388094,1.13417
difficulty,CAT,2026,2026-63,-1.431103,0.408333,0.108333,0.825,0.933333,0.466667,0.0,0.0,0.689555,0.457445,0.854805
difficulty,CAT,2026,2026-64,-0.912934,0.475,0.2,0.616667,0.816667,0.583333,0.05,0.0,0.663351,0.540144,0.792289
difficulty,CAT,2026,2026-65,1.293266,0.091667,0.0,0.541667,0.541667,0.091667,0.108333,0.0,0.783103,0.385441,1.316754
difficulty,CAT,2026,2026-66,-0.593312,0.583333,0.308333,0.525,0.833333,0.641667,0.05,0.0,0.66581,0.561429,0.752042
difficulty,CAT,2026,2026-67,0.257108,0.566667,0.116667,0.875,0.991667,0.566667,0.0,0.0,0.682363,0.531175,0.780523
difficulty,CAT,2026,2026-68,-1.216894,0.458333,0.258333,0.508333,0.766667,0.525,0.058333,0.0,0.688906,0.485185,0.879453
difficulty,CAT,2026,2026-69,0.169651,0.708333,0.275,0.725,1.0,0.733333,0.0,0.0,0.64409,0.602829,0.60979
difficulty,CAT,2026,2026-70,-1.740781,0.458333,0.158333,0.783333,0.941667,0.475,0.0,0.025,0.663641,0.496201,0.788087
difficulty,CAT,2026,2026-71,-0.698756,0.575,0.1,0.875,0.975,0.575,0.0,0.0,0.686108,0.51675,0.799548
difficulty,CAT,2026,2026-72,2.254539,0.083333,0.0,0.491667,0.491667,0.083333,0.183333,0.0,0.795691,0.349935,1.434433
difficulty,CAT,2026,2026-73,-0.58297,0.441667,0.008333,0.991667,1.0,0.441667,0.0,0.0,0.701822,0.482855,0.861671
difficulty,CAT,2026,2026-74,1.119976,0.116667,0.0,0.508333,0.508333,0.116667,0.066667,0.0,0.782918,0.363904,1.314303
difficulty,CAT,2026,2026-75,0.455054,0.375,0.083333,0.716667,0.8,0.375,0.016667,0.0,0.722649,0.468769,0.992449
difficulty,CAT,2026,2026-76,-0.152986,0.45,0.041667,0.958333,1.0,0.45,0.0,0.0,0.700472,0.494067,0.860526
difficulty,CAT,2026,2026-77,-0.652107,0.625,0.175,0.816667,0.991667,0.633333,0.0,0.0,0.667845,0.540341,0.71645
difficulty,CAT,2026,2026-78,1.286909,0.308333,0.058333,0.416667,0.475,0.308333,0.25,0.0,0.766029,0.407412,1.261077
difficulty,CAT,2026,2026-79,-0.177383,0.566667,0.133333,0.858333,0.991667,0.566667,0.0,0.0,0.680119,0.528638,0.768377
difficulty,CAT,2026,2026-80,1.527424,0.35,0.0,0.841667,0.841667,0.35,0.066667,0.0,0.733348,0.471162,1.046699
difficulty,CAT,2026,2026-81,-0.719079,0.425,0.166667,0.783333,0.95,0.425,0.0,0.0,0.696377,0.479776,0.854357
difficulty,CAT,2026,2026-82,0.057339,0.383333,0.025,0.975,1.0,0.383333,0.0,0.0,0.711753,0.488718,0.916704
difficulty,CAT,2026,2026-83,0.465499,0.475,0.1,0.7,0.8,0.475,0.033333,0.0,0.709921,0.484846,0.934422
difficulty,CAT,2026,2026-84,0.37316,0.483333,0.333333,0.458333,0.791667,0.566667,0.05,0.0,0.670108,0.559434,0.784198
difficulty,CAT,2026,2026-85,-1.233802,0.7,0.425,0.558333,0.983333,0.783333,0.0,0.0,0.609967,0.633414,0.503868
difficulty,CAT,2026,2026-86,-0.664063,0.366667,0.033333,0.833333,0.866667,0.366667,0.0,0.0,0.724474,0.438305,0.991743
difficulty,CAT,2026,2026-87,-0.19598,0.208333,0.0,0.85,0.85,0.208333,0.0,0.0,0.742517,0.41749,1.076089
difficulty,CAT,2026,2026-88,-0.853699,0.433333,0.033333,0.933333,0.966667,0.441667,0.0,0.0,0.708105,0.457262,0.904209
difficulty,CAT,2026,2026-89,0.677325,0.591667,0.116667,0.75,0.866667,0.591667,0.0,0.0,0.69101,0.53355,0.834839
difficulty,CAT,2026,2026-90,0.588019,0.491667,0.091667,0.741667,0.833333,0.491667,0.033333,0.0,0.705247,0.510902,0.907602
difficulty,CAT,2026,2026-91,-1.957084,0.758333,0.458333,0.5,0.958333,0.825,0.0,0.016667,0.597032,0.609073,0.481113
difficulty,CAT,2026,2026-92,-1.805254,0.341667,0.075,0.85,0.925,0.375,0.0,0.041667,0.677302,0.47746,0.882492
difficulty,CAT,2026,2026-93,-1.281563,0.3,0.183333,0.583333,0.766667,0.358333,0.083333,0.0,0.695345,0.457579,0.949225
difficulty,CAT,2026,2026-94,0.11726,0.358333,0.016667,0.883333,0.9,0.358333,0.0,0.0,0.722417,0.457966,0.97626
difficulty,CAT,2026,2026-95,2.033173,0.308333,0.125,0.675,0.8,0.333333,0.108333,0.0,0.727335,0.467898,1.065274
difficulty,CAT,2026,2026-96,-0.382356,0.316667,0.058333,0.891667,0.95,0.316667,0.0,0.0,0.720654,0.453174,0.966455
difficulty,CAT,2026,2026-97,0.250651,0.275,0.041667,0.85,0.891667,0.275,0.0,0.0,0.729915,0.474466,1.016622
difficulty,CAT,2026,2026-98,-1.063112,0.525,0.241667,0.675,0.916667,0.633333,0.0,0.0,0.651752,0.541136,0.718472
difficulty,CAT,2026,2026-99,-1.046836,0.775,0.391667,0.591667,0.983333,0.825,0.0,0.0,0.62471,0.610084,0.533267
difficulty,CAT,2026,2026-100,-1.957228,0.233333,0.05,0.733333,0.783333,0.25,0.0,0.016667,0.718933,0.396016,1.056755
difficulty,CAT,2026,2026-101,-0.028344,0.458333,0.016667,0.966667,0.983333,0.458333,0.0,0.0,0.703837,0.49495,0.877782
difficulty,CAT,2026,2026-102,0.947217,0.366667,0.05,0.841667,0.891667,0.366667,0.008333,0.0,0.717221,0.479891,0.953904
difficulty,CAT,2026,2026-103,-0.356714,0.658333,0.191667,0.808333,1.0,0.658333,0.0,0.0,0.663863,0.562964,0.694307
difficulty,CAT,2026,2026-104,1.396453,0.291667,0.025,0.633333,0.658333,0.291667,0.15,0.0,0.754582,0.439339,1.177777
difficulty,CAT,2026,2026-105,0.197855,0.25,0.0,0.866667,0.866667,0.25,0.008333,0.0,0.737946,0.437359,1.054017
difficulty,CAT,2026,2026-106,-0.036412,0.566667,0.025,0.958333,0.983333,0.566667,0.0,0.0,0.699782,0.501765,0.858057
difficulty,CAT,2026,2026-107,0.517254,0.258333,0.016667,0.816667,0.833333,0.258333,0.0,0.0,0.741297,0.436738,1.076821
difficulty,CAT,2026,2026-108,0.487378,0.091667,0.0,0.733333,0.733333,0.091667,0.008333,0.0,0.767527,0.387152,1.211039
difficulty,CAT,2026,2026-109,1.147806,0.408333,0.066667,0.75,0.816667,0.408333,0.083333,0.0,0.722478,0.469982,1.000516
difficulty,CAT,2026,2026-110,-0.801954,0.341667,0.075,0.866667,0.941667,0.35,0.0,0.0,0.717183,0.456044,0.953464
difficulty,CAT,2026,2026-111,-2.288049,0.575,0.291667,0.591667,0.883333,0.625,0.0,0.025,0.629493,0.530797,0.673494
difficulty,CAT,2026,2026-112,0.114747,0.416667,0.025,0.975,1.0,0.416667,0.0,0.0,0.701659,0.498365,0.865688
difficulty,CAT,2026,2026-113,-0.611675,0.583333,0.05,0.95,1.0,0.583333,0.0,0.0,0.689675,0.497256,0.810219
difficulty,CAT,2026,2026-114,-0.027177,0.416667,0.016667,0.925,0.941667,0.416667,0.0,0.0,0.713839,0.48588,0.931085
difficulty,CAT,2026,2026-115,1.6643,0.158333,0.0,0.675,0.675,0.158333,0.216667,0.0,0.780101,0.37842,1.361105
difficulty,CAT,2026,2026-116,-1.102842,0.725,0.291667,0.708333,1.0,0.758333,0.0,0.0,0.641012,0.566888,0.599318
difficulty,CAT,2026,2026-117,0.764797,0.733333,0.2,0.7,0.9,0.733333,0.008333,0.0,0.6661,0.582233,0.717889
difficulty,CAT,2026,2026-118,0.945868,0.108333,0.0,0.708333,0.708333,0.108333,0.058333,0.0,0.768308,0.400389,1.223543
difficulty,CAT,2026,2026-119,0.460736,0.441667,0.016667,0.775,0.791667,0.441667,0.058333,0.0,0.723003,0.474756,0.994632
difficulty,CAT,2026,2026-120,1.118508,0.091667,0.0,0.366667,0.366667,0.091667,0.416667,0.0,0.813471,0.309849,1.550652
difficulty,CAT,2026,2026-121,-0.458362,0.633333,0.241667,0.758333,1.0,0.675,0.0,0.0,0.655829,0.557503,0.668812
difficulty,CAT,2026,2026-122,-0.68151,0.866667,0.675,0.325,1.0,0.983333,0.0,0.0,0.573932,0.715927,0.334063
difficulty,CAT,2026,2026-123,1.038983,0.775,0.125,0.825,0.95,0.775,0.016667,0.0,0.665888,0.57145,0.70766
difficulty,CAT,2026,2026-124,0.7203,0.375,0.058333,0.783333,0.841667,0.375,0.0,0.0,0.719792,0.471947,0.971671
difficulty,CAT,2026,2026-125,1.390378,0.291667,0.0,0.741667,0.741667,0.291667,0.05,0.0,0.750195,0.431356,1.136741
difficulty,CAT,2026,2026-126,0.21229,0.483333,0.05,0.925,0.975,0.483333,0.0,0.0,0.700039,0.496017,0.864437
difficulty,CAT,2026,2026-127,1.623563,0.3,0.041667,0.775,0.816667,0.3,0.133333,0.0,0.739178,0.459944,1.102582
difficulty,CAT,2026,2026-128,-0.28208,0.6,0.133333,0.816667,0.95,0.608333,0.0,0.0,0.678698,0.530903,0.768442
difficulty,CAT,2026,2026-129,-1.060329,0.491667,0.091667,0.9,0.991667,0.508333,0.0,0.0,0.689196,0.475702,0.81719
difficulty,CAT,2026,2026-130,-2.037089,0.133333,0.05,0.358333,0.408333,0.166667,0.25,0.025,0.747281,0.337013,1.342737
difficulty,CAT,2026,2026-131,-1.101401,0.616667,0.216667,0.783333,1.0,0.7,0.0,0.0,0.651319,0.544253,0.669865
difficulty,CAT,2026,2026-132,0.818504,0.133333,0.0,0.666667,0.666667,0.133333,0.025,0.0,0.768205,0.381866,1.222796
difficulty,CAT,2026,2026-133,-1.464929,0.416667,0.058333,0.925,0.983333,0.433333,0.0,0.0,0.692122,0.455168,0.846908
difficulty,CAT,2026,2026-134,-0.452364,0.275,0.05,0.65,0.7,0.275,0.066667,0.0,0.747362,0.415619,1.127306
difficulty,CAT,2026,2026-135,2.106584,0.308333,0.016667,0.658333,0.675,0.308333,0.275,0.0,0.764038,0.410437,1.289413
difficulty,CAT,2026,2026-136,0.846796,0.158333,0.008333,0.575,0.583333,0.158333,0.025,0.0,0.773309,0.386909,1.257706
difficulty,CAT,2026,2026-137,1.790985,0.333333,0.025,0.758333,0.783333,0.333333,0.116667,0.0,0.740508,0.443112,1.107485
difficulty,CAT,2026,2026-138,-0.991562,0.525,0.166667,0.816667,0.983333,0.6,0.0,0.0,0.667768,0.530158,0.740154
difficulty,CAT,2026,2026-139,-2.459975,0.383333,0.15,0.675,0.825,0.425,0.0,0.066667,0.638786,0.504565,0.868999
difficulty,CAT,2026,2026-140,1.516381,0.366667,0.125,0.675,0.8,0.375,0.083333,0.0,0.723445,0.475187,1.014424
difficulty,CAT,2026,2026-141,-1.416943,0.658333,0.133333,0.858333,0.991667,0.691667,0.0,0.0,0.662535,0.511726,0.711471
difficulty,CAT,2026,2026-142,0.090924,0.6,0.233333,0.733333,0.966667,0.7,0.0,0.0,0.65069,0.585884,0.663413
difficulty,CAT,2026,2026-143,0.217093,0.466667,0.075,0.833333,0.908333,0.466667,0.008333,0.0,0.704037,0.48208,0.891043
difficulty,CAT,2026,2026-144,-0.948896,0.216667,0.066667,0.691667,0.758333,0.233333,0.016667,0.0,0.74221,0.393473,1.098356
difficulty,CAT,2026,2026-145,1.552633,0.016667,0.0,0.525,0.525,0.016667,0.191667,0.0,0.798067,0.336687,1.416898
difficulty,CAT,2026,2026-146,1.549338,0.758333,0.216667,0.675,0.891667,0.766667,0.066667,0.0,0.663916,0.575669,0.725857
difficulty,CAT,2026,2026-147,0.551444,0.6,0.133333,0.791667,0.925,0.6,0.0,0.0,0.686213,0.543197,0.808161
difficulty,CAT,2026,2026-148,-0.029491,0.458333,0.066667,0.908333,0.975,0.458333,0.0,0.0,0.699996,0.495432,0.863882
difficulty,CAT,2026,2026-149,0.191437,0.333333,0.008333,0.841667,0.85,0.333333,0.008333,0.0,0.731051,0.455855,1.023699
difficulty,CAT,2026,2026-150,-1.095908,0.525,0.141667,0.858333,1.0,0.591667,0.0,0.0,0.671823,0.509214,0.750791
difficulty,CAT,2026,2026-151,-0.239064,0.841667,0.3,0.7,1.0,0.841667,0.0,0.0,0.636793,0.616676,0.569525
difficulty,CAT,2026,2026-152,-0.104933,0.266667,0.0,0.908333,0.908333,0.266667,0.0,0.0,0.73482,0.436496,1.035213
difficulty,CAT,2026,2026-153,-0.852233,0.6,0.225,0.758333,0.983333,0.616667,0.0,0.0,0.668596,0.530546,0.726309
difficulty,CAT,2026,2026-154,0.849215,0.341667,0.025,0.741667,0.766667,0.341667,0.091667,0.0,0.737495,0.446921,1.074803
difficulty,CAT,2026,2026-155,-1.426481,0.7,0.233333,0.683333,0.916667,0.775,0.0,0.0,0.608327,0.61754,0.583404
difficulty,CAT,2026,2026-156,-0.453419,0.066667,0.008333,0.533333,0.541667,0.066667,0.066667,0.0,0.785125,0.339107,1.321867
difficulty,CAT,2026,2026-157,-2.252878,0.4,0.108333,0.758333,0.866667,0.466667,0.0,0.025,0.666795,0.475349,0.853134
difficulty,CAT,2026,2026-158,0.496819,0.25,0.025,0.85,0.875,0.25,0.0,0.0,0.737304,0.458375,1.055
difficulty,CAT,2026,2026-159,0.742605,0.1,0.0,0.758333,0.758333,0.1,0.0,0.0,0.767147,0.387164,1.208121
difficulty,CAT,2026,2026-160,0.621292,0.266667,0.0,0.883333,0.883333,0.266667,0.0,0.0,0.730793,0.453424,1.014154
difficulty,CAT,2026,2026-161,2.918087,0.016667,0.0,0.541667,0.541667,0.016667,0.308333,0.0,0.821016,0.313569,1.679053
difficulty,CAT,2026,2026-162,0.939791,0.141667,0.008333,0.833333,0.841667,0.141667,0.041667,0.0,0.751288,0.422504,1.126227
difficulty,CAT,2026,2026-163,-0.941991,0.441667,0.225,0.558333,0.783333,0.533333,0.075,0.0,0.687645,0.498471,0.872788
difficulty,CAT,2026,2026-164,2.66354,0.391667,0.166667,0.458333,0.625,0.416667,0.3,0.0,0.748637,0.440221,1.314642
difficulty,CAT,2026,2026-165,-0.920318,0.375,0.116667,0.75,0.866667,0.416667,0.008333,0.0,0.704918,0.468564,0.914812
difficulty,CAT,2026,2026-166,0.788739,0.216667,0.008333,0.725,0.733333,0.216667,0.016667,0.0,0.753989,0.426462,1.14825
difficulty,CAT,2026,2026-167,0.743128,0.541667,0.033333,0.908333,0.941667,0.541667,0.0,0.0,0.697227,0.515068,0.851228
difficulty,CAT,2026,2026-168,-0.879723,0.15,0.041667,0.616667,0.658333,0.166667,0.025,0.0,0.757411,0.365004,1.175327
difficulty,CAT,2026,2026-169,1.395349,0.316667,0.05,0.583333,0.633333,0.316667,0.133333,0.0,0.753024,0.417124,1.173496
difficulty,CAT,2026,2026-170,0.354594,0.458333,0.15,0.683333,0.833333,0.458333,0.008333,0.0,0.705684,0.487623,0.913269
difficulty,CAT,2026,2026-171,0.570955,0.133333,0.0,0.791667,0.791667,0.133333,0.016667,0.0,0.758008,0.398616,1.159816
difficulty,CAT,2026,2026-172,-0.675733,0.858333,0.35,0.65,1.0,0.916667,0.0,0.0,0.616659,0.627355,0.490434
difficulty,CAT,2026,2026-173,1.302633,0.475,0.016667,0.8,0.816667,0.475,0.075,0.0,0.71946,0.49101,0.977767
difficulty,CAT,2026,2026-174,-0.860938,0.383333,0.1,0.741667,0.841667,0.416667,0.016667,0.0,0.712605,0.450314,0.950992
difficulty,CAT,2026,2026-175,-1.779159,0.433333,0.05,0.816667,0.866667,0.45,0.008333,0.008333,0.696897,0.42878,0.904347
difficulty,CAT,2026,2026-176,1.425127,0.591667,0.108333,0.75,0.858333,0.591667,0.083333,0.0,0.699128,0.517128,0.890949
difficulty,CAT,2026,2026-177,-0.426729,0.425,0.116667,0.783333,0.9,0.425,0.0,0.0,0.706765,0.49138,0.909142
difficulty,CAT,2026,2026-178,0.04337,0.625,0.091667,0.833333,0.925,0.625,0.0,0.0,0.686936,0.523749,0.807471
difficulty,CAT,2026,2026-179,1.922757,0.133333,0.0,0.516667,0.516667,0.133333,0.208333,0.0,0.790354,0.362965,1.387456
difficulty,CAT,2026,2026-180,1.136491,0.341667,0.166667,0.583333,0.75,0.341667,0.083333,0.0,0.723899,0.487678,1.020007
difficulty,CAT,2026,2026-181,0.632709,0.583333,0.15,0.766667,0.916667,0.583333,0.0,0.0,0.685016,0.552591,0.802271
difficulty,CAT,2026,2026-182,1.069914,0.433333,0.075,0.575,0.65,0.433333,0.133333,0.0,0.737976,0.457243,1.095876
difficulty,CAT,2026,2026-183,-0.727509,0.55,0.1,0.775,0.875,0.55,0.0,0.0,0.697084,0.490499,0.861433
difficulty,CAT,2026,2026-184,0.753089,0.333333,0.016667,0.808333,0.825,0.333333,0.008333,0.0,0.735076,0.441338,1.0458
difficulty,CAT,2026,2026-185,1.109937,0.516667,0.158333,0.666667,0.825,0.516667,0.025,0.0,0.699381,0.521115,0.885793
difficulty,CAT,2026,2026-186,0.755422,0.5,0.091667,0.841667,0.933333,0.5,0.0,0.0,0.699363,0.506249,0.86788
difficulty,CAT,2026,2026-187,-0.204135,0.166667,0.033333,0.65,0.683333,0.166667,0.058333,0.0,0.761561,0.386039,1.195623
difficulty,CAT,2026,2026-188,-3.747414,0.583333,0.133333,0.733333,0.866667,0.6,0.0,0.1,0.600158,0.498564,0.793592
difficulty,CAT,2026,2026-189,0.557303,0.258333,0.0,0.916667,0.916667,0.258333,0.0,0.0,0.735059,0.44663,1.035298
difficulty,CAT,2026,2026-190,0.114876,0.475,0.091667,0.891667,0.983333,0.475,0.0,0.0,0.695699,0.503332,0.847378
difficulty,CAT,2026,2026-191,-0.369554,0.075,0.025,0.491667,0.516667,0.075,0.2,0.0,0.791037,0.325853,1.379603
difficulty,CAT,2026,2026-192,0.778099,0.441667,0.066667,0.891667,0.958333,0.441667,0.0,0.0,0.702766,0.505477,0.877728
difficulty,CAT,2026,2026-193,0.265703,0.791667,0.258333,0.741667,1.0,0.791667,0.0,0.0,0.647378,0.603598,0.618654
difficulty,CAT,2026,2026-194,0.203956,0.383333,0.1,0.758333,0.858333,0.383333,0.016667,0.0,0.716006,0.474765,0.95594
difficulty,CAT,2026,2026-195,-1.483591,0.591667,0.25,0.625,0.875,0.658333,0.016667,0.0,0.648731,0.529895,0.695871
difficulty,CAT,2026,2026-196,-1.459323,0.416667,0.15,0.816667,0.966667,0.458333,0.0,0.0,0.676409,0.482836,0.801544
difficulty,CAT,2026,2026-197,0.370536,0.108333,0.008333,0.658333,0.666667,0.108333,0.008333,0.0,0.773339,0.372893,1.248991
difficulty,CAT,2026,2026-198,0.076057,0.325,0.208333,0.625,0.833333,0.433333,0.041667,0.0,0.690769,0.525856,0.894145
difficulty,CAT,2026,2026-199,0.138741,0.366667,0.058333,0.783333,0.841667,0.366667,0.008333,0.0,0.726715,0.456753,1.007699
difficulty,PFP,42,42-0,0.304717,0.533333,0.583333,0.358333,0.941667,0.8,0.0,0.0,0.568713,0.626806,0.439299
difficulty,PFP,42,42-1,-1.039984,0.233333,0.508333,0.008333,0.516667,0.516667,0.0,0.25,0.396144,0.491466,0.546919
difficulty,PFP,42,42-2,0.750451,0.491667,0.291667,0.541667,0.833333,0.558333,0.033333,0.0,0.672892,0.439587,0.776782
difficulty,PFP,42,42-3,0.940565,0.483333,0.3,0.525,0.825,0.55,0.083333,0.0,0.6792,0.533138,0.825147
difficulty,PFP,42,42-4,-1.951035,0.0,0.008333,0.0,0.008333,0.008333,0.0,0.75,0.236391,0.52665,1.234704
difficulty,PFP,42,42-5,-1.30218,0.066667,0.325,0.0,0.325,0.325,0.0,0.375,0.343083,0.493228,0.706273
difficulty,PFP,42,42-6,0.12784,0.566667,0.491667,0.458333,0.95,0.733333,0.0,0.0,0.590596,0.429493,0.513551
difficulty,PFP,42,42-7,-0.316243,0.525,0.475,0.316667,0.791667,0.758333,0.0,0.05,0.517647,0.473361,0.450533
difficulty,PFP,42,42-8,-0.016801,0.533333,0.525,0.383333,0.908333,0.825,0.0,0.0,0.54511,0.513448,0.412135
difficulty,PFP,42,42-9,-0.853044,0.283333,0.458333,0.05,0.508333,0.508333,0.0,0.258333,0.404382,0.620111,0.565158
difficulty,PFP,42,42-10,0.879398,0.541667,0.3,0.575,0.875,0.6,0.041667,0.0,0.668018,0.53343,0.75622
difficulty,PFP,42,42-11,0.777792,0.583333,0.35,0.558333,0.908333,0.633333,0.0,0.0,0.657984,0.496818,0.697983
difficulty,PFP,42,42-12,0.066031,0.483333,0.5,0.358333,0.858333,0.733333,0.0,0.008333,0.549319,0.587289,0.476455
difficulty,PFP,42,42-13,1.127241,0.466667,0.1,0.675,0.775,0.466667,0.091667,0.0,0.714575,0.438854,0.972343
difficulty,PFP,42,42-14,0.467509,0.566667,0.475,0.483333,0.958333,0.766667,0.0,0.0,0.602841,0.587177,0.529953
difficulty,PFP,42,42-15,-0.859292,0.341667,0.533333,0.058333,0.591667,0.591667,0.0,0.175,0.430939,0.447472,0.46429
difficulty,PFP,42,42-16,0.368751,0.55,0.483333,0.475,0.958333,0.725,0.0,0.0,0.602263,0.511995,0.519224
difficulty,PFP,42,42-17,-0.958883,0.175,0.5,0.016667,0.516667,0.516667,0.0,0.216667,0.392907,0.519202,0.512535
difficulty,PFP,42,42-18,0.87845,0.566667,0.258333,0.641667,0.9,0.608333,0.016667,0.0,0.670676,0.502668,0.752737
difficulty,PFP,42,42-19,-0.049926,0.55,0.5,0.4,0.9,0.766667,0.0,0.008333,0.559468,0.467622,0.458837
difficulty,PFP,42,42-20,-0.184862,0.483333,0.483333,0.3,0.783333,0.741667,0.0,0.033333,0.511123,0.579559,0.419964
difficulty,PFP,42,42-21,-0.68093,0.308333,0.483333,0.116667,0.6,0.6,0.0,0.175,0.433056,0.578812,0.491372
difficulty,PFP,42,42-22,1.222541,0.508333,0.075,0.716667,0.791667,0.508333,0.05,0.0,0.712469,0.480518,0.950039
difficulty,PFP,42,42-23,-0.154529,0.425,0.475,0.283333,0.758333,0.65,0.0,0.025,0.516558,0.600073,0.46522
difficulty,PFP,42,42-24,-0.428328,0.491667,0.558333,0.2,0.758333,0.75,0.0,0.05,0.489719,0.482692,0.405725
difficulty,PFP,42,42-25,-0.352134,0.491667,0.475,0.275,0.75,0.7,0.0,0.041667,0.502786,0.49879,0.443256
difficulty,PFP,42,42-26,0.532309,0.566667,0.475,0.483333,0.958333,0.75,0.0,0.0,0.61232,0.576672,0.541369
difficulty,PFP,42,42-27,0.365444,0.483333,0.416667,0.525,0.941667,0.666667,0.008333,0.0,0.61613,0.484084,0.602323
difficulty,PFP,42,42-28,0.412733,0.516667,0.466667,0.45,0.916667,0.708333,0.0,0.0,0.61369,0.501603,0.568331
difficulty,PFP,42,42-29,0.430821,0.566667,0.45,0.516667,0.966667,0.758333,0.0,0.0,0.608743,0.5327,0.537596
difficulty,PFP,42,42-30,2.141648,0.0,0.0,0.483333,0.483333,0.0,0.266667,0.0,0.818231,0.36647,1.557888
difficulty,PFP,42,42-31,-0.406415,0.433333,0.483333,0.208333,0.691667,0.675,0.0,0.083333,0.481097,0.565751,0.433524
difficulty,PFP,42,42-32,-0.512243,0.375,0.508333,0.133333,0.641667,0.633333,0.0,0.1,0.462166,0.568518,0.437138
difficulty,PFP,42,42-33,-0.813773,0.3,0.5,0.066667,0.566667,0.566667,0.0,0.191667,0.421427,0.542472,0.505566
difficulty,PFP,42,42-34,0.615979,0.558333,0.475,0.458333,0.933333,0.708333,0.008333,0.0,0.623732,0.570215,0.582653
difficulty,PFP,42,42-35,1.128972,0.466667,0.116667,0.658333,0.775,0.466667,0.066667,0.0,0.716082,0.430238,0.974928
difficulty,PFP,42,42-36,-0.113947,0.441667,0.45,0.3,0.75,0.666667,0.0,0.025,0.515033,0.618055,0.444779
difficulty,PFP,42,42-37,-0.840156,0.266667,0.466667,0.025,0.491667,0.491667,0.0,0.183333,0.410624,0.555464,0.494716
difficulty,PFP,42,42-38,-0.824481,0.233333,0.441667,0.041667,0.483333,0.483333,0.0,0.2,0.404143,0.595161,0.514377
difficulty,PFP,42,42-39,0.650593,0.591667,0.475,0.483333,0.958333,0.725,0.0,0.0,0.620823,0.607043,0.565061
difficulty,PFP,42,42-40,0.743254,0.483333,0.358333,0.483333,0.841667,0.583333,0.025,0.0,0.659531,0.505602,0.738547
difficulty,PFP,42,42-41,0.543154,0.541667,0.45,0.508333,0.958333,0.708333,0.0,0.0,0.619021,0.555034,0.574162
difficulty,PFP,42,42-42,-0.66551,0.383333,0.541667,0.066667,0.608333,0.608333,0.0,0.166667,0.440955,0.540519,0.453084
difficulty,PFP,42,42-43,0.232161,0.541667,0.541667,0.391667,0.933333,0.833333,0.0,0.0,0.553679,0.648282,0.417445
difficulty,PFP,42,42-44,0.116686,0.475,0.525,0.366667,0.891667,0.741667,0.0,0.0,0.553786,0.601149,0.462541
difficulty,PFP,42,42-45,0.218689,0.5,0.533333,0.425,0.958333,0.791667,0.0,0.0,0.568691,0.56439,0.443548
difficulty,PFP,42,42-46,0.871429,0.608333,0.283333,0.616667,0.9,0.625,0.008333,0.0,0.67059,0.494673,0.750366
difficulty,PFP,42,42-47,0.223596,0.458333,0.475,0.45,0.925,0.708333,0.0,0.0,0.585747,0.51652,0.521941
difficulty,PFP,42,42-48,0.678914,0.525,0.358333,0.55,0.908333,0.616667,0.025,0.0,0.654715,0.47727,0.704325
difficulty,PFP,42,42-49,0.067579,0.5,0.516667,0.333333,0.85,0.741667,0.0,0.0,0.536292,0.642815,0.431174
difficulty,PFP,42,42-50,0.289119,0.525,0.558333,0.4,0.958333,0.775,0.0,0.0,0.580378,0.567735,0.480999
difficulty,PFP,42,42-51,0.631288,0.583333,0.425,0.491667,0.916667,0.675,0.008333,0.0,0.636057,0.52365,0.610342
difficulty,PFP,42,42-52,-1.457156,0.008333,0.3,0.0,0.3,0.3,0.0,0.391667,0.32835,0.455092,0.762034
difficulty,PFP,42,42-53,-0.319671,0.475,0.533333,0.208333,0.741667,0.733333,0.0,0.025,0.492961,0.545602,0.390852
difficulty,PFP,42,42-54,-0.470373,0.425,0.475,0.208333,0.683333,0.666667,0.0,0.066667,0.475336,0.542861,0.430945
difficulty,PFP,42,42-55,-0.638878,0.316667,0.466667,0.133333,0.6,0.591667,0.0,0.183333,0.437229,0.626572,0.517855
difficulty,PFP,42,42-56,-0.275142,0.508333,0.483333,0.316667,0.8,0.75,0.0,0.016667,0.520392,0.47927,0.430938
difficulty,PFP,42,42-57,1.494941,0.233333,0.0,0.583333,0.583333,0.233333,0.225,0.0,0.777428,0.336915,1.322761
difficulty,PFP,42,42-58,-0.865831,0.208333,0.416667,0.033333,0.45,0.45,0.0,0.266667,0.394275,0.635926,0.56806
difficulty,PFP,42,42-59,0.968278,0.525,0.25,0.558333,0.808333,0.533333,0.05,0.0,0.685562,0.497708,0.831391
difficulty,PFP,42,42-60,-1.68287,0.0,0.058333,0.0,0.058333,0.058333,0.0,0.566667,0.272372,0.512065,1.030854
difficulty,PFP,42,42-61,-0.334885,0.483333,0.533333,0.241667,0.775,0.725,0.0,0.033333,0.504273,0.487502,0.424713
difficulty,PFP,42,42-62,0.162753,0.416667,0.425,0.425,0.85,0.683333,0.0,0.0,0.559895,0.603692,0.500165
difficulty,PFP,42,42-63,0.586222,0.508333,0.383333,0.533333,0.916667,0.658333,0.008333,0.0,0.640185,0.502153,0.665313
difficulty,PFP,42,42-64,0.711227,0.566667,0.375,0.558333,0.933333,0.683333,0.0,0.0,0.638939,0.55932,0.632485
difficulty,PFP,42,42-65,0.793347,0.65,0.391667,0.541667,0.933333,0.7,0.008333,0.0,0.643371,0.569935,0.635896
difficulty,PFP,42,42-66,-0.348725,0.45,0.508333,0.2,0.708333,0.683333,0.0,0.025,0.48809,0.540543,0.410879
difficulty,PFP,42,42-67,-0.462352,0.416667,0.466667,0.2,0.666667,0.625,0.0,0.058333,0.480168,0.534433,0.442625
difficulty,PFP,42,42-68,0.857976,0.541667,0.291667,0.541667,0.833333,0.566667,0.058333,0.0,0.676791,0.479064,0.794885
difficulty,PFP,42,42-69,-0.191304,0.433333,0.483333,0.258333,0.741667,0.691667,0.0,0.041667,0.500157,0.630166,0.448768
difficulty,PFP,42,42-70,-1.275686,0.016667,0.308333,0.0,0.308333,0.308333,0.0,0.408333,0.339153,0.536776,0.708358
difficulty,PFP,42,42-71,-1.133287,0.133333,0.4,0.0,0.4,0.4,0.0,0.316667,0.358694,0.57786,0.651004
difficulty,PFP,42,42-72,-0.919452,0.266667,0.525,0.008333,0.533333,0.533333,0.0,0.233333,0.410965,0.484266,0.497581
difficulty,PFP,42,42-73,0.497161,0.55,0.433333,0.516667,0.95,0.675,0.0,0.0,0.623522,0.4928,0.576057
difficulty,PFP,42,42-74,0.142426,0.483333,0.458333,0.433333,0.891667,0.683333,0.0,0.0,0.574196,0.530111,0.517005
difficulty,PFP,42,42-75,0.690485,0.541667,0.333333,0.575,0.908333,0.608333,0.033333,0.0,0.660415,0.453671,0.721093
difficulty,PFP,42,42-76,-0.427253,0.383333,0.516667,0.166667,0.683333,0.666667,0.0,0.066667,0.475653,0.553696,0.414245
difficulty,PFP,42,42-77,0.15854,0.483333,0.525,0.325,0.85,0.716667,0.0,0.0,0.551711,0.631647,0.459739
difficulty,PFP,42,42-78,0.62559,0.566667,0.433333,0.5,0.933333,0.675,0.008333,0.0,0.63438,0.530889,0.610943
difficulty,PFP,42,42-79,-0.309347,0.458333,0.533333,0.216667,0.75,0.716667,0.0,0.033333,0.496178,0.557161,0.415041
difficulty,PFP,42,42-80,0.456775,0.5,0.466667,0.466667,0.933333,0.716667,0.0,0.0,0.614717,0.519996,0.568098
difficulty,PFP,42,42-81,-0.661926,0.383333,0.45,0.116667,0.566667,0.566667,0.0,0.166667,0.436484,0.587662,0.487253
difficulty,PFP,42,42-82,-0.363054,0.466667,0.5,0.266667,0.766667,0.7,0.0,0.025,0.510651,0.463827,0.439159
difficulty,PFP,42,42-83,-0.381738,0.366667,0.416667,0.258333,0.675,0.633333,0.0,0.116667,0.477721,0.627186,0.485875
difficulty,PFP,42,42-84,-1.19584,0.083333,0.383333,0.0,0.383333,0.383333,0.0,0.333333,0.355089,0.517166,0.645866
difficulty,PFP,42,42-85,0.486972,0.608333,0.458333,0.475,0.933333,0.758333,0.008333,0.0,0.611641,0.560972,0.553487
difficulty,PFP,42,42-86,-0.469402,0.375,0.45,0.183333,0.633333,0.625,0.0,0.1,0.460047,0.620257,0.447471
difficulty,PFP,42,42-87,0.012494,0.566667,0.491667,0.416667,0.908333,0.791667,0.0,0.0,0.556736,0.486664,0.438544
difficulty,PFP,42,42-88,0.480747,0.558333,0.416667,0.516667,0.933333,0.725,0.0,0.0,0.62456,0.493629,0.596366
difficulty,PFP,42,42-89,0.446531,0.483333,0.516667,0.4,0.916667,0.708333,0.008333,0.0,0.592825,0.626475,0.510455
difficulty,PFP,42,42-90,0.665385,0.55,0.375,0.55,0.925,0.633333,0.008333,0.0,0.644618,0.500332,0.645662
difficulty,PFP,42,42-91,-0.098485,0.483333,0.483333,0.358333,0.841667,0.716667,0.0,0.016667,0.544462,0.501552,0.469382
difficulty,PFP,42,42-92,-0.423298,0.358333,0.466667,0.141667,0.608333,0.591667,0.0,0.091667,0.456909,0.65221,0.441427
difficulty,PFP,42,42-93,-0.079718,0.441667,0.466667,0.316667,0.783333,0.7,0.0,0.016667,0.522643,0.597867,0.445575
difficulty,PFP,42,42-94,-1.687334,0.0,0.116667,0.0,0.116667,0.116667,0.0,0.566667,0.279298,0.513266,1.004545
difficulty,PFP,42,42-95,-1.447112,0.0,0.258333,0.0,0.258333,0.258333,0.0,0.458333,0.317762,0.500441,0.806835
difficulty,PFP,42,42-96,-1.3227,0.016667,0.25,0.0,0.25,0.25,0.0,0.4,0.323229,0.556421,0.777808
difficulty,PFP,42,42-97,-0.997247,0.191667,0.525,0.0,0.525,0.525,0.0,0.216667,0.391695,0.492809,0.507397
difficulty,PFP,42,42-98,0.399774,0.533333,0.475,0.491667,0.966667,0.725,0.0,0.0,0.602184,0.538803,0.520376
difficulty,PFP,42,42-99,-0.905479,0.35,0.575,0.025,0.6,0.6,0.0,0.15,0.43771,0.377056,0.426989
difficulty,PFP,42,42-100,-0.378163,0.441667,0.491667,0.225,0.716667,0.7,0.0,0.066667,0.486701,0.54689,0.44472
difficulty,PFP,42,42-101,1.299228,0.441667,0.066667,0.716667,0.783333,0.441667,0.066667,0.0,0.721087,0.477981,0.993358
difficulty,PFP,42,42-102,-0.356264,0.525,0.575,0.25,0.825,0.8,0.0,0.016667,0.510059,0.447265,0.398956
difficulty,PFP,42,42-103,0.737516,0.583333,0.35,0.591667,0.941667,0.65,0.025,0.0,0.649271,0.522368,0.673597
difficulty,PFP,42,42-104,-0.933618,0.283333,0.483333,0.058333,0.541667,0.541667,0.0,0.183333,0.412513,0.46383,0.489112
difficulty,PFP,42,42-105,-0.205438,0.491667,0.475,0.316667,0.791667,0.7,0.0,0.025,0.524573,0.516971,0.456572
difficulty,PFP,42,42-106,-0.950022,0.216667,0.425,0.05,0.475,0.475,0.0,0.3,0.389595,0.568918,0.575323
difficulty,PFP,42,42-107,-0.339033,0.45,0.55,0.233333,0.783333,0.733333,0.0,0.041667,0.497274,0.533098,0.433098
difficulty,PFP,42,42-108,0.840308,0.558333,0.291667,0.566667,0.858333,0.583333,0.025,0.0,0.672387,0.470915,0.764166
difficulty,PFP,42,42-109,-1.72732,0.0,0.058333,0.0,0.058333,0.058333,0.0,0.441667,0.297128,0.31812,0.89667
difficulty,PFP,42,42-110,0.434424,0.45,0.441667,0.475,0.916667,0.7,0.0,0.0,0.595117,0.626467,0.550112
difficulty,PFP,42,42-111,0.237736,0.466667,0.558333,0.4,0.958333,0.816667,0.0,0.0,0.563855,0.595925,0.4442
difficulty,PFP,42,42-112,-0.59415,0.383333,0.491667,0.1,0.591667,0.575,0.0,0.116667,0.449223,0.578302,0.450998
difficulty,PFP,42,42-113,-1.446058,0.0,0.233333,0.0,0.233333,0.233333,0.0,0.45,0.310099,0.541369,0.846265
difficulty,PFP,42,42-114,0.07213,0.525,0.533333,0.333333,0.866667,0.808333,0.0,0.0,0.53565,0.635889,0.405247
difficulty,PFP,42,42-115,-0.529493,0.325,0.491667,0.116667,0.608333,0.591667,0.0,0.108333,0.448676,0.610534,0.451897
difficulty,PFP,42,42-116,0.232676,0.466667,0.5,0.391667,0.891667,0.716667,0.0,0.0,0.575627,0.58401,0.505967
difficulty,PFP,42,42-117,0.021852,0.5,0.483333,0.383333,0.866667,0.741667,0.0,0.016667,0.546251,0.568826,0.459111
difficulty,PFP,42,42-118,1.601779,0.225,0.0,0.666667,0.666667,0.225,0.225,0.0,0.771549,0.393332,1.280669
difficulty,PFP,42,42-119,-0.239356,0.441667,0.483333,0.233333,0.716667,0.666667,0.0,0.058333,0.492028,0.636714,0.443734
difficulty,PFP,42,42-120,-1.023497,0.225,0.45,0.016667,0.466667,0.466667,0.0,0.258333,0.39107,0.517236,0.559508
difficulty,PFP,42,42-121,0.179276,0.491667,0.483333,0.366667,0.85,0.708333,0.0,0.0,0.559126,0.624745,0.486624
difficulty,PFP,42,42-122,0.219997,0.5,0.483333,0.45,0.933333,0.758333,0.0,0.0,0.574049,0.560712,0.485162
difficulty,PFP,42,42-123,1.359188,0.425,0.0,0.716667,0.716667,0.425,0.075,0.0,0.733182,0.447515,1.06319
difficulty,PFP,42,42-124,0.835111,0.6,0.308333,0.591667,0.9,0.625,0.016667,0.0,0.667376,0.4864,0.740548
difficulty,PFP,42,42-125,0.356871,0.483333,0.483333,0.425,0.908333,0.733333,0.0,0.0,0.589403,0.596397,0.521822
difficulty,PFP,42,42-126,1.463303,0.358333,0.0,0.691667,0.691667,0.358333,0.116667,0.0,0.743313,0.452383,1.116489
difficulty,PFP,42,42-127,-1.188763,0.133333,0.408333,0.0,0.408333,0.408333,0.0,0.358333,0.364427,0.525436,0.639888
difficulty,PFP,42,42-128,-0.639752,0.366667,0.45,0.175,0.625,0.616667,0.0,0.141667,0.456039,0.522059,0.487978
difficulty,PFP,42,42-129,-0.926576,0.266667,0.433333,0.058333,0.491667,0.491667,0.0,0.258333,0.399435,0.575861,0.56602
difficulty,PFP,42,42-130,-0.38981,0.466667,0.475,0.241667,0.716667,0.691667,0.0,0.058333,0.489009,0.531768,0.426199
difficulty,PFP,42,42-131,-1.376686,0.05,0.366667,0.0,0.366667,0.366667,0.0,0.375,0.339828,0.487312,0.721201
difficulty,PFP,42,42-132,0.635151,0.575,0.458333,0.475,0.933333,0.716667,0.008333,0.0,0.626319,0.568472,0.579745
difficulty,PFP,42,42-133,-0.222223,0.416667,0.416667,0.291667,0.708333,0.616667,0.0,0.05,0.504264,0.60798,0.492202
difficulty,PFP,42,42-134,-1.470806,0.033333,0.225,0.0,0.225,0.225,0.0,0.45,0.312267,0.543182,0.84222
difficulty,PFP,42,42-135,-1.015579,0.175,0.425,0.0,0.425,0.425,0.0,0.3,0.378031,0.565134,0.592726
difficulty,PFP,42,42-136,0.313514,0.5,0.416667,0.458333,0.875,0.683333,0.0,0.0,0.591132,0.564962,0.551169
difficulty,PFP,42,42-137,0.838127,0.566667,0.341667,0.533333,0.875,0.608333,0.041667,0.0,0.662791,0.524493,0.730492
difficulty,PFP,42,42-138,1.996731,0.0,0.0,0.55,0.55,0.0,0.258333,0.0,0.805804,0.369648,1.477503
difficulty,PFP,42,42-139,2.913862,0.0,0.0,0.0,0.0,0.0,1.0,0.0,0.890854,0.232341,2.137345
difficulty,PFP,42,42-140,0.414409,0.525,0.458333,0.491667,0.95,0.691667,0.0,0.0,0.606294,0.536572,0.546646
difficulty,PFP,42,42-141,-0.989538,0.25,0.533333,0.008333,0.541667,0.541667,0.0,0.166667,0.410356,0.412653,0.468825
difficulty,PFP,42,42-142,-2.132046,0.0,0.0,0.0,0.0,0.0,0.0,0.866667,0.221609,0.390106,1.309911
difficulty,PFP,42,42-143,0.267711,0.575,0.491667,0.466667,0.958333,0.758333,0.0,0.0,0.601369,0.461296,0.532105
difficulty,PFP,42,42-144,-0.812941,0.325,0.516667,0.033333,0.55,0.55,0.0,0.208333,0.420546,0.532651,0.493168
difficulty,PFP,42,42-145,-0.415357,0.4,0.525,0.191667,0.716667,0.691667,0.0,0.1,0.478447,0.573269,0.457591
difficulty,PFP,42,42-146,-0.612097,0.375,0.5,0.125,0.625,0.616667,0.0,0.183333,0.440729,0.633274,0.499131
difficulty,PFP,42,42-147,-0.140791,0.466667,0.483333,0.341667,0.825,0.75,0.0,0.025,0.530919,0.531688,0.435747
difficulty,PFP,42,42-148,1.06598,0.5,0.166667,0.625,0.791667,0.5,0.091667,0.0,0.706988,0.448667,0.940424
difficulty,PFP,42,42-149,0.157049,0.483333,0.458333,0.5,0.958333,0.758333,0.0,0.0,0.583973,0.472505,0.50219
difficulty,PFP,42,42-150,-0.158635,0.541667,0.558333,0.316667,0.875,0.791667,0.0,0.0,0.540349,0.456753,0.424472
difficulty,PFP,42,42-151,-1.035654,0.2,0.475,0.008333,0.483333,0.483333,0.0,0.283333,0.386892,0.515877,0.555539
difficulty,PFP,42,42-152,-1.674683,0.0,0.075,0.0,0.075,0.075,0.0,0.591667,0.270476,0.56258,1.048385
difficulty,PFP,42,42-153,-0.486308,0.333333,0.458333,0.175,0.633333,0.591667,0.0,0.1,0.462161,0.605047,0.46874
difficulty,PFP,42,42-154,-0.053783,0.466667,0.541667,0.3,0.841667,0.758333,0.0,0.0,0.520699,0.619315,0.418293
difficulty,PFP,42,42-155,1.76793,0.083333,0.0,0.541667,0.541667,0.083333,0.258333,0.0,0.794176,0.349718,1.411219
difficulty,PFP,42,42-156,0.130275,0.433333,0.541667,0.308333,0.85,0.741667,0.0,0.0,0.53556,0.678974,0.431667
difficulty,PFP,42,42-157,0.98274,0.541667,0.25,0.608333,0.858333,0.566667,0.066667,0.0,0.685402,0.507057,0.830317
difficulty,PFP,42,42-158,-0.499296,0.383333,0.508333,0.133333,0.641667,0.633333,0.0,0.133333,0.455362,0.612406,0.449804
difficulty,PFP,42,42-159,-1.184944,0.158333,0.416667,0.0,0.416667,0.416667,0.0,0.35,0.359702,0.558565,0.651541
difficulty,PFP,42,42-160,-0.965117,0.183333,0.458333,0.016667,0.475,0.475,0.0,0.266667,0.392001,0.525317,0.538996
difficulty,PFP,42,42-161,-0.725226,0.35,0.5,0.1,0.6,0.6,0.0,0.166667,0.434617,0.549211,0.479752
difficulty,PFP,42,42-162,2.12847,0.0,0.0,0.483333,0.483333,0.0,0.275,0.0,0.820195,0.350622,1.576418
difficulty,PFP,42,42-163,-0.821387,0.283333,0.441667,0.066667,0.508333,0.508333,0.0,0.233333,0.406222,0.628005,0.552781
difficulty,PFP,42,42-164,0.838489,0.6,0.3,0.625,0.925,0.641667,0.025,0.0,0.662508,0.526838,0.724275
difficulty,PFP,42,42-165,-0.902927,0.241667,0.55,0.008333,0.558333,0.558333,0.0,0.208333,0.408501,0.477187,0.474319
difficulty,PFP,42,42-166,0.931573,0.483333,0.225,0.616667,0.841667,0.533333,0.025,0.0,0.688259,0.455756,0.841095
difficulty,PFP,42,42-167,0.384951,0.566667,0.516667,0.475,0.991667,0.791667,0.0,0.0,0.59757,0.541192,0.501409
difficulty,PFP,42,42-168,-0.156638,0.533333,0.483333,0.358333,0.841667,0.758333,0.0,0.016667,0.534771,0.490564,0.440397
difficulty,PFP,42,42-169,-0.040763,0.45,0.441667,0.325,0.766667,0.675,0.0,0.008333,0.525384,0.611214,0.45219
difficulty,PFP,42,42-170,-0.654788,0.366667,0.533333,0.091667,0.625,0.625,0.0,0.091667,0.452476,0.488,0.415852
difficulty,PFP,42,42-171,0.446072,0.516667,0.483333,0.458333,0.941667,0.758333,0.008333,0.0,0.596595,0.613154,0.533113
difficulty,PFP,42,42-172,-0.454983,0.483333,0.516667,0.191667,0.708333,0.708333,0.0,0.058333,0.480243,0.501477,0.405829
difficulty,PFP,42,42-173,-1.225606,0.108333,0.416667,0.0,0.416667,0.416667,0.0,0.341667,0.360119,0.513068,0.650775
difficulty,PFP,42,42-174,-1.277938,0.058333,0.35,0.0,0.35,0.35,0.0,0.358333,0.340956,0.53054,0.707965
difficulty,PFP,42,42-175,0.172588,0.491667,0.491667,0.416667,0.908333,0.75,0.0,0.0,0.573181,0.528368,0.476767
difficulty,PFP,42,42-176,1.579091,0.3,0.0,0.725,0.725,0.3,0.116667,0.0,0.752194,0.448481,1.153807
difficulty,PFP,42,42-177,0.159992,0.541667,0.516667,0.425,0.941667,0.791667,0.0,0.0,0.570168,0.5316,0.454183
difficulty,PFP,42,42-178,-0.118638,0.475,0.55,0.291667,0.841667,0.741667,0.0,0.0,0.532219,0.523968,0.446559
difficulty,PFP,42,42-179,0.285826,0.525,0.483333,0.4,0.883333,0.733333,0.0,0.0,0.588039,0.557123,0.535491
difficulty,PFP,42,42-180,1.306002,0.433333,0.066667,0.625,0.691667,0.433333,0.133333,0.0,0.733816,0.439472,1.076445
difficulty,PFP,42,42-181,0.219383,0.558333,0.516667,0.408333,0.925,0.783333,0.0,0.0,0.571087,0.560805,0.458477
difficulty,PFP,42,42-182,-0.410927,0.433333,0.5,0.141667,0.641667,0.625,0.0,0.058333,0.470316,0.579065,0.414165
difficulty,PFP,42,42-183,1.106289,0.533333,0.183333,0.65,0.833333,0.533333,0.033333,0.0,0.693895,0.507228,0.859279
difficulty,PFP,42,42-184,0.428756,0.533333,0.466667,0.483333,0.95,0.75,0.008333,0.0,0.598549,0.571537,0.525277
difficulty,PFP,42,42-185,1.535756,0.325,0.0,0.691667,0.691667,0.325,0.15,0.0,0.753642,0.435806,1.169787
difficulty,PFP,42,42-186,0.183234,0.525,0.475,0.441667,0.916667,0.758333,0.0,0.0,0.581577,0.493304,0.488267
difficulty,PFP,42,42-187,-1.224469,0.075,0.391667,0.0,0.391667,0.391667,0.0,0.325,0.349569,0.53737,0.673272
difficulty,PFP,42,42-188,-1.368159,0.008333,0.275,0.0,0.275,0.275,0.0,0.425,0.327459,0.52178,0.760943
difficulty,PFP,42,42-189,1.650928,0.283333,0.0,0.783333,0.783333,0.283333,0.125,0.0,0.747999,0.502904,1.131345
difficulty,PFP,42,42-190,1.723666,0.108333,0.0,0.625,0.625,0.108333,0.208333,0.0,0.779547,0.391116,1.316653
difficulty,PFP,42,42-191,-0.179519,0.5,0.475,0.35,0.825,0.725,0.0,0.025,0.536116,0.47588,0.451314
difficulty,PFP,42,42-192,-0.383187,0.391667,0.458333,0.2,0.658333,0.608333,0.0,0.133333,0.466555,0.68872,0.503254
difficulty,PFP,42,42-193,1.461444,0.425,0.0,0.741667,0.741667,0.425,0.108333,0.0,0.734643,0.493965,1.073685
difficulty,PFP,42,42-194,-1.107046,0.125,0.433333,0.0,0.433333,0.433333,0.0,0.308333,0.375365,0.497623,0.578999
difficulty,PFP,42,42-195,-0.894727,0.275,0.575,0.008333,0.583333,0.583333,0.0,0.183333,0.414541,0.484822,0.473748
difficulty,PFP,42,42-196,0.643327,0.591667,0.416667,0.533333,0.95,0.683333,0.008333,0.0,0.637494,0.509118,0.617461
difficulty,PFP,42,42-197,-0.394605,0.475,0.491667,0.258333,0.75,0.725,0.0,0.066667,0.496795,0.51032,0.446955
difficulty,PFP,42,42-198,-0.005122,0.433333,0.525,0.325,0.85,0.733333,0.0,0.0,0.535063,0.575325,0.428911
difficulty,PFP,42,42-199,-0.163443,0.491667,0.533333,0.258333,0.791667,0.725,0.0,0.008333,0.518482,0.558965,0.430247
difficulty,PFP,137,137-0,-0.83988,0.266667,0.475,0.066667,0.541667,0.541667,0.0,0.166667,0.414819,0.543085,0.494311
difficulty,PFP,137,137-1,-0.732168,0.325,0.491667,0.091667,0.583333,0.583333,0.0,0.183333,0.424445,0.606619,0.511186
difficulty,PFP,137,137-2,-0.626851,0.383333,0.508333,0.116667,0.625,0.625,0.0,0.133333,0.447851,0.543819,0.461116
difficulty,PFP,137,137-3,0.00625,0.5,0.466667,0.358333,0.825,0.691667,0.0,0.0,0.550668,0.556622,0.494593
difficulty,PFP,137,137-4,-0.570385,0.366667,0.475,0.125,0.6,0.591667,0.0,0.091667,0.451371,0.563344,0.427789
difficulty,PFP,137,137-5,-1.007635,0.225,0.5,0.0,0.5,0.5,0.0,0.233333,0.399556,0.435684,0.490456
difficulty,PFP,137,137-6,0.22413,0.541667,0.491667,0.441667,0.933333,0.775,0.0,0.0,0.588847,0.490835,0.507538
difficulty,PFP,137,137-7,-0.680806,0.308333,0.458333,0.108333,0.566667,0.558333,0.0,0.141667,0.435427,0.597424,0.505249
difficulty,PFP,137,137-8,-1.975848,0.0,0.0,0.0,0.0,0.0,0.0,0.791667,0.225222,0.555448,1.296986
difficulty,PFP,137,137-9,1.958634,0.0,0.0,0.591667,0.591667,0.0,0.225,0.0,0.798348,0.387181,1.424616
difficulty,PFP,137,137-10,1.619418,0.225,0.0,0.625,0.625,0.225,0.183333,0.0,0.767422,0.415922,1.255599
difficulty,PFP,137,137-11,-1.046955,0.15,0.325,0.008333,0.333333,0.333333,0.0,0.341667,0.358211,0.670435,0.673619
difficulty,PFP,137,137-12,-0.352262,0.4,0.483333,0.166667,0.65,0.625,0.0,0.066667,0.470295,0.636016,0.430291
difficulty,PFP,137,137-13,-0.039214,0.458333,0.516667,0.341667,0.858333,0.725,0.0,0.0,0.545586,0.523216,0.468218
difficulty,PFP,137,137-14,0.968455,0.525,0.258333,0.55,0.808333,0.533333,0.066667,0.0,0.687769,0.492717,0.847997
difficulty,PFP,137,137-15,-2.598075,0.0,0.0,0.0,0.0,0.0,0.0,1.0,0.154676,0.400185,1.762637
difficulty,PFP,137,137-16,-0.838116,0.258333,0.516667,0.025,0.541667,0.541667,0.0,0.2,0.411159,0.535835,0.4899
difficulty,PFP,137,137-17,0.165563,0.483333,0.516667,0.416667,0.933333,0.775,0.0,0.0,0.570667,0.53609,0.472214
difficulty,PFP,137,137-18,-1.815344,0.0,0.008333,0.0,0.008333,0.008333,0.0,0.591667,0.265117,0.444247,1.075105
difficulty,PFP,137,137-19,-0.640166,0.3,0.45,0.116667,0.566667,0.558333,0.0,0.191667,0.426875,0.644577,0.504041
difficulty,PFP,137,137-20,-0.300888,0.441667,0.491667,0.216667,0.708333,0.675,0.0,0.05,0.485926,0.604077,0.434812
difficulty,PFP,137,137-21,-0.448263,0.425,0.5,0.183333,0.683333,0.666667,0.0,0.083333,0.476619,0.548297,0.428439
difficulty,PFP,137,137-22,-1.043383,0.166667,0.466667,0.008333,0.475,0.475,0.0,0.258333,0.380636,0.53083,0.572231
difficulty,PFP,137,137-23,1.046346,0.566667,0.208333,0.633333,0.841667,0.566667,0.025,0.0,0.687278,0.507605,0.82774
difficulty,PFP,137,137-24,-0.594046,0.333333,0.458333,0.133333,0.591667,0.583333,0.0,0.133333,0.445598,0.601751,0.475753
difficulty,PFP,137,137-25,0.783179,0.533333,0.283333,0.558333,0.841667,0.566667,0.033333,0.0,0.6781,0.429008,0.796082
difficulty,PFP,137,137-26,-0.373046,0.425,0.541667,0.191667,0.733333,0.716667,0.0,0.066667,0.483511,0.573277,0.426918
difficulty,PFP,137,137-27,0.152686,0.533333,0.533333,0.425,0.958333,0.783333,0.0,0.0,0.574137,0.508465,0.463224
difficulty,PFP,137,137-28,-0.453875,0.491667,0.483333,0.241667,0.725,0.691667,0.0,0.05,0.500706,0.444773,0.424213
difficulty,PFP,137,137-29,1.015703,0.466667,0.15,0.625,0.775,0.466667,0.083333,0.0,0.714478,0.391754,0.970108
difficulty,PFP,137,137-30,0.314326,0.508333,0.525,0.4,0.925,0.775,0.016667,0.0,0.587319,0.557855,0.498792
difficulty,PFP,137,137-31,-0.949702,0.208333,0.483333,0.016667,0.5,0.5,0.0,0.216667,0.402524,0.484198,0.503826
difficulty,PFP,137,137-32,0.720263,0.616667,0.416667,0.55,0.966667,0.725,0.0,0.0,0.634778,0.579459,0.608233
difficulty,PFP,137,137-33,2.65798,0.0,0.0,0.0,0.0,0.0,0.675,0.0,0.878017,0.238304,2.031655
difficulty,PFP,137,137-34,-1.741191,0.0,0.025,0.0,0.025,0.025,0.0,0.591667,0.268498,0.481802,1.048561
difficulty,PFP,137,137-35,-0.080598,0.458333,0.508333,0.333333,0.841667,0.716667,0.0,0.008333,0.534307,0.543866,0.42923
difficulty,PFP,137,137-36,0.022184,0.516667,0.483333,0.341667,0.825,0.741667,0.0,0.033333,0.535911,0.621506,0.443679
difficulty,PFP,137,137-37,-0.198292,0.5,0.508333,0.333333,0.841667,0.766667,0.0,0.033333,0.529846,0.506805,0.455974
difficulty,PFP,137,137-38,0.913303,0.591667,0.316667,0.575,0.891667,0.616667,0.016667,0.0,0.660878,0.569579,0.706821
difficulty,PFP,137,137-39,-0.192114,0.458333,0.491667,0.283333,0.775,0.708333,0.0,0.033333,0.517608,0.548876,0.450494
difficulty,PFP,137,137-40,0.840026,0.516667,0.283333,0.566667,0.85,0.558333,0.041667,0.0,0.678045,0.46504,0.799338
difficulty,PFP,137,137-41,0.635433,0.566667,0.441667,0.491667,0.933333,0.675,0.008333,0.0,0.634163,0.535499,0.617945
difficulty,PFP,137,137-42,-0.996261,0.166667,0.458333,0.008333,0.466667,0.466667,0.0,0.25,0.384022,0.547091,0.551683
difficulty,PFP,137,137-43,-1.106161,0.1,0.441667,0.0,0.441667,0.441667,0.0,0.308333,0.372628,0.489406,0.568992
difficulty,PFP,137,137-44,1.787637,0.1,0.0,0.575,0.575,0.1,0.266667,0.0,0.791471,0.372663,1.398116
difficulty,PFP,137,137-45,-0.190261,0.416667,0.516667,0.25,0.766667,0.691667,0.0,0.033333,0.509115,0.587524,0.427086
difficulty,PFP,137,137-46,0.101085,0.525,0.491667,0.4,0.891667,0.758333,0.0,0.0,0.556655,0.567468,0.463159
difficulty,PFP,137,137-47,1.554169,0.266667,0.0,0.716667,0.716667,0.266667,0.125,0.0,0.753055,0.438076,1.159629
difficulty,PFP,137,137-48,0.664131,0.641667,0.45,0.508333,0.958333,0.708333,0.0,0.0,0.628833,0.553298,0.569624
difficulty,PFP,137,137-49,-0.630889,0.333333,0.475,0.1,0.575,0.575,0.0,0.116667,0.439537,0.583406,0.459431
difficulty,PFP,137,137-50,-0.331603,0.441667,0.466667,0.275,0.741667,0.7,0.0,0.05,0.49834,0.541475,0.435441
difficulty,PFP,137,137-51,1.076932,0.55,0.2,0.633333,0.833333,0.55,0.075,0.0,0.691543,0.521671,0.860322
difficulty,PFP,137,137-52,1.370465,0.4,0.025,0.733333,0.758333,0.4,0.091667,0.0,0.729841,0.473278,1.040525
difficulty,PFP,137,137-53,-0.338788,0.433333,0.533333,0.225,0.758333,0.708333,0.0,0.058333,0.496757,0.564141,0.446031
difficulty,PFP,137,137-54,1.3345,0.433333,0.0,0.733333,0.733333,0.433333,0.075,0.0,0.726471,0.461469,1.020199
difficulty,PFP,137,137-55,-0.37606,0.458333,0.5,0.2,0.7,0.683333,0.0,0.041667,0.483252,0.554384,0.429948
difficulty,PFP,137,137-56,0.191903,0.475,0.475,0.416667,0.891667,0.741667,0.0,0.0,0.565153,0.581847,0.466052
difficulty,PFP,137,137-57,-1.292154,0.2,0.45,0.0,0.45,0.45,0.0,0.283333,0.377149,0.37428,0.576859
difficulty,PFP,137,137-58,-0.223985,0.458333,0.491667,0.291667,0.783333,0.708333,0.0,0.041667,0.514165,0.548057,0.442876
difficulty,PFP,137,137-59,0.499185,0.566667,0.483333,0.491667,0.975,0.758333,0.0,0.0,0.606743,0.57258,0.525236
difficulty,PFP,137,137-60,0.37522,0.558333,0.466667,0.475,0.941667,0.741667,0.0,0.0,0.607073,0.514544,0.548987
difficulty,PFP,137,137-61,0.742053,0.608333,0.366667,0.55,0.916667,0.666667,0.025,0.0,0.645647,0.540889,0.644619
difficulty,PFP,137,137-62,-0.721375,0.275,0.5,0.05,0.55,0.55,0.0,0.2,0.418351,0.61171,0.492705
difficulty,PFP,137,137-63,-0.202698,0.441667,0.466667,0.266667,0.733333,0.658333,0.0,0.033333,0.507666,0.607414,0.460373
difficulty,PFP,137,137-64,-0.106074,0.458333,0.483333,0.35,0.833333,0.708333,0.0,0.016667,0.538639,0.529696,0.475313
difficulty,PFP,137,137-65,1.702647,0.158333,0.0,0.666667,0.666667,0.158333,0.216667,0.0,0.773156,0.426564,1.30141
difficulty,PFP,137,137-66,-1.218646,0.05,0.316667,0.0,0.316667,0.316667,0.0,0.408333,0.336021,0.618482,0.735461
difficulty,PFP,137,137-67,-0.292621,0.416667,0.45,0.283333,0.733333,0.633333,0.0,0.033333,0.506918,0.538435,0.473845
difficulty,PFP,137,137-68,-0.121263,0.525,0.491667,0.35,0.841667,0.766667,0.0,0.008333,0.537199,0.502461,0.441545
difficulty,PFP,137,137-69,3.110762,0.0,0.0,0.0,0.0,0.0,1.0,0.0,0.905013,0.207252,2.293371
difficulty,PFP,137,137-70,0.607553,0.55,0.475,0.458333,0.933333,0.733333,0.008333,0.0,0.618751,0.606445,0.578883
difficulty,PFP,137,137-71,-0.057651,0.533333,0.541667,0.341667,0.883333,0.8,0.0,0.0,0.539905,0.522323,0.413286
difficulty,PFP,137,137-72,0.04985,0.441667,0.475,0.383333,0.858333,0.691667,0.0,0.0,0.551642,0.550977,0.479859
difficulty,PFP,137,137-73,-1.56946,0.0,0.108333,0.0,0.108333,0.108333,0.0,0.516667,0.293023,0.505543,0.929893
difficulty,PFP,137,137-74,0.103745,0.416667,0.441667,0.375,0.816667,0.658333,0.0,0.0,0.568334,0.54985,0.548128
difficulty,PFP,137,137-75,1.292329,0.491667,0.066667,0.708333,0.775,0.491667,0.066667,0.0,0.713909,0.509249,0.96186
difficulty,PFP,137,137-76,-0.193478,0.525,0.575,0.291667,0.866667,0.816667,0.0,0.0,0.522014,0.489202,0.396032
difficulty,PFP,137,137-77,-0.482773,0.45,0.491667,0.191667,0.683333,0.675,0.0,0.05,0.475313,0.513259,0.412282
difficulty,PFP,137,137-78,-0.320344,0.416667,0.466667,0.241667,0.708333,0.65,0.0,0.058333,0.49404,0.575892,0.453332
difficulty,PFP,137,137-79,0.822072,0.566667,0.391667,0.483333,0.875,0.641667,0.058333,0.0,0.655031,0.560197,0.709345
difficulty,PFP,137,137-80,0.605951,0.566667,0.45,0.508333,0.958333,0.725,0.0,0.0,0.618855,0.583867,0.556851
difficulty,PFP,137,137-81,1.128074,0.508333,0.158333,0.658333,0.816667,0.508333,0.05,0.0,0.70044,0.489711,0.892247
difficulty,PFP,137,137-82,0.204276,0.516667,0.516667,0.45,0.966667,0.791667,0.0,0.0,0.575895,0.520956,0.468051
difficulty,PFP,137,137-83,0.745318,0.616667,0.425,0.5,0.925,0.683333,0.008333,0.0,0.635505,0.579371,0.602199
difficulty,PFP,137,137-84,-0.890788,0.233333,0.5,0.016667,0.516667,0.516667,0.0,0.2,0.40486,0.519689,0.490353
difficulty,PFP,137,137-85,0.138789,0.45,0.483333,0.333333,0.816667,0.675,0.0,0.0,0.550901,0.64181,0.488811
difficulty,PFP,137,137-86,-1.118181,0.183333,0.408333,0.008333,0.416667,0.416667,0.0,0.316667,0.376712,0.535903,0.619747
difficulty,PFP,137,137-87,-0.632498,0.291667,0.475,0.091667,0.566667,0.566667,0.0,0.158333,0.427999,0.619835,0.488962
difficulty,PFP,137,137-88,-0.884575,0.225,0.466667,0.05,0.516667,0.516667,0.0,0.266667,0.398197,0.593328,0.560375
difficulty,PFP,137,137-89,-0.121239,0.458333,0.483333,0.3,0.783333,0.708333,0.0,0.008333,0.518466,0.593509,0.44607
difficulty,PFP,137,137-90,1.080744,0.508333,0.158333,0.658333,0.816667,0.508333,0.066667,0.0,0.701629,0.462548,0.901848
difficulty,PFP,137,137-91,0.415538,0.566667,0.533333,0.466667,1.0,0.783333,0.0,0.0,0.596726,0.547672,0.477965
difficulty,PFP,137,137-92,-1.122452,0.158333,0.375,0.0,0.375,0.375,0.0,0.35,0.362923,0.595535,0.656236
difficulty,PFP,137,137-93,0.608223,0.475,0.433333,0.425,0.858333,0.625,0.025,0.0,0.630472,0.564303,0.649734
difficulty,PFP,137,137-94,2.18768,0.0,0.0,0.441667,0.441667,0.0,0.275,0.0,0.82445,0.351238,1.601146
difficulty,PFP,137,137-95,1.339749,0.375,0.033333,0.65,0.683333,0.375,0.116667,0.0,0.741712,0.414846,1.117874
difficulty,PFP,137,137-96,0.715568,0.566667,0.416667,0.5,0.916667,0.691667,0.008333,0.0,0.634589,0.59266,0.630119
difficulty,PFP,137,137-97,1.20599,0.566667,0.075,0.766667,0.841667,0.566667,0.016667,0.0,0.696659,0.534586,0.865824
difficulty,PFP,137,137-98,1.233436,0.483333,0.108333,0.658333,0.766667,0.483333,0.091667,0.0,0.714889,0.485552,0.972516
difficulty,PFP,137,137-99,0.341164,0.508333,0.408333,0.516667,0.925,0.641667,0.0,0.0,0.625159,0.4238,0.616713
difficulty,PFP,137,137-100,-0.340886,0.408333,0.45,0.233333,0.683333,0.633333,0.0,0.075,0.489474,0.585238,0.450747
difficulty,PFP,137,137-101,2.087957,0.0,0.0,0.45,0.45,0.0,0.308333,0.0,0.819588,0.341774,1.570522
difficulty,PFP,137,137-102,0.368075,0.558333,0.541667,0.45,0.991667,0.8,0.0,0.0,0.586861,0.572228,0.469618
difficulty,PFP,137,137-103,1.291066,0.416667,0.066667,0.691667,0.758333,0.416667,0.083333,0.0,0.729387,0.433847,1.038401
difficulty,PFP,137,137-104,0.010497,0.458333,0.466667,0.35,0.816667,0.675,0.0,0.008333,0.545324,0.57383,0.491984
difficulty,PFP,137,137-105,2.161759,0.0,0.0,0.433333,0.433333,0.0,0.325,0.0,0.826502,0.338499,1.626517
difficulty,PFP,137,137-106,-3.001345,0.0,0.0,0.0,0.0,0.0,0.0,1.0,0.123058,0.173158,1.999151
difficulty,PFP,137,137-107,-0.262965,0.458333,0.508333,0.258333,0.766667,0.708333,0.0,0.016667,0.508121,0.529552,0.421806
difficulty,PFP,137,137-108,-2.964778,0.0,0.0,0.0,0.0,0.0,0.0,1.0,0.126225,0.190544,1.97352
difficulty,PFP,137,137-109,1.678688,0.2,0.0,0.641667,0.641667,0.2,0.191667,0.0,0.771392,0.416679,1.276487
difficulty,PFP,137,137-110,-0.57792,0.291667,0.425,0.125,0.55,0.533333,0.0,0.15,0.434809,0.641637,0.477285
difficulty,PFP,137,137-111,1.266303,0.466667,0.091667,0.691667,0.783333,0.466667,0.091667,0.0,0.716247,0.491292,0.97649
difficulty,PFP,137,137-112,-0.473743,0.375,0.425,0.258333,0.683333,0.616667,0.0,0.1,0.481604,0.537038,0.489683
difficulty,PFP,137,137-113,-0.641194,0.333333,0.516667,0.091667,0.608333,0.608333,0.0,0.125,0.439183,0.56077,0.447752
difficulty,PFP,137,137-114,-0.389012,0.433333,0.475,0.233333,0.708333,0.675,0.0,0.083333,0.487349,0.553664,0.452949
difficulty,PFP,137,137-115,-0.249659,0.466667,0.525,0.241667,0.766667,0.741667,0.0,0.033333,0.499543,0.558046,0.394643
difficulty,PFP,137,137-116,1.255613,0.458333,0.058333,0.691667,0.75,0.458333,0.058333,0.0,0.72629,0.432365,1.02357
difficulty,PFP,137,137-117,-0.686074,0.3,0.475,0.075,0.55,0.55,0.0,0.15,0.427973,0.596278,0.469379
difficulty,PFP,137,137-118,-1.848787,0.0,0.008333,0.0,0.008333,0.008333,0.0,0.658333,0.256929,0.449251,1.109646
difficulty,PFP,137,137-119,-0.31704,0.425,0.5,0.233333,0.733333,0.675,0.0,0.075,0.48976,0.620859,0.468862
difficulty,PFP,137,137-120,1.942559,0.0,0.0,0.6,0.6,0.0,0.208333,0.0,0.795614,0.402415,1.410335
difficulty,PFP,137,137-121,2.226408,0.0,0.0,0.308333,0.308333,0.0,0.383333,0.0,0.837442,0.305869,1.695656
difficulty,PFP,137,137-122,0.103639,0.516667,0.433333,0.458333,0.891667,0.691667,0.0,0.0,0.577708,0.479642,0.509924
difficulty,PFP,137,137-123,-1.255067,0.075,0.408333,0.0,0.408333,0.408333,0.0,0.291667,0.361321,0.418441,0.613508
difficulty,PFP,137,137-124,-1.5471,0.0,0.225,0.0,0.225,0.225,0.0,0.483333,0.306699,0.455599,0.862211
difficulty,PFP,137,137-125,0.111437,0.525,0.5,0.433333,0.933333,0.791667,0.0,0.0,0.566061,0.506366,0.453437
difficulty,PFP,137,137-126,0.22928,0.508333,0.483333,0.4,0.883333,0.733333,0.0,0.0,0.577358,0.565538,0.512962
difficulty,PFP,137,137-127,-0.903158,0.333333,0.475,0.075,0.55,0.55,0.0,0.183333,0.41933,0.501704,0.509956
difficulty,PFP,137,137-128,-0.146796,0.441667,0.541667,0.266667,0.808333,0.741667,0.0,0.016667,0.51361,0.577128,0.423386
difficulty,PFP,137,137-129,1.006923,0.533333,0.225,0.608333,0.833333,0.533333,0.025,0.0,0.685671,0.499609,0.823147
difficulty,PFP,137,137-130,-0.146176,0.458333,0.5,0.35,0.85,0.708333,0.0,0.033333,0.539745,0.50132,0.488866
difficulty,PFP,137,137-131,-0.314946,0.466667,0.466667,0.275,0.741667,0.675,0.0,0.033333,0.506848,0.530817,0.447417
difficulty,PFP,137,137-132,0.600451,0.516667,0.35,0.558333,0.908333,0.633333,0.008333,0.0,0.650563,0.446856,0.684197
difficulty,PFP,137,137-133,-1.159657,0.158333,0.441667,0.0,0.441667,0.441667,0.0,0.316667,0.363843,0.552237,0.635229
difficulty,PFP,137,137-134,0.151749,0.516667,0.458333,0.433333,0.891667,0.725,0.0,0.0,0.570523,0.546178,0.503433
difficulty,PFP,137,137-135,0.33816,0.55,0.541667,0.408333,0.95,0.8,0.0,0.0,0.580797,0.588652,0.459612
difficulty,PFP,137,137-136,0.007584,0.508333,0.541667,0.35,0.891667,0.808333,0.0,0.0,0.538659,0.571043,0.416926
difficulty,PFP,137,137-137,-0.298613,0.508333,0.533333,0.308333,0.841667,0.758333,0.0,0.008333,0.531398,0.409624,0.437168
difficulty,PFP,137,137-138,-0.029487,0.516667,0.516667,0.333333,0.85,0.766667,0.0,0.016667,0.53589,0.56914,0.436898
difficulty,PFP,137,137-139,1.095607,0.516667,0.191667,0.591667,0.783333,0.516667,0.091667,0.0,0.704095,0.46652,0.923945
difficulty,PFP,137,137-140,-2.407855,0.0,0.0,0.0,0.0,0.0,0.0,1.0,0.185869,0.362055,1.532029
difficulty,PFP,137,137-141,0.970356,0.6,0.3,0.558333,0.858333,0.6,0.058333,0.0,0.67928,0.509481,0.7955
difficulty,PFP,137,137-142,-0.054668,0.466667,0.483333,0.35,0.833333,0.708333,0.0,0.0,0.539238,0.541475,0.462268
difficulty,PFP,137,137-143,-0.557724,0.391667,0.508333,0.125,0.633333,0.633333,0.0,0.116667,0.457837,0.534732,0.445287
difficulty,PFP,137,137-144,0.202865,0.433333,0.541667,0.35,0.891667,0.75,0.0,0.0,0.551974,0.646887,0.440335
difficulty,PFP,137,137-145,0.618659,0.5,0.366667,0.533333,0.9,0.633333,0.008333,0.0,0.64955,0.472533,0.68789
difficulty,PFP,137,137-146,0.938405,0.583333,0.291667,0.575,0.866667,0.608333,0.025,0.0,0.672885,0.528374,0.767503
difficulty,PFP,137,137-147,-0.393954,0.483333,0.516667,0.208333,0.725,0.716667,0.0,0.041667,0.490013,0.520023,0.415154
difficulty,PFP,137,137-148,-0.800885,0.316667,0.458333,0.108333,0.566667,0.566667,0.0,0.175,0.429369,0.512938,0.503838
difficulty,PFP,137,137-149,0.07057,0.541667,0.533333,0.35,0.883333,0.825,0.0,0.0,0.541226,0.587244,0.397404
difficulty,PFP,137,137-150,-1.028025,0.166667,0.483333,0.008333,0.491667,0.491667,0.0,0.25,0.390983,0.473677,0.514678
difficulty,PFP,137,137-151,1.687123,0.091667,0.0,0.591667,0.591667,0.091667,0.241667,0.0,0.784705,0.360123,1.351208
difficulty,PFP,137,137-152,3.708529,0.0,0.0,0.0,0.0,0.0,1.0,0.0,0.939806,0.136769,2.775126
difficulty,PFP,137,137-153,-0.882556,0.258333,0.483333,0.058333,0.541667,0.541667,0.0,0.183333,0.415401,0.485342,0.4835
difficulty,PFP,137,137-154,1.694662,0.108333,0.0,0.583333,0.583333,0.108333,0.25,0.0,0.786892,0.354151,1.366954
difficulty,PFP,137,137-155,0.723206,0.575,0.383333,0.541667,0.925,0.675,0.0,0.0,0.637227,0.563769,0.615141
difficulty,PFP,137,137-156,-0.04033,0.483333,0.475,0.375,0.85,0.733333,0.0,0.016667,0.543168,0.552775,0.466584
difficulty,PFP,137,137-157,0.950618,0.566667,0.308333,0.558333,0.866667,0.608333,0.058333,0.0,0.676026,0.531941,0.789539
difficulty,PFP,137,137-158,0.986405,0.566667,0.216667,0.65,0.866667,0.566667,0.041667,0.0,0.684925,0.489751,0.821015
difficulty,PFP,137,137-159,0.374409,0.433333,0.475,0.416667,0.891667,0.675,0.008333,0.0,0.597477,0.581811,0.568812
difficulty,PFP,137,137-160,-0.601175,0.291667,0.416667,0.125,0.541667,0.533333,0.0,0.166667,0.426759,0.682812,0.511003
difficulty,PFP,137,137-161,0.175896,0.533333,0.55,0.391667,0.941667,0.808333,0.0,0.0,0.563693,0.546821,0.419693
difficulty,PFP,137,137-162,-1.11499,0.216667,0.483333,0.0,0.483333,0.483333,0.0,0.266667,0.382207,0.495596,0.573516
difficulty,PFP,137,137-163,0.681243,0.616667,0.475,0.458333,0.933333,0.708333,0.016667,0.0,0.629323,0.582334,0.583616
difficulty,PFP,137,137-164,-0.269201,0.475,0.45,0.308333,0.758333,0.666667,0.0,0.033333,0.516697,0.505944,0.453047
difficulty,PFP,137,137-165,1.059224,0.491667,0.15,0.65,0.8,0.491667,0.066667,0.0,0.705909,0.441483,0.926555
difficulty,PFP,137,137-166,0.116911,0.483333,0.483333,0.383333,0.866667,0.683333,0.0,0.0,0.559759,0.576507,0.497499
difficulty,PFP,137,137-167,-0.122426,0.525,0.483333,0.383333,0.866667,0.75,0.0,0.0,0.549181,0.461468,0.461406
difficulty,PFP,137,137-168,-0.840159,0.258333,0.45,0.05,0.5,0.5,0.0,0.266667,0.399351,0.663083,0.575633
difficulty,PFP,137,137-169,0.574944,0.525,0.458333,0.508333,0.966667,0.716667,0.008333,0.0,0.617341,0.569325,0.554628
difficulty,PFP,137,137-170,0.247893,0.508333,0.466667,0.458333,0.925,0.733333,0.0,0.0,0.58418,0.544493,0.511339
difficulty,PFP,137,137-171,-0.282704,0.5,0.533333,0.275,0.808333,0.766667,0.0,0.025,0.511521,0.493696,0.41768
difficulty,PFP,137,137-172,-0.014739,0.491667,0.45,0.391667,0.841667,0.691667,0.0,0.025,0.555833,0.523991,0.500262
difficulty,PFP,137,137-173,0.97984,0.6,0.183333,0.691667,0.875,0.6,0.033333,0.0,0.683797,0.482389,0.809223
difficulty,PFP,137,137-174,-0.173795,0.458333,0.525,0.266667,0.791667,0.741667,0.0,0.033333,0.510839,0.581925,0.43151
difficulty,PFP,137,137-175,-0.935282,0.291667,0.583333,0.016667,0.6,0.6,0.0,0.2,0.418338,0.43531,0.468404
difficulty,PFP,137,137-176,0.668167,0.5,0.341667,0.558333,0.9,0.6,0.033333,0.0,0.654045,0.471101,0.699398
difficulty,PFP,137,137-177,0.213525,0.5,0.458333,0.458333,0.916667,0.691667,0.0,0.0,0.584078,0.513571,0.516862
difficulty,PFP,137,137-178,-1.329987,0.075,0.316667,0.0,0.316667,0.316667,0.0,0.441667,0.328043,0.601166,0.790082
difficulty,PFP,137,137-179,2.848663,0.0,0.0,0.0,0.0,0.0,1.0,0.0,0.888748,0.230346,2.125033
difficulty,PFP,137,137-180,-0.531019,0.325,0.425,0.166667,0.591667,0.583333,0.0,0.141667,0.441849,0.681355,0.50817
difficulty,PFP,137,137-181,-0.074551,0.516667,0.491667,0.35,0.841667,0.758333,0.0,0.0,0.53798,0.512607,0.427496
difficulty,PFP,137,137-182,-1.524811,0.0,0.283333,0.0,0.283333,0.283333,0.0,0.408333,0.321857,0.423032,0.788747
difficulty,PFP,137,137-183,-0.136188,0.475,0.491667,0.283333,0.775,0.7,0.0,0.008333,0.521415,0.559569,0.441206
difficulty,PFP,137,137-184,-0.68768,0.316667,0.491667,0.108333,0.6,0.591667,0.0,0.125,0.442945,0.528035,0.461311
difficulty,PFP,137,137-185,-0.527871,0.441667,0.5,0.191667,0.691667,0.691667,0.0,0.1,0.472644,0.498211,0.437954
difficulty,PFP,137,137-186,-1.152544,0.15,0.441667,0.0,0.441667,0.441667,0.0,0.325,0.368745,0.507644,0.604575
difficulty,PFP,137,137-187,-0.413452,0.375,0.425,0.208333,0.633333,0.608333,0.0,0.116667,0.469599,0.649049,0.478913
difficulty,PFP,137,137-188,-0.552106,0.358333,0.483333,0.15,0.633333,0.616667,0.0,0.141667,0.455654,0.587683,0.478875
difficulty,PFP,137,137-189,-0.644944,0.341667,0.491667,0.125,0.616667,0.616667,0.0,0.141667,0.444079,0.553027,0.456592
difficulty,PFP,137,137-190,-0.623048,0.391667,0.508333,0.141667,0.65,0.65,0.0,0.1,0.462036,0.465758,0.423692
difficulty,PFP,137,137-191,-1.278609,0.033333,0.308333,0.0,0.308333,0.308333,0.0,0.425,0.331803,0.571352,0.7446
difficulty,PFP,137,137-192,-1.920888,0.0,0.0,0.0,0.0,0.0,0.0,0.741667,0.239695,0.478984,1.205469
difficulty,PFP,137,137-193,-0.632742,0.35,0.475,0.108333,0.583333,0.583333,0.0,0.191667,0.432129,0.648098,0.511152
difficulty,PFP,137,137-194,1.825612,0.075,0.0,0.566667,0.566667,0.075,0.258333,0.0,0.793269,0.377194,1.404754
difficulty,PFP,137,137-195,0.521098,0.575,0.466667,0.491667,0.958333,0.725,0.008333,0.0,0.617103,0.537712,0.547085
difficulty,PFP,137,137-196,-0.49011,0.425,0.475,0.183333,0.658333,0.641667,0.0,0.083333,0.469884,0.55656,0.444316
difficulty,PFP,137,137-197,-1.231114,0.108333,0.375,0.0,0.375,0.375,0.0,0.341667,0.35244,0.556685,0.678657
difficulty,PFP,137,137-198,-0.165171,0.5,0.475,0.375,0.85,0.783333,0.0,0.016667,0.534395,0.476121,0.426392
difficulty,PFP,137,137-199,0.03401,0.533333,0.475,0.416667,0.891667,0.75,0.0,0.0,0.560459,0.496427,0.459498
difficulty,PFP,369,369-0,0.231976,0.508333,0.541667,0.358333,0.9,0.775,0.0,0.0,0.569878,0.582119,0.458309
difficulty,PFP,369,369-1,0.030686,0.458333,0.55,0.283333,0.833333,0.766667,0.0,0.0,0.525829,0.66141,0.434216
difficulty,PFP,369,369-2,1.22262,0.5,0.141667,0.641667,0.783333,0.5,0.075,0.0,0.707304,0.512125,0.935449
difficulty,PFP,369,369-3,-0.670696,0.333333,0.516667,0.083333,0.6,0.583333,0.0,0.141667,0.44199,0.528569,0.466808
difficulty,PFP,369,369-4,0.230225,0.6,0.5,0.425,0.925,0.825,0.016667,0.0,0.581444,0.527963,0.478956
difficulty,PFP,369,369-5,0.256787,0.491667,0.483333,0.433333,0.916667,0.725,0.0,0.0,0.5766,0.577024,0.498103
difficulty,PFP,369,369-6,-0.722373,0.375,0.508333,0.116667,0.625,0.625,0.0,0.133333,0.448682,0.486006,0.463027
difficulty,PFP,369,369-7,0.237807,0.533333,0.483333,0.425,0.908333,0.766667,0.0,0.0,0.572227,0.585281,0.484935
difficulty,PFP,369,369-8,0.032378,0.466667,0.45,0.391667,0.841667,0.666667,0.0,0.008333,0.556161,0.540579,0.490391
difficulty,PFP,369,369-9,1.926765,0.0,0.0,0.55,0.55,0.0,0.233333,0.0,0.79871,0.382451,1.434815
difficulty,PFP,369,369-10,0.841279,0.625,0.358333,0.558333,0.916667,0.65,0.016667,0.0,0.652638,0.553357,0.667331
difficulty,PFP,369,369-11,-3.155046,0.0,0.0,0.0,0.0,0.0,0.0,1.0,0.108499,0.123145,2.131922
difficulty,PFP,369,369-12,-0.487376,0.425,0.55,0.133333,0.683333,0.683333,0.0,0.075,0.462258,0.581448,0.423598
difficulty,PFP,369,369-13,0.128524,0.491667,0.475,0.383333,0.858333,0.733333,0.0,0.0,0.554407,0.611184,0.481779
difficulty,PFP,369,369-14,-2.890421,0.0,0.0,0.0,0.0,0.0,0.0,1.0,0.131277,0.364756,1.967493
difficulty,PFP,369,369-15,-2.602773,0.0,0.0,0.0,0.0,0.0,0.0,1.0,0.168533,0.231541,1.639304
difficulty,PFP,369,369-16,0.18643,0.483333,0.525,0.358333,0.883333,0.741667,0.0,0.0,0.561531,0.60132,0.464249
difficulty,PFP,369,369-17,-1.667763,0.0,0.075,0.0,0.075,0.075,0.0,0.541667,0.281326,0.509071,0.989447
difficulty,PFP,369,369-18,1.434687,0.433333,0.0,0.775,0.775,0.433333,0.083333,0.0,0.727666,0.50213,1.024618
difficulty,PFP,369,369-19,-0.661515,0.416667,0.491667,0.141667,0.633333,0.625,0.0,0.125,0.456792,0.490113,0.45869
difficulty,PFP,369,369-20,-0.158063,0.441667,0.516667,0.258333,0.775,0.716667,0.0,0.016667,0.510929,0.590726,0.414909
difficulty,PFP,369,369-21,1.071875,0.508333,0.183333,0.583333,0.766667,0.508333,0.05,0.0,0.69616,0.496919,0.882658
difficulty,PFP,369,369-22,-0.335319,0.458333,0.558333,0.166667,0.725,0.7,0.0,0.008333,0.485834,0.550239,0.385241
difficulty,PFP,369,369-23,1.114239,0.525,0.15,0.658333,0.808333,0.525,0.066667,0.0,0.704856,0.463566,0.916548
difficulty,PFP,369,369-24,-0.500427,0.458333,0.533333,0.191667,0.725,0.7,0.0,0.066667,0.485889,0.488636,0.441871
difficulty,PFP,369,369-25,-0.467771,0.375,0.458333,0.15,0.608333,0.591667,0.0,0.15,0.451856,0.655599,0.480358
difficulty,PFP,369,369-26,1.125826,0.433333,0.091667,0.658333,0.75,0.433333,0.058333,0.0,0.717579,0.41445,0.978609
difficulty,PFP,369,369-27,-0.43343,0.408333,0.466667,0.216667,0.683333,0.666667,0.0,0.066667,0.479919,0.552442,0.445274
difficulty,PFP,369,369-28,-1.038158,0.191667,0.416667,0.008333,0.425,0.425,0.0,0.283333,0.376226,0.57726,0.604678
difficulty,PFP,369,369-29,0.22191,0.5,0.558333,0.35,0.908333,0.783333,0.0,0.0,0.555747,0.629786,0.430501
difficulty,PFP,369,369-30,0.488949,0.525,0.425,0.516667,0.941667,0.708333,0.0,0.0,0.623217,0.511811,0.599974
difficulty,PFP,369,369-31,-0.099903,0.491667,0.55,0.275,0.825,0.766667,0.0,0.0,0.522486,0.560278,0.404387
difficulty,PFP,369,369-32,-0.424318,0.466667,0.558333,0.158333,0.716667,0.716667,0.0,0.058333,0.476906,0.530124,0.404914
difficulty,PFP,369,369-33,-1.962954,0.0,0.0,0.0,0.0,0.0,0.0,0.783333,0.227437,0.535903,1.28168
difficulty,PFP,369,369-34,-0.578553,0.358333,0.525,0.116667,0.641667,0.641667,0.0,0.133333,0.446161,0.600419,0.459953
difficulty,PFP,369,369-35,-0.138219,0.391667,0.458333,0.308333,0.766667,0.633333,0.0,0.041667,0.517467,0.628964,0.501055
difficulty,PFP,369,369-36,-0.55189,0.391667,0.5,0.15,0.65,0.641667,0.0,0.091667,0.463644,0.529821,0.43779
difficulty,PFP,369,369-37,0.626275,0.508333,0.45,0.466667,0.916667,0.683333,0.025,0.0,0.627414,0.572782,0.61032
difficulty,PFP,369,369-38,-0.013418,0.483333,0.525,0.316667,0.841667,0.766667,0.0,0.008333,0.529239,0.597841,0.413156
difficulty,PFP,369,369-39,0.367813,0.491667,0.5,0.416667,0.916667,0.741667,0.0,0.0,0.584996,0.611083,0.50275
difficulty,PFP,369,369-40,0.511879,0.525,0.366667,0.558333,0.925,0.658333,0.008333,0.0,0.644095,0.441063,0.671675
difficulty,PFP,369,369-41,-0.60238,0.333333,0.5,0.116667,0.616667,0.616667,0.0,0.141667,0.441942,0.589586,0.454125
difficulty,PFP,369,369-42,-0.545278,0.45,0.516667,0.191667,0.708333,0.708333,0.0,0.091667,0.472775,0.476759,0.420957
difficulty,PFP,369,369-43,-1.148539,0.125,0.441667,0.0,0.441667,0.441667,0.0,0.325,0.368386,0.507011,0.602814
difficulty,PFP,369,369-44,-0.64239,0.308333,0.458333,0.108333,0.566667,0.566667,0.0,0.125,0.434609,0.575315,0.455355
difficulty,PFP,369,369-45,-0.123988,0.491667,0.533333,0.341667,0.875,0.775,0.0,0.008333,0.539541,0.490909,0.442104
difficulty,PFP,369,369-46,0.446608,0.516667,0.458333,0.483333,0.941667,0.716667,0.008333,0.0,0.615791,0.514662,0.57888
difficulty,PFP,369,369-47,-0.857714,0.291667,0.466667,0.05,0.516667,0.516667,0.0,0.225,0.409307,0.537877,0.513248
difficulty,PFP,369,369-48,0.029596,0.491667,0.5,0.358333,0.858333,0.75,0.0,0.0,0.545503,0.558087,0.441069
difficulty,PFP,369,369-49,-1.521616,0.008333,0.241667,0.0,0.241667,0.241667,0.0,0.45,0.308488,0.483393,0.851892
difficulty,PFP,369,369-50,-1.174665,0.116667,0.441667,0.0,0.441667,0.441667,0.0,0.316667,0.371325,0.452724,0.585844
difficulty,PFP,369,369-51,0.216574,0.516667,0.491667,0.383333,0.875,0.716667,0.0,0.0,0.570289,0.586799,0.493654
difficulty,PFP,369,369-52,1.454491,0.408333,0.0,0.733333,0.733333,0.408333,0.108333,0.0,0.735987,0.477405,1.073195
difficulty,PFP,369,369-53,0.726874,0.566667,0.35,0.533333,0.883333,0.625,0.008333,0.0,0.656372,0.481303,0.696737
difficulty,PFP,369,369-54,-0.642818,0.416667,0.475,0.133333,0.608333,0.608333,0.0,0.133333,0.450554,0.540459,0.469669
difficulty,PFP,369,369-55,0.861417,0.6,0.35,0.558333,0.908333,0.616667,0.041667,0.0,0.661636,0.529361,0.715309
difficulty,PFP,369,369-56,0.15782,0.508333,0.483333,0.441667,0.925,0.733333,0.0,0.0,0.584617,0.478339,0.511512
difficulty,PFP,369,369-57,-0.616591,0.366667,0.533333,0.15,0.683333,0.683333,0.0,0.091667,0.461627,0.492002,0.438801
difficulty,PFP,369,369-58,-1.032616,0.275,0.616667,0.0,0.616667,0.616667,0.0,0.166667,0.421794,0.328754,0.411274
difficulty,PFP,369,369-59,0.092656,0.5,0.475,0.4,0.875,0.716667,0.0,0.0,0.562841,0.553299,0.493665
difficulty,PFP,369,369-60,-0.398194,0.391667,0.483333,0.166667,0.65,0.625,0.0,0.1,0.469785,0.62434,0.453371
difficulty,PFP,369,369-61,-1.820899,0.0,0.008333,0.0,0.008333,0.008333,0.0,0.625,0.259968,0.474113,1.095904
difficulty,PFP,369,369-62,0.172438,0.6,0.483333,0.458333,0.941667,0.808333,0.0,0.0,0.58476,0.470597,0.47596
difficulty,PFP,369,369-63,-1.604932,0.0,0.166667,0.0,0.166667,0.166667,0.0,0.441667,0.303402,0.418355,0.872622
difficulty,PFP,369,369-64,-0.547018,0.366667,0.516667,0.1,0.616667,0.616667,0.0,0.116667,0.447846,0.595431,0.438991
difficulty,PFP,369,369-65,0.849584,0.575,0.325,0.541667,0.866667,0.6,0.05,0.0,0.667814,0.501693,0.748975
difficulty,PFP,369,369-66,-0.917635,0.308333,0.558333,0.025,0.583333,0.583333,0.0,0.191667,0.422917,0.428195,0.459376
difficulty,PFP,369,369-67,1.020256,0.475,0.183333,0.625,0.808333,0.483333,0.041667,0.0,0.69955,0.455773,0.896756
difficulty,PFP,369,369-68,0.653268,0.583333,0.325,0.616667,0.941667,0.633333,0.0,0.0,0.650901,0.458711,0.665773
difficulty,PFP,369,369-69,-1.243689,0.075,0.3,0.0,0.3,0.3,0.0,0.416667,0.331855,0.623678,0.768551
difficulty,PFP,369,369-70,1.151157,0.466667,0.083333,0.708333,0.791667,0.466667,0.066667,0.0,0.716112,0.434166,0.969001
difficulty,PFP,369,369-71,-0.469619,0.408333,0.5,0.175,0.675,0.65,0.0,0.091667,0.471673,0.561403,0.443688
difficulty,PFP,369,369-72,-0.662576,0.391667,0.466667,0.158333,0.625,0.625,0.0,0.125,0.453824,0.507013,0.468921
difficulty,PFP,369,369-73,0.43348,0.533333,0.441667,0.458333,0.9,0.683333,0.0,0.0,0.612333,0.524534,0.567904
difficulty,PFP,369,369-74,1.53104,0.275,0.0,0.675,0.675,0.275,0.158333,0.0,0.758906,0.41023,1.198353
difficulty,PFP,369,369-75,0.597911,0.65,0.5,0.483333,0.983333,0.775,0.0,0.0,0.609597,0.60594,0.494034
difficulty,PFP,369,369-76,0.068143,0.458333,0.466667,0.375,0.841667,0.675,0.0,0.0,0.551463,0.591304,0.484453
difficulty,PFP,369,369-77,0.518152,0.491667,0.433333,0.483333,0.916667,0.683333,0.0,0.0,0.623333,0.530324,0.605534
difficulty,PFP,369,369-78,0.768912,0.558333,0.366667,0.516667,0.883333,0.616667,0.016667,0.0,0.654868,0.528262,0.695214
difficulty,PFP,369,369-79,2.208458,0.0,0.0,0.325,0.325,0.0,0.35,0.0,0.831402,0.328474,1.652266
difficulty,PFP,369,369-80,0.609541,0.566667,0.433333,0.491667,0.925,0.7,0.0,0.0,0.630953,0.5229,0.594758
difficulty,PFP,369,369-81,0.102991,0.483333,0.5,0.4,0.9,0.75,0.0,0.0,0.564959,0.530335,0.475278
difficulty,PFP,369,369-82,1.185387,0.45,0.058333,0.708333,0.766667,0.45,0.066667,0.0,0.720535,0.42946,0.99061
difficulty,PFP,369,369-83,-0.666769,0.333333,0.491667,0.1,0.591667,0.591667,0.0,0.141667,0.436406,0.564277,0.469589
difficulty,PFP,369,369-84,1.195109,0.558333,0.125,0.7,0.825,0.558333,0.033333,0.0,0.702168,0.507737,0.898471
difficulty,PFP,369,369-85,2.089352,0.0,0.0,0.541667,0.541667,0.0,0.233333,0.0,0.808962,0.386265,1.485482
difficulty,PFP,369,369-86,-0.859006,0.3,0.475,0.05,0.525,0.525,0.0,0.208333,0.407533,0.5868,0.534672
difficulty,PFP,369,369-87,0.806216,0.683333,0.4,0.566667,0.966667,0.716667,0.0,0.0,0.639934,0.584054,0.604406
difficulty,PFP,369,369-88,0.84898,0.608333,0.325,0.616667,0.941667,0.65,0.016667,0.0,0.660827,0.52601,0.713787
difficulty,PFP,369,369-89,-1.191223,0.141667,0.375,0.0,0.375,0.375,0.0,0.333333,0.359713,0.533139,0.655768
difficulty,PFP,369,369-90,-2.083709,0.0,0.0,0.0,0.0,0.0,0.0,0.9,0.220963,0.452687,1.319865
difficulty,PFP,369,369-91,2.871627,0.0,0.0,0.0,0.0,0.0,1.0,0.0,0.882072,0.260998,2.044547
difficulty,PFP,369,369-92,-2.061716,0.0,0.0,0.0,0.0,0.0,0.0,0.891667,0.219615,0.463851,1.320143
difficulty,PFP,369,369-93,1.454118,0.383333,0.0,0.716667,0.716667,0.383333,0.1,0.0,0.740812,0.457598,1.099476
difficulty,PFP,369,369-94,1.793163,0.033333,0.0,0.541667,0.541667,0.033333,0.266667,0.0,0.792711,0.354386,1.391935
difficulty,PFP,369,369-95,-1.086711,0.1,0.366667,0.0,0.366667,0.366667,0.0,0.375,0.36014,0.600711,0.649331
difficulty,PFP,369,369-96,-0.429271,0.383333,0.483333,0.158333,0.641667,0.625,0.0,0.133333,0.456934,0.670449,0.479659
difficulty,PFP,369,369-97,-1.847038,0.0,0.008333,0.0,0.008333,0.008333,0.0,0.633333,0.261748,0.405767,1.082187
difficulty,PFP,369,369-98,-0.573374,0.391667,0.483333,0.15,0.633333,0.633333,0.0,0.1,0.457488,0.547181,0.445676
difficulty,PFP,369,369-99,-2.606954,0.0,0.0,0.0,0.0,0.0,0.0,1.0,0.161559,0.326658,1.696169
difficulty,PFP,369,369-100,2.447595,0.0,0.0,0.05,0.05,0.0,0.366667,0.0,0.846612,0.322966,1.749296
difficulty,PFP,369,369-101,-0.774114,0.308333,0.491667,0.075,0.566667,0.566667,0.0,0.191667,0.419281,0.562158,0.499835
difficulty,PFP,369,369-102,-0.419893,0.491667,0.55,0.216667,0.766667,0.741667,0.0,0.05,0.495548,0.467547,0.415189
difficulty,PFP,369,369-103,-2.045843,0.0,0.0,0.0,0.0,0.0,0.0,0.825,0.228064,0.415919,1.270445
difficulty,PFP,369,369-104,0.862104,0.575,0.35,0.55,0.9,0.625,0.008333,0.0,0.658226,0.550575,0.704777
difficulty,PFP,369,369-105,0.328284,0.575,0.541667,0.433333,0.975,0.808333,0.0,0.0,0.587031,0.551875,0.466015
difficulty,PFP,369,369-106,1.034031,0.508333,0.208333,0.575,0.783333,0.508333,0.075,0.0,0.701263,0.455217,0.908645
difficulty,PFP,369,369-107,0.175197,0.45,0.508333,0.425,0.933333,0.758333,0.0,0.0,0.571746,0.544388,0.48504
difficulty,PFP,369,369-108,-0.222364,0.483333,0.525,0.283333,0.808333,0.733333,0.0,0.016667,0.51934,0.512763,0.439996
difficulty,PFP,369,369-109,-0.133694,0.441667,0.483333,0.291667,0.775,0.683333,0.0,0.033333,0.516451,0.600127,0.450932
difficulty,PFP,369,369-110,1.801781,0.075,0.0,0.533333,0.533333,0.075,0.266667,0.0,0.796594,0.353519,1.424204
difficulty,PFP,369,369-111,0.499768,0.541667,0.4,0.541667,0.941667,0.658333,0.008333,0.0,0.631402,0.475466,0.617445
difficulty,PFP,369,369-112,-1.014326,0.15,0.383333,0.016667,0.4,0.4,0.0,0.291667,0.375501,0.594871,0.595843
difficulty,PFP,369,369-113,0.3677,0.491667,0.441667,0.458333,0.9,0.7,0.0,0.0,0.597811,0.55333,0.555588
difficulty,PFP,369,369-114,0.269233,0.525,0.45,0.475,0.925,0.733333,0.0,0.0,0.582609,0.563235,0.514353
difficulty,PFP,369,369-115,-0.678598,0.283333,0.491667,0.066667,0.558333,0.558333,0.0,0.166667,0.425755,0.613101,0.482731
difficulty,PFP,369,369-116,-0.072946,0.5,0.525,0.308333,0.833333,0.783333,0.0,0.016667,0.518084,0.606212,0.397783
difficulty,PFP,369,369-117,-0.994879,0.258333,0.475,0.016667,0.491667,0.491667,0.0,0.25,0.399894,0.497016,0.543051
difficulty,PFP,369,369-118,0.93942,0.575,0.3,0.541667,0.841667,0.575,0.041667,0.0,0.677018,0.514708,0.787046
difficulty,PFP,369,369-119,0.77847,0.583333,0.333333,0.541667,0.875,0.608333,0.041667,0.0,0.663968,0.481846,0.731669
difficulty,PFP,369,369-120,-1.518781,0.0,0.183333,0.0,0.183333,0.183333,0.0,0.458333,0.301527,0.522187,0.883126
difficulty,PFP,369,369-121,-1.423723,0.058333,0.291667,0.0,0.291667,0.291667,0.0,0.391667,0.330916,0.460041,0.753221
difficulty,PFP,369,369-122,0.978785,0.583333,0.241667,0.633333,0.875,0.583333,0.033333,0.0,0.682942,0.489269,0.808643
difficulty,PFP,369,369-123,1.339497,0.416667,0.05,0.691667,0.741667,0.416667,0.1,0.0,0.732974,0.451598,1.062392
difficulty,PFP,369,369-124,-2.13659,0.0,0.0,0.0,0.0,0.0,0.0,0.808333,0.22509,0.411539,1.299708
difficulty,PFP,369,369-125,1.078108,0.55,0.2,0.65,0.85,0.55,0.025,0.0,0.691097,0.506125,0.848723
difficulty,PFP,369,369-126,0.699484,0.566667,0.375,0.55,0.925,0.641667,0.008333,0.0,0.644263,0.52701,0.651982
difficulty,PFP,369,369-127,1.275301,0.425,0.066667,0.675,0.741667,0.425,0.125,0.0,0.72798,0.458247,1.050221
difficulty,PFP,369,369-128,0.425079,0.6,0.541667,0.441667,0.983333,0.783333,0.0,0.0,0.600413,0.539408,0.487641
difficulty,PFP,369,369-129,1.955968,0.0,0.0,0.566667,0.566667,0.0,0.25,0.0,0.799044,0.391491,1.437033
difficulty,PFP,369,369-130,0.703888,0.541667,0.391667,0.525,0.916667,0.683333,0.016667,0.0,0.639151,0.55813,0.636899
difficulty,PFP,369,369-131,0.513951,0.525,0.425,0.491667,0.916667,0.691667,0.0,0.0,0.617713,0.551063,0.586425
difficulty,PFP,369,369-132,0.491925,0.575,0.466667,0.508333,0.975,0.75,0.0,0.0,0.614692,0.529763,0.543665
difficulty,PFP,369,369-133,-1.561684,0.0,0.1,0.0,0.1,0.1,0.0,0.508333,0.292125,0.512607,0.931801
difficulty,PFP,369,369-134,0.245354,0.491667,0.491667,0.366667,0.858333,0.725,0.0,0.0,0.562955,0.650639,0.48419
difficulty,PFP,369,369-135,2.197761,0.0,0.0,0.375,0.375,0.0,0.325,0.0,0.830086,0.33101,1.647549
difficulty,PFP,369,369-136,1.47046,0.375,0.0,0.741667,0.741667,0.375,0.1,0.0,0.740698,0.45923,1.091878
difficulty,PFP,369,369-137,-0.726608,0.35,0.441667,0.083333,0.525,0.525,0.0,0.166667,0.427724,0.5829,0.503797
difficulty,PFP,369,369-138,1.069092,0.575,0.225,0.608333,0.833333,0.575,0.041667,0.0,0.684791,0.537557,0.820065
difficulty,PFP,369,369-139,0.504925,0.5,0.45,0.508333,0.958333,0.725,0.0,0.0,0.61462,0.546767,0.569902
difficulty,PFP,369,369-140,-1.515391,0.016667,0.233333,0.0,0.233333,0.233333,0.0,0.416667,0.313842,0.437999,0.826853
difficulty,PFP,369,369-141,-0.557669,0.375,0.475,0.15,0.625,0.616667,0.0,0.108333,0.453784,0.58079,0.456266
difficulty,PFP,369,369-142,-1.805564,0.0,0.033333,0.0,0.033333,0.033333,0.0,0.583333,0.270341,0.38431,1.034345
difficulty,PFP,369,369-143,1.00057,0.533333,0.216667,0.608333,0.825,0.533333,0.05,0.0,0.691982,0.476048,0.856411
difficulty,PFP,369,369-144,-0.293508,0.4,0.541667,0.183333,0.725,0.691667,0.0,0.041667,0.483583,0.611204,0.409367
difficulty,PFP,369,369-145,-1.197497,0.116667,0.408333,0.0,0.408333,0.408333,0.0,0.308333,0.359043,0.506603,0.637313
difficulty,PFP,369,369-146,0.355825,0.5,0.45,0.475,0.925,0.716667,0.0,0.0,0.589127,0.584006,0.524077
difficulty,PFP,369,369-147,0.060891,0.491667,0.475,0.4,0.875,0.708333,0.0,0.0,0.558067,0.544302,0.473706
difficulty,PFP,369,369-148,-0.734187,0.366667,0.541667,0.058333,0.6,0.6,0.0,0.166667,0.437868,0.505978,0.453176
difficulty,PFP,369,369-149,1.042388,0.508333,0.191667,0.6,0.791667,0.508333,0.033333,0.0,0.698013,0.470306,0.883031
difficulty,PFP,369,369-150,0.567493,0.525,0.391667,0.558333,0.95,0.666667,0.008333,0.0,0.637782,0.473585,0.628745
difficulty,PFP,369,369-151,-0.326013,0.45,0.466667,0.258333,0.725,0.683333,0.0,0.066667,0.49757,0.551788,0.454012
difficulty,PFP,369,369-152,0.159952,0.533333,0.525,0.358333,0.883333,0.766667,0.0,0.0,0.556697,0.594834,0.450785
difficulty,PFP,369,369-153,1.172015,0.475,0.175,0.583333,0.758333,0.475,0.1,0.0,0.71602,0.46375,0.985185
difficulty,PFP,369,369-154,-2.277682,0.0,0.0,0.0,0.0,0.0,0.0,0.983333,0.204017,0.389614,1.422314
difficulty,PFP,369,369-155,1.339122,0.45,0.041667,0.725,0.766667,0.45,0.116667,0.0,0.723231,0.489939,1.010648
difficulty,PFP,369,369-156,-0.957434,0.316667,0.583333,0.008333,0.591667,0.591667,0.0,0.183333,0.418591,0.428252,0.472498
difficulty,PFP,369,369-157,-0.400505,0.466667,0.541667,0.225,0.766667,0.733333,0.0,0.025,0.500338,0.466175,0.409728
difficulty,PFP,369,369-158,0.853967,0.6,0.308333,0.608333,0.916667,0.616667,0.0,0.0,0.663696,0.501085,0.713537
difficulty,PFP,369,369-159,-0.344609,0.416667,0.466667,0.233333,0.7,0.65,0.0,0.075,0.490308,0.574225,0.458292
difficulty,PFP,369,369-160,1.494031,0.383333,0.0,0.75,0.75,0.383333,0.125,0.0,0.741373,0.461955,1.096149
difficulty,PFP,369,369-161,-0.807596,0.241667,0.483333,0.025,0.508333,0.508333,0.0,0.225,0.409392,0.575835,0.506334
difficulty,PFP,369,369-162,-0.239289,0.466667,0.491667,0.275,0.766667,0.7,0.0,0.033333,0.510762,0.541713,0.437096
difficulty,PFP,369,369-163,-2.746209,0.0,0.0,0.0,0.0,0.0,0.0,1.0,0.145062,0.266952,1.817788
difficulty,PFP,369,369-164,1.19522,0.466667,0.108333,0.658333,0.766667,0.466667,0.083333,0.0,0.715886,0.463239,0.978558
difficulty,PFP,369,369-165,-1.211251,0.133333,0.433333,0.0,0.433333,0.433333,0.0,0.333333,0.364029,0.506928,0.626464
difficulty,PFP,369,369-166,1.643909,0.191667,0.0,0.658333,0.658333,0.191667,0.191667,0.0,0.767262,0.424745,1.254802
difficulty,PFP,369,369-167,0.721479,0.508333,0.35,0.541667,0.891667,0.625,0.025,0.0,0.65483,0.512851,0.707839
difficulty,PFP,369,369-168,1.403925,0.475,0.008333,0.733333,0.741667,0.475,0.1,0.0,0.725997,0.509222,1.026405
difficulty,PFP,369,369-169,-0.526088,0.358333,0.433333,0.2,0.633333,0.616667,0.0,0.1,0.462295,0.574032,0.473853
difficulty,PFP,369,369-170,0.524277,0.508333,0.4,0.508333,0.908333,0.666667,0.016667,0.0,0.637083,0.477577,0.6531
difficulty,PFP,369,369-171,-0.449724,0.45,0.508333,0.225,0.733333,0.708333,0.0,0.091667,0.485571,0.518988,0.455559
difficulty,PFP,369,369-172,-0.098782,0.475,0.533333,0.3,0.833333,0.725,0.0,0.008333,0.531502,0.548707,0.448525
difficulty,PFP,369,369-173,0.053851,0.533333,0.458333,0.45,0.908333,0.758333,0.0,0.0,0.569632,0.469202,0.470595
difficulty,PFP,369,369-174,0.199838,0.45,0.433333,0.4,0.833333,0.658333,0.0,0.0,0.562351,0.634462,0.520635
difficulty,PFP,369,369-175,-0.54819,0.383333,0.5,0.133333,0.633333,0.633333,0.0,0.125,0.453632,0.567189,0.437479
difficulty,PFP,369,369-176,0.356066,0.508333,0.483333,0.433333,0.916667,0.683333,0.0,0.0,0.604778,0.526409,0.560408
difficulty,PFP,369,369-177,1.05976,0.508333,0.175,0.641667,0.816667,0.508333,0.075,0.0,0.700536,0.467269,0.899488
difficulty,PFP,369,369-178,-0.585372,0.366667,0.516667,0.125,0.641667,0.641667,0.0,0.125,0.450931,0.552012,0.436846
difficulty,PFP,369,369-179,-1.391402,0.025,0.241667,0.0,0.241667,0.241667,0.0,0.483333,0.308448,0.64586,0.867975
difficulty,PFP,369,369-180,0.254504,0.483333,0.516667,0.441667,0.958333,0.766667,0.0,0.0,0.574607,0.56163,0.466909
difficulty,PFP,369,369-181,0.227448,0.541667,0.525,0.425,0.95,0.816667,0.0,0.0,0.575062,0.557445,0.472526
difficulty,PFP,369,369-182,0.533,0.533333,0.425,0.516667,0.941667,0.666667,0.008333,0.0,0.627828,0.503228,0.602353
difficulty,PFP,369,369-183,0.016653,0.45,0.508333,0.341667,0.85,0.7,0.0,0.0,0.545365,0.575454,0.480731
difficulty,PFP,369,369-184,-0.127383,0.458333,0.45,0.316667,0.766667,0.7,0.0,0.033333,0.519909,0.60027,0.459838
difficulty,PFP,369,369-185,-1.489992,0.0,0.233333,0.0,0.233333,0.233333,0.0,0.425,0.318799,0.467905,0.805532
difficulty,PFP,369,369-186,-0.581476,0.391667,0.475,0.175,0.65,0.641667,0.0,0.108333,0.460197,0.547389,0.476748
difficulty,PFP,369,369-187,-0.244752,0.433333,0.5,0.258333,0.758333,0.691667,0.0,0.041667,0.505109,0.57309,0.451678
difficulty,PFP,369,369-188,-0.858205,0.25,0.491667,0.025,0.516667,0.516667,0.0,0.191667,0.405337,0.566134,0.503675
difficulty,PFP,369,369-189,0.12465,0.475,0.483333,0.366667,0.85,0.716667,0.0,0.0,0.552469,0.601143,0.459336
difficulty,PFP,369,369-190,0.378446,0.516667,0.5,0.391667,0.891667,0.75,0.008333,0.0,0.590359,0.59815,0.523842
difficulty,PFP,369,369-191,0.139139,0.483333,0.5,0.375,0.875,0.75,0.0,0.0,0.550587,0.623022,0.457242
difficulty,PFP,369,369-192,-0.411408,0.441667,0.491667,0.258333,0.75,0.716667,0.0,0.058333,0.496394,0.497636,0.445771
difficulty,PFP,369,369-193,0.001881,0.45,0.475,0.35,0.825,0.675,0.0,0.0,0.543517,0.575014,0.485241
difficulty,PFP,369,369-194,0.438737,0.508333,0.491667,0.458333,0.95,0.741667,0.0,0.0,0.60656,0.548623,0.542778
difficulty,PFP,369,369-195,-2.863164,0.0,0.0,0.0,0.0,0.0,0.0,1.0,0.139008,0.17059,1.859437
difficulty,PFP,369,369-196,-0.392589,0.45,0.566667,0.133333,0.7,0.683333,0.0,0.058333,0.472791,0.582826,0.412526
difficulty,PFP,369,369-197,-1.7188,0.0,0.091667,0.0,0.091667,0.091667,0.0,0.508333,0.291631,0.368662,0.926285
difficulty,PFP,369,369-198,0.501067,0.525,0.483333,0.5,0.983333,0.733333,0.0,0.0,0.606293,0.571363,0.522255
difficulty,PFP,369,369-199,-2.175564,0.0,0.0,0.0,0.0,0.0,0.0,0.808333,0.225408,0.420411,1.311981
difficulty,PFP,1024,1024-0,-0.453679,0.416667,0.483333,0.208333,0.691667,0.658333,0.0,0.091667,0.481295,0.532043,0.444069
difficulty,PFP,1024,1024-1,-0.139218,0.458333,0.541667,0.316667,0.858333,0.766667,0.0,0.008333,0.527095,0.527314,0.432561
difficulty,PFP,1024,1024-2,2.417348,0.0,0.0,0.083333,0.083333,0.0,0.366667,0.0,0.847339,0.312972,1.761916
difficulty,PFP,1024,1024-3,0.083214,0.508333,0.5,0.4,0.9,0.758333,0.0,0.0,0.559069,0.53755,0.452026
difficulty,PFP,1024,1024-4,1.48629,0.283333,0.0,0.658333,0.658333,0.283333,0.15,0.0,0.756751,0.413069,1.192551
difficulty,PFP,1024,1024-5,0.45974,0.516667,0.391667,0.525,0.916667,0.683333,0.008333,0.0,0.635792,0.442416,0.645022
difficulty,PFP,1024,1024-6,-0.213213,0.475,0.458333,0.3,0.758333,0.691667,0.0,0.033333,0.515176,0.555118,0.456579
difficulty,PFP,1024,1024-7,-0.65551,0.358333,0.541667,0.066667,0.608333,0.608333,0.0,0.133333,0.444204,0.52238,0.446054
difficulty,PFP,1024,1024-8,-0.363281,0.375,0.516667,0.175,0.691667,0.675,0.0,0.075,0.474885,0.612708,0.421501
difficulty,PFP,1024,1024-9,0.450501,0.558333,0.441667,0.508333,0.95,0.7,0.008333,0.0,0.624618,0.470174,0.589499
difficulty,PFP,1024,1024-10,-1.466925,0.033333,0.333333,0.0,0.333333,0.333333,0.0,0.408333,0.330508,0.475304,0.764042
difficulty,PFP,1024,1024-11,-0.372172,0.408333,0.475,0.208333,0.683333,0.666667,0.0,0.108333,0.475116,0.629893,0.463484
difficulty,PFP,1024,1024-12,1.562737,0.283333,0.0,0.675,0.675,0.283333,0.15,0.0,0.760132,0.421465,1.205434
difficulty,PFP,1024,1024-13,0.762199,0.533333,0.325,0.558333,0.883333,0.575,0.033333,0.0,0.667304,0.467701,0.747096
difficulty,PFP,1024,1024-14,0.246562,0.55,0.516667,0.441667,0.958333,0.791667,0.0,0.0,0.581753,0.536209,0.478909
difficulty,PFP,1024,1024-15,-0.340309,0.35,0.475,0.208333,0.683333,0.616667,0.0,0.083333,0.477142,0.641229,0.473453
difficulty,PFP,1024,1024-16,-0.891364,0.216667,0.441667,0.008333,0.45,0.45,0.0,0.291667,0.384391,0.644795,0.578347
difficulty,PFP,1024,1024-17,2.037654,0.0,0.0,0.533333,0.533333,0.0,0.25,0.0,0.809075,0.374061,1.496847
difficulty,PFP,1024,1024-18,0.591213,0.533333,0.45,0.491667,0.941667,0.691667,0.016667,0.0,0.623886,0.569207,0.599003
difficulty,PFP,1024,1024-19,-1.030628,0.216667,0.508333,0.0,0.508333,0.508333,0.0,0.241667,0.397713,0.464696,0.527091
difficulty,PFP,1024,1024-20,-0.837841,0.191667,0.458333,0.033333,0.491667,0.491667,0.0,0.225,0.396919,0.620289,0.532297
difficulty,PFP,1024,1024-21,-0.519407,0.416667,0.508333,0.141667,0.65,0.641667,0.0,0.091667,0.465007,0.536538,0.4348
difficulty,PFP,1024,1024-22,-0.45672,0.425,0.516667,0.2,0.716667,0.675,0.0,0.1,0.484388,0.523438,0.452384
difficulty,PFP,1024,1024-23,0.597314,0.566667,0.475,0.466667,0.941667,0.741667,0.008333,0.0,0.620063,0.586375,0.574057
difficulty,PFP,1024,1024-24,1.160834,0.483333,0.175,0.608333,0.783333,0.483333,0.091667,0.0,0.704239,0.507719,0.921873
difficulty,PFP,1024,1024-25,-0.094463,0.508333,0.508333,0.333333,0.841667,0.766667,0.0,0.0,0.534695,0.505338,0.414946
difficulty,PFP,1024,1024-26,1.098646,0.558333,0.2,0.641667,0.841667,0.558333,0.033333,0.0,0.691312,0.515932,0.851164
difficulty,PFP,1024,1024-27,-1.234635,0.05,0.383333,0.0,0.383333,0.383333,0.0,0.35,0.353487,0.48675,0.646504
difficulty,PFP,1024,1024-28,0.524817,0.533333,0.516667,0.45,0.966667,0.75,0.0,0.0,0.607622,0.587299,0.532909
difficulty,PFP,1024,1024-29,0.662467,0.6,0.458333,0.466667,0.925,0.716667,0.008333,0.0,0.627476,0.583336,0.581786
difficulty,PFP,1024,1024-30,1.173854,0.516667,0.141667,0.683333,0.825,0.516667,0.05,0.0,0.704461,0.492388,0.9109
difficulty,PFP,1024,1024-31,1.003531,0.558333,0.258333,0.558333,0.816667,0.558333,0.066667,0.0,0.683007,0.531126,0.820105
difficulty,PFP,1024,1024-32,0.949154,0.691667,0.333333,0.575,0.908333,0.708333,0.016667,0.0,0.648449,0.643422,0.646569
difficulty,PFP,1024,1024-33,-1.982724,0.0,0.0,0.0,0.0,0.0,0.0,0.741667,0.243543,0.38783,1.175744
difficulty,PFP,1024,1024-34,-0.512017,0.366667,0.516667,0.125,0.641667,0.641667,0.0,0.1,0.451649,0.598204,0.425697
difficulty,PFP,1024,1024-35,-1.617087,0.0,0.175,0.0,0.175,0.175,0.0,0.433333,0.307788,0.393118,0.853224
difficulty,PFP,1024,1024-36,-0.252073,0.433333,0.525,0.241667,0.766667,0.733333,0.0,0.041667,0.499773,0.573461,0.41569
difficulty,PFP,1024,1024-37,-1.935859,0.0,0.0,0.0,0.0,0.0,0.0,0.6,0.258086,0.346335,1.104344
difficulty,PFP,1024,1024-38,0.876777,0.541667,0.3,0.566667,0.866667,0.575,0.016667,0.0,0.673187,0.497609,0.767396
difficulty,PFP,1024,1024-39,-0.385024,0.466667,0.533333,0.225,0.758333,0.733333,0.0,0.066667,0.491357,0.524521,0.437449
difficulty,PFP,1024,1024-40,0.952162,0.541667,0.25,0.616667,0.866667,0.566667,0.033333,0.0,0.681209,0.487512,0.804422
difficulty,PFP,1024,1024-41,-0.694434,0.3,0.466667,0.133333,0.6,0.6,0.0,0.175,0.434029,0.593045,0.508042
difficulty,PFP,1024,1024-42,-0.121534,0.408333,0.483333,0.266667,0.75,0.658333,0.0,0.008333,0.51824,0.611128,0.467348
difficulty,PFP,1024,1024-43,0.806678,0.583333,0.3,0.625,0.925,0.616667,0.016667,0.0,0.667633,0.463861,0.738865
difficulty,PFP,1024,1024-44,-0.9207,0.241667,0.55,0.016667,0.566667,0.566667,0.0,0.2,0.416278,0.437791,0.455594
difficulty,PFP,1024,1024-45,-1.944503,0.0,0.0,0.0,0.0,0.0,0.0,0.691667,0.244475,0.453339,1.186059
difficulty,PFP,1024,1024-46,2.42525,0.0,0.0,0.108333,0.108333,0.0,0.383333,0.0,0.849584,0.305072,1.783397
difficulty,PFP,1024,1024-47,-1.629288,0.0,0.116667,0.0,0.116667,0.116667,0.0,0.508333,0.294991,0.455416,0.918234
difficulty,PFP,1024,1024-48,0.371418,0.491667,0.45,0.516667,0.966667,0.658333,0.0,0.0,0.613622,0.479903,0.574957
difficulty,PFP,1024,1024-49,0.901256,0.458333,0.25,0.558333,0.808333,0.5,0.083333,0.0,0.691433,0.454269,0.87704
difficulty,PFP,1024,1024-50,0.545248,0.55,0.475,0.458333,0.933333,0.733333,0.0,0.0,0.613234,0.583696,0.549194
difficulty,PFP,1024,1024-51,-1.769431,0.0,0.033333,0.0,0.033333,0.033333,0.0,0.566667,0.269717,0.445169,1.043305
difficulty,PFP,1024,1024-52,0.660271,0.525,0.375,0.525,0.9,0.625,0.016667,0.0,0.646068,0.496605,0.662515
difficulty,PFP,1024,1024-53,0.355437,0.633333,0.5,0.466667,0.966667,0.808333,0.0,0.0,0.596878,0.517692,0.49284
difficulty,PFP,1024,1024-54,0.715129,0.533333,0.35,0.558333,0.908333,0.641667,0.016667,0.0,0.648186,0.529739,0.682173
difficulty,PFP,1024,1024-55,-2.183124,0.0,0.0,0.0,0.0,0.0,0.0,0.841667,0.223684,0.327074,1.305039
difficulty,PFP,1024,1024-56,-0.067843,0.5,0.525,0.3,0.825,0.775,0.0,0.008333,0.525732,0.578534,0.425811
difficulty,PFP,1024,1024-57,-0.675636,0.408333,0.55,0.083333,0.633333,0.633333,0.0,0.141667,0.446994,0.505588,0.449451
difficulty,PFP,1024,1024-58,-1.359565,0.008333,0.316667,0.0,0.316667,0.316667,0.0,0.383333,0.336043,0.4639,0.716222
difficulty,PFP,1024,1024-59,-0.119658,0.458333,0.5,0.291667,0.791667,0.7,0.0,0.025,0.524284,0.564762,0.454282
difficulty,PFP,1024,1024-60,-1.509762,0.0,0.158333,0.0,0.158333,0.158333,0.0,0.491667,0.301587,0.525862,0.882108
difficulty,PFP,1024,1024-61,-0.053294,0.5,0.516667,0.358333,0.875,0.758333,0.0,0.0,0.545912,0.494137,0.438631
difficulty,PFP,1024,1024-62,-0.899341,0.266667,0.475,0.066667,0.541667,0.541667,0.0,0.225,0.415121,0.486097,0.509928
difficulty,PFP,1024,1024-63,-0.333747,0.475,0.491667,0.233333,0.725,0.7,0.0,0.041667,0.493717,0.531747,0.408679
difficulty,PFP,1024,1024-64,-0.226425,0.441667,0.483333,0.241667,0.725,0.675,0.0,0.041667,0.49424,0.628596,0.441767
difficulty,PFP,1024,1024-65,-1.99674,0.0,0.0,0.0,0.0,0.0,0.0,0.741667,0.243087,0.367989,1.186431
difficulty,PFP,1024,1024-66,-0.072562,0.525,0.483333,0.316667,0.8,0.716667,0.0,0.016667,0.526924,0.584756,0.445847
difficulty,PFP,1024,1024-67,0.486877,0.55,0.508333,0.466667,0.975,0.766667,0.0,0.0,0.602101,0.578339,0.505278
difficulty,PFP,1024,1024-68,-0.683814,0.325,0.5,0.075,0.575,0.575,0.0,0.158333,0.432737,0.55213,0.452298
difficulty,PFP,1024,1024-69,-0.028345,0.483333,0.491667,0.325,0.816667,0.716667,0.0,0.0,0.532902,0.568011,0.440555
difficulty,PFP,1024,1024-70,0.225393,0.558333,0.566667,0.391667,0.958333,0.825,0.0,0.0,0.568893,0.56241,0.442938
difficulty,PFP,1024,1024-71,0.272283,0.516667,0.516667,0.416667,0.933333,0.783333,0.0,0.0,0.571348,0.602543,0.460415
difficulty,PFP,1024,1024-72,-0.66278,0.358333,0.491667,0.091667,0.583333,0.583333,0.0,0.158333,0.439172,0.559854,0.465131
difficulty,PFP,1024,1024-73,-0.075206,0.441667,0.458333,0.366667,0.825,0.683333,0.0,0.0,0.538605,0.534636,0.467506
difficulty,PFP,1024,1024-74,-0.458991,0.416667,0.508333,0.166667,0.675,0.666667,0.0,0.091667,0.46517,0.60214,0.446386
difficulty,PFP,1024,1024-75,0.190854,0.55,0.508333,0.425,0.933333,0.775,0.0,0.0,0.572106,0.547857,0.473316
difficulty,PFP,1024,1024-76,2.172069,0.0,0.0,0.441667,0.441667,0.0,0.275,0.0,0.820007,0.359405,1.560919
difficulty,PFP,1024,1024-77,1.061123,0.541667,0.2,0.633333,0.833333,0.541667,0.058333,0.0,0.692916,0.513888,0.866701
difficulty,PFP,1024,1024-78,0.513334,0.533333,0.466667,0.458333,0.925,0.716667,0.008333,0.0,0.617805,0.544387,0.573068
difficulty,PFP,1024,1024-79,0.467789,0.466667,0.433333,0.491667,0.925,0.666667,0.008333,0.0,0.620239,0.509615,0.604141
difficulty,PFP,1024,1024-80,-0.119441,0.466667,0.491667,0.333333,0.825,0.758333,0.0,0.025,0.527264,0.5463,0.435028
difficulty,PFP,1024,1024-81,0.257175,0.55,0.458333,0.458333,0.916667,0.733333,0.0,0.0,0.598072,0.478757,0.534401
difficulty,PFP,1024,1024-82,0.520727,0.625,0.516667,0.475,0.991667,0.766667,0.0,0.0,0.607148,0.56768,0.494101
difficulty,PFP,1024,1024-83,0.275461,0.508333,0.45,0.458333,0.908333,0.7,0.0,0.0,0.59234,0.524273,0.534582
difficulty,PFP,1024,1024-84,2.118684,0.0,0.0,0.583333,0.583333,0.0,0.183333,0.0,0.805901,0.407354,1.464392
difficulty,PFP,1024,1024-85,-0.480852,0.441667,0.5,0.158333,0.658333,0.658333,0.0,0.066667,0.46592,0.55177,0.410071
difficulty,PFP,1024,1024-86,0.653347,0.591667,0.458333,0.483333,0.941667,0.741667,0.0,0.0,0.621458,0.608524,0.571893
difficulty,PFP,1024,1024-87,-0.620066,0.291667,0.458333,0.091667,0.55,0.541667,0.0,0.183333,0.429628,0.643461,0.479651
difficulty,PFP,1024,1024-88,0.843938,0.533333,0.283333,0.6,0.883333,0.575,0.016667,0.0,0.667739,0.500916,0.745416
difficulty,PFP,1024,1024-89,-0.260361,0.466667,0.5,0.266667,0.766667,0.725,0.0,0.041667,0.503857,0.563076,0.434543
difficulty,PFP,1024,1024-90,-1.307344,0.025,0.416667,0.0,0.416667,0.416667,0.0,0.333333,0.352292,0.443518,0.653211
difficulty,PFP,1024,1024-91,0.52292,0.541667,0.408333,0.5,0.908333,0.691667,0.016667,0.0,0.608687,0.614427,0.578175
difficulty,PFP,1024,1024-92,-0.040401,0.508333,0.541667,0.333333,0.875,0.783333,0.0,0.016667,0.537134,0.557133,0.423891
difficulty,PFP,1024,1024-93,-1.844562,0.0,0.008333,0.0,0.008333,0.008333,0.0,0.708333,0.250768,0.50949,1.142637
difficulty,PFP,1024,1024-94,0.138788,0.55,0.566667,0.358333,0.925,0.841667,0.0,0.0,0.544415,0.608859,0.400251
difficulty,PFP,1024,1024-95,0.282639,0.475,0.433333,0.433333,0.866667,0.675,0.0,0.0,0.586377,0.578643,0.55039
difficulty,PFP,1024,1024-96,0.365249,0.55,0.533333,0.425,0.958333,0.8,0.0,0.0,0.580957,0.601681,0.449126
difficulty,PFP,1024,1024-97,0.169047,0.475,0.508333,0.358333,0.866667,0.725,0.0,0.0,0.557192,0.606318,0.466188
difficulty,PFP,1024,1024-98,-1.388095,0.058333,0.283333,0.0,0.283333,0.283333,0.0,0.4,0.331509,0.476206,0.744357
difficulty,PFP,1024,1024-99,0.944657,0.55,0.25,0.583333,0.833333,0.558333,0.041667,0.0,0.68288,0.4853,0.814391
difficulty,PFP,1024,1024-100,0.052692,0.508333,0.525,0.341667,0.866667,0.758333,0.0,0.0,0.547069,0.568755,0.446988
difficulty,PFP,1024,1024-101,-0.434545,0.458333,0.508333,0.183333,0.691667,0.683333,0.0,0.066667,0.476756,0.533825,0.424324
difficulty,PFP,1024,1024-102,-0.314861,0.391667,0.533333,0.141667,0.675,0.658333,0.0,0.033333,0.470946,0.64149,0.406847
difficulty,PFP,1024,1024-103,0.09447,0.516667,0.475,0.458333,0.933333,0.758333,0.0,0.0,0.577414,0.454908,0.479843
difficulty,PFP,1024,1024-104,-0.276964,0.425,0.441667,0.275,0.716667,0.658333,0.0,0.025,0.503192,0.553277,0.453631
difficulty,PFP,1024,1024-105,1.162645,0.6,0.133333,0.725,0.858333,0.6,0.016667,0.0,0.68634,0.567463,0.818209
difficulty,PFP,1024,1024-106,0.252362,0.425,0.433333,0.458333,0.891667,0.633333,0.0,0.0,0.587195,0.554111,0.553919
difficulty,PFP,1024,1024-107,-0.848234,0.241667,0.441667,0.05,0.491667,0.491667,0.0,0.216667,0.406035,0.58509,0.53153
difficulty,PFP,1024,1024-108,0.229203,0.575,0.5,0.45,0.95,0.766667,0.0,0.0,0.589747,0.486801,0.501411
difficulty,PFP,1024,1024-109,-0.803285,0.258333,0.516667,0.025,0.541667,0.541667,0.0,0.208333,0.413359,0.56383,0.483429
difficulty,PFP,1024,1024-110,-0.190562,0.491667,0.45,0.341667,0.791667,0.708333,0.0,0.041667,0.525118,0.538215,0.457686
difficulty,PFP,1024,1024-111,-0.19398,0.433333,0.491667,0.233333,0.725,0.658333,0.0,0.058333,0.500175,0.64579,0.471537
difficulty,PFP,1024,1024-112,-0.433928,0.408333,0.5,0.175,0.675,0.675,0.0,0.1,0.472819,0.561403,0.416988
difficulty,PFP,1024,1024-113,0.289044,0.475,0.508333,0.425,0.933333,0.75,0.0,0.0,0.577342,0.591028,0.494806
difficulty,PFP,1024,1024-114,0.537074,0.516667,0.45,0.433333,0.883333,0.691667,0.033333,0.0,0.632746,0.507442,0.635376
difficulty,PFP,1024,1024-115,0.298362,0.491667,0.45,0.466667,0.916667,0.716667,0.0,0.0,0.601561,0.497752,0.553648
difficulty,PFP,1024,1024-116,1.177182,0.491667,0.15,0.633333,0.783333,0.491667,0.075,0.0,0.707903,0.48408,0.934515
difficulty,PFP,1024,1024-117,1.564602,0.233333,0.0,0.658333,0.658333,0.233333,0.183333,0.0,0.765647,0.396949,1.240176
difficulty,PFP,1024,1024-118,0.700849,0.6,0.358333,0.591667,0.95,0.675,0.0,0.0,0.644825,0.523448,0.653807
difficulty,PFP,1024,1024-119,-1.447227,0.0,0.275,0.0,0.275,0.275,0.0,0.408333,0.325021,0.47308,0.778122
difficulty,PFP,1024,1024-120,0.2584,0.508333,0.45,0.45,0.9,0.716667,0.0,0.0,0.582543,0.549324,0.504017
difficulty,PFP,1024,1024-121,-2.292643,0.0,0.0,0.0,0.0,0.0,0.0,0.925,0.198298,0.391387,1.455974
difficulty,PFP,1024,1024-122,0.040694,0.483333,0.466667,0.425,0.891667,0.7,0.0,0.0,0.568179,0.496687,0.497933
difficulty,PFP,1024,1024-123,0.560079,0.541667,0.458333,0.5,0.958333,0.733333,0.008333,0.0,0.617157,0.567175,0.558635
difficulty,PFP,1024,1024-124,-0.938357,0.25,0.483333,0.033333,0.516667,0.516667,0.0,0.208333,0.410984,0.473399,0.496391
difficulty,PFP,1024,1024-125,-1.597581,0.0,0.208333,0.0,0.208333,0.208333,0.0,0.425,0.310777,0.392853,0.839661
difficulty,PFP,1024,1024-126,-0.841867,0.325,0.541667,0.041667,0.583333,0.583333,0.0,0.158333,0.429162,0.461551,0.456366
difficulty,PFP,1024,1024-127,-0.289939,0.475,0.483333,0.283333,0.766667,0.733333,0.0,0.016667,0.507588,0.512174,0.412309
difficulty,PFP,1024,1024-128,1.212432,0.525,0.175,0.616667,0.791667,0.525,0.1,0.0,0.707941,0.50894,0.940095
difficulty,PFP,1024,1024-129,-0.611522,0.416667,0.491667,0.133333,0.625,0.625,0.0,0.083333,0.457045,0.496444,0.41306
difficulty,PFP,1024,1024-130,1.19278,0.5,0.116667,0.658333,0.775,0.5,0.058333,0.0,0.709157,0.488331,0.941718
difficulty,PFP,1024,1024-131,0.036004,0.508333,0.508333,0.325,0.833333,0.741667,0.0,0.008333,0.534875,0.626057,0.44146
difficulty,PFP,1024,1024-132,0.459359,0.541667,0.458333,0.5,0.958333,0.733333,0.0,0.0,0.615461,0.514191,0.557303
difficulty,PFP,1024,1024-133,1.932302,0.0,0.0,0.5,0.5,0.0,0.258333,0.0,0.809111,0.335052,1.499607
difficulty,PFP,1024,1024-134,-0.44433,0.416667,0.45,0.216667,0.666667,0.633333,0.0,0.108333,0.473824,0.592963,0.473367
difficulty,PFP,1024,1024-135,-0.388455,0.458333,0.541667,0.183333,0.725,0.7,0.0,0.066667,0.482314,0.546926,0.417801
difficulty,PFP,1024,1024-136,1.419827,0.416667,0.025,0.683333,0.708333,0.416667,0.141667,0.0,0.737351,0.465959,1.091668
difficulty,PFP,1024,1024-137,-0.924784,0.358333,0.5,0.066667,0.566667,0.566667,0.0,0.166667,0.424872,0.462304,0.504671
difficulty,PFP,1024,1024-138,2.11632,0.0,0.0,0.391667,0.391667,0.0,0.333333,0.0,0.825886,0.32721,1.614318
difficulty,PFP,1024,1024-139,0.584726,0.525,0.391667,0.541667,0.933333,0.675,0.0,0.0,0.633441,0.512528,0.621979
difficulty,PFP,1024,1024-140,0.501021,0.508333,0.425,0.475,0.9,0.691667,0.008333,0.0,0.618438,0.54828,0.606908
difficulty,PFP,1024,1024-141,0.627165,0.6,0.433333,0.5,0.933333,0.683333,0.016667,0.0,0.635035,0.524497,0.611936
difficulty,PFP,1024,1024-142,0.788706,0.541667,0.358333,0.525,0.883333,0.608333,0.041667,0.0,0.659374,0.517933,0.71455
difficulty,PFP,1024,1024-143,-1.001698,0.191667,0.475,0.0,0.475,0.475,0.0,0.25,0.391509,0.490127,0.529064
difficulty,PFP,1024,1024-144,-1.463705,0.016667,0.316667,0.0,0.316667,0.316667,0.0,0.425,0.325736,0.458943,0.776148
difficulty,PFP,1024,1024-145,-0.324913,0.475,0.483333,0.225,0.708333,0.675,0.0,0.041667,0.492866,0.54486,0.413556
difficulty,PFP,1024,1024-146,0.973946,0.516667,0.25,0.558333,0.808333,0.525,0.05,0.0,0.689415,0.47476,0.847131
difficulty,PFP,1024,1024-147,-0.26743,0.45,0.458333,0.25,0.708333,0.666667,0.0,0.033333,0.498062,0.57938,0.447809
difficulty,PFP,1024,1024-148,-0.356829,0.458333,0.541667,0.225,0.766667,0.741667,0.0,0.05,0.495025,0.526608,0.414349
difficulty,PFP,1024,1024-149,-1.63242,0.0,0.191667,0.0,0.191667,0.191667,0.0,0.458333,0.307024,0.389534,0.860754
difficulty,PFP,1024,1024-150,0.108571,0.525,0.5,0.408333,0.908333,0.758333,0.0,0.0,0.559654,0.56635,0.466358
difficulty,PFP,1024,1024-151,-1.035564,0.183333,0.45,0.033333,0.483333,0.483333,0.0,0.3,0.380985,0.561644,0.596941
difficulty,PFP,1024,1024-152,0.358833,0.525,0.466667,0.466667,0.933333,0.75,0.0,0.0,0.591986,0.568435,0.509994
difficulty,PFP,1024,1024-153,-1.836732,0.0,0.041667,0.0,0.041667,0.041667,0.0,0.575,0.269353,0.440222,1.05596
difficulty,PFP,1024,1024-154,0.90746,0.433333,0.233333,0.533333,0.766667,0.466667,0.075,0.0,0.695385,0.433019,0.891588
difficulty,PFP,1024,1024-155,0.611797,0.541667,0.425,0.483333,0.908333,0.658333,0.0,0.0,0.635759,0.522884,0.62803
difficulty,PFP,1024,1024-156,-1.085474,0.141667,0.45,0.0,0.45,0.45,0.0,0.283333,0.378915,0.484067,0.571491
difficulty,PFP,1024,1024-157,-1.189078,0.091667,0.441667,0.0,0.441667,0.441667,0.0,0.291667,0.370109,0.451173,0.583344
difficulty,PFP,1024,1024-158,-0.159013,0.408333,0.466667,0.3,0.766667,0.658333,0.0,0.041667,0.514126,0.611767,0.464999
difficulty,PFP,1024,1024-159,-1.710433,0.0,0.033333,0.0,0.033333,0.033333,0.0,0.55,0.276497,0.451069,1.003236
difficulty,PFP,1024,1024-160,-0.786836,0.3,0.541667,0.041667,0.583333,0.583333,0.0,0.15,0.423248,0.522955,0.467571
difficulty,PFP,1024,1024-161,-2.156481,0.0,0.0,0.0,0.0,0.0,0.0,0.933333,0.217026,0.391363,1.333986
difficulty,PFP,1024,1024-162,-0.614817,0.358333,0.558333,0.1,0.658333,0.65,0.0,0.108333,0.456033,0.512087,0.442563
difficulty,PFP,1024,1024-163,0.513434,0.55,0.466667,0.466667,0.933333,0.716667,0.025,0.0,0.609332,0.592131,0.557658
difficulty,PFP,1024,1024-164,-1.755263,0.0,0.033333,0.0,0.033333,0.033333,0.0,0.558333,0.275707,0.455977,1.021327
difficulty,PFP,1024,1024-165,0.375268,0.533333,0.475,0.491667,0.966667,0.758333,0.0,0.0,0.600493,0.535272,0.52306
difficulty,PFP,1024,1024-166,-0.368979,0.4,0.491667,0.183333,0.675,0.666667,0.0,0.091667,0.470587,0.650918,0.456177
difficulty,PFP,1024,1024-167,-0.433669,0.45,0.45,0.2,0.65,0.633333,0.0,0.091667,0.468139,0.617653,0.461106
difficulty,PFP,1024,1024-168,0.144424,0.508333,0.55,0.358333,0.908333,0.791667,0.0,0.0,0.563555,0.565792,0.454377
difficulty,PFP,1024,1024-169,0.734074,0.583333,0.425,0.483333,0.908333,0.683333,0.016667,0.0,0.639541,0.558555,0.626151
difficulty,PFP,1024,1024-170,-2.060442,0.0,0.0,0.0,0.0,0.0,0.0,0.85,0.231258,0.374745,1.253053
difficulty,PFP,1024,1024-171,-2.302819,0.0,0.0,0.0,0.0,0.0,0.0,1.0,0.203835,0.293212,1.407869
difficulty,PFP,1024,1024-172,-0.315122,0.533333,0.6,0.233333,0.833333,0.825,0.0,0.0,0.508353,0.457836,0.38455
difficulty,PFP,1024,1024-173,-0.647231,0.375,0.491667,0.108333,0.6,0.6,0.0,0.125,0.449038,0.536252,0.45814
difficulty,PFP,1024,1024-174,-1.658396,0.0,0.166667,0.0,0.166667,0.166667,0.0,0.475,0.298265,0.41262,0.900577
difficulty,PFP,1024,1024-175,-0.474327,0.433333,0.558333,0.15,0.708333,0.708333,0.0,0.1,0.470218,0.539754,0.418834
difficulty,PFP,1024,1024-176,0.116371,0.533333,0.491667,0.416667,0.908333,0.75,0.0,0.0,0.56995,0.514266,0.480908
difficulty,PFP,1024,1024-177,-0.195482,0.466667,0.475,0.341667,0.816667,0.7,0.0,0.058333,0.527393,0.53646,0.483048
difficulty,PFP,1024,1024-178,0.170587,0.575,0.5,0.45,0.95,0.791667,0.0,0.0,0.582179,0.476925,0.470618
difficulty,PFP,1024,1024-179,-0.352184,0.475,0.525,0.241667,0.766667,0.733333,0.0,0.041667,0.494075,0.526334,0.408679
difficulty,PFP,1024,1024-180,-0.788933,0.3,0.491667,0.058333,0.55,0.55,0.0,0.175,0.42526,0.51551,0.476396
difficulty,PFP,1024,1024-181,-1.217064,0.066667,0.308333,0.0,0.308333,0.308333,0.0,0.441667,0.329106,0.669955,0.77235
difficulty,PFP,1024,1024-182,-0.716231,0.366667,0.5,0.1,0.6,0.6,0.0,0.141667,0.44275,0.509355,0.46747
difficulty,PFP,1024,1024-183,-0.03899,0.533333,0.425,0.416667,0.841667,0.7,0.0,0.016667,0.558302,0.491001,0.49212
difficulty,PFP,1024,1024-184,0.154547,0.583333,0.483333,0.475,0.958333,0.766667,0.0,0.0,0.584325,0.464863,0.484261
difficulty,PFP,1024,1024-185,-0.27275,0.516667,0.516667,0.3,0.816667,0.783333,0.0,0.033333,0.51818,0.482312,0.434005
difficulty,PFP,1024,1024-186,-1.152264,0.141667,0.433333,0.0,0.433333,0.433333,0.0,0.341667,0.363828,0.503676,0.616837
difficulty,PFP,1024,1024-187,1.514339,0.291667,0.0,0.658333,0.658333,0.291667,0.175,0.0,0.759694,0.405932,1.208879
difficulty,PFP,1024,1024-188,-0.199393,0.433333,0.483333,0.266667,0.75,0.666667,0.0,0.05,0.506545,0.611151,0.456746
difficulty,PFP,1024,1024-189,-1.046237,0.2,0.475,0.0,0.475,0.475,0.0,0.291667,0.395486,0.465582,0.534647
difficulty,PFP,1024,1024-190,0.696606,0.558333,0.358333,0.533333,0.891667,0.633333,0.008333,0.0,0.651227,0.497828,0.673898
difficulty,PFP,1024,1024-191,-0.890197,0.25,0.45,0.033333,0.483333,0.483333,0.0,0.233333,0.398234,0.594556,0.553859
difficulty,PFP,1024,1024-192,-0.583305,0.383333,0.516667,0.1,0.616667,0.616667,0.0,0.108333,0.451281,0.536724,0.425918
difficulty,PFP,1024,1024-193,1.315357,0.475,0.05,0.708333,0.758333,0.475,0.041667,0.0,0.720793,0.483689,0.989226
difficulty,PFP,1024,1024-194,-0.921093,0.225,0.466667,0.033333,0.5,0.5,0.0,0.258333,0.397221,0.580582,0.545864
difficulty,PFP,1024,1024-195,-1.033055,0.233333,0.458333,0.025,0.483333,0.483333,0.0,0.275,0.391602,0.516466,0.573957
difficulty,PFP,1024,1024-196,0.791634,0.566667,0.333333,0.558333,0.891667,0.6,0.008333,0.0,0.662952,0.490795,0.72113
difficulty,PFP,1024,1024-197,-1.046091,0.191667,0.433333,0.0,0.433333,0.433333,0.0,0.258333,0.383108,0.521558,0.561948
difficulty,PFP,1024,1024-198,-0.344008,0.433333,0.4,0.258333,0.658333,0.608333,0.0,0.108333,0.482189,0.637278,0.504522
difficulty,PFP,1024,1024-199,0.002774,0.516667,0.525,0.4,0.925,0.816667,0.0,0.0,0.550247,0.513444,0.42046
difficulty,PFP,2026,2026-0,-0.793122,0.266667,0.483333,0.05,0.533333,0.533333,0.0,0.208333,0.411873,0.578481,0.504505
difficulty,PFP,2026,2026-1,0.240571,0.441667,0.491667,0.425,0.916667,0.708333,0.0,0.0,0.572872,0.588532,0.506465
difficulty,PFP,2026,2026-2,-1.896326,0.0,0.033333,0.0,0.033333,0.033333,0.0,0.7,0.24552,0.511377,1.184084
difficulty,PFP,2026,2026-3,1.395772,0.425,0.041667,0.708333,0.75,0.425,0.091667,0.0,0.729926,0.487507,1.042951
difficulty,PFP,2026,2026-4,0.638295,0.575,0.45,0.491667,0.941667,0.708333,0.008333,0.0,0.622349,0.602186,0.581877
difficulty,PFP,2026,2026-5,-0.292047,0.466667,0.475,0.258333,0.733333,0.725,0.0,0.05,0.496005,0.568023,0.439278
difficulty,PFP,2026,2026-6,-0.311949,0.391667,0.466667,0.191667,0.658333,0.625,0.0,0.091667,0.473557,0.672034,0.447567
difficulty,PFP,2026,2026-7,0.303835,0.475,0.441667,0.516667,0.958333,0.716667,0.0,0.0,0.601729,0.490189,0.548684
difficulty,PFP,2026,2026-8,-0.26766,0.408333,0.508333,0.183333,0.691667,0.65,0.0,0.041667,0.484289,0.640916,0.432595
difficulty,PFP,2026,2026-9,-0.225909,0.45,0.458333,0.283333,0.741667,0.683333,0.0,0.066667,0.502129,0.612143,0.45936
difficulty,PFP,2026,2026-10,0.720068,0.558333,0.433333,0.466667,0.9,0.641667,0.016667,0.0,0.643161,0.550811,0.653987
difficulty,PFP,2026,2026-11,0.514705,0.533333,0.408333,0.525,0.933333,0.7,0.008333,0.0,0.627467,0.507918,0.60881
difficulty,PFP,2026,2026-12,-0.064128,0.516667,0.466667,0.383333,0.85,0.725,0.0,0.0,0.545551,0.510268,0.46061
difficulty,PFP,2026,2026-13,-0.085477,0.433333,0.491667,0.275,0.766667,0.691667,0.0,0.0,0.516479,0.612027,0.43015
difficulty,PFP,2026,2026-14,0.160916,0.458333,0.416667,0.425,0.841667,0.65,0.0,0.0,0.569939,0.574226,0.531223
difficulty,PFP,2026,2026-15,-0.614018,0.275,0.475,0.058333,0.533333,0.533333,0.0,0.175,0.417425,0.704104,0.491499
difficulty,PFP,2026,2026-16,-0.40375,0.45,0.466667,0.25,0.716667,0.7,0.0,0.083333,0.489071,0.540522,0.475249
difficulty,PFP,2026,2026-17,0.54826,0.541667,0.458333,0.483333,0.941667,0.725,0.008333,0.0,0.620433,0.550765,0.571805
difficulty,PFP,2026,2026-18,-0.130483,0.508333,0.458333,0.366667,0.825,0.7,0.0,0.008333,0.539455,0.503466,0.457338
difficulty,PFP,2026,2026-19,-1.374426,0.008333,0.191667,0.0,0.191667,0.191667,0.0,0.491667,0.308607,0.622351,0.847996
difficulty,PFP,2026,2026-20,-0.477279,0.341667,0.458333,0.125,0.583333,0.583333,0.0,0.116667,0.447191,0.657927,0.457334
difficulty,PFP,2026,2026-21,0.656622,0.525,0.358333,0.558333,0.916667,0.666667,0.008333,0.0,0.642753,0.522848,0.658517
difficulty,PFP,2026,2026-22,-0.232283,0.425,0.466667,0.275,0.741667,0.675,0.0,0.083333,0.499487,0.635038,0.468213
difficulty,PFP,2026,2026-23,-0.148733,0.375,0.508333,0.208333,0.716667,0.675,0.0,0.041667,0.484507,0.744613,0.426987
difficulty,PFP,2026,2026-24,0.641837,0.55,0.341667,0.583333,0.925,0.675,0.008333,0.0,0.638869,0.520255,0.642476
difficulty,PFP,2026,2026-25,1.82461,0.133333,0.0,0.625,0.625,0.133333,0.216667,0.0,0.783977,0.417201,1.349149
difficulty,PFP,2026,2026-26,-0.713189,0.358333,0.525,0.083333,0.608333,0.608333,0.0,0.141667,0.440861,0.517631,0.455075
difficulty,PFP,2026,2026-27,1.348207,0.433333,0.0,0.758333,0.758333,0.433333,0.05,0.0,0.727728,0.455361,1.022981
difficulty,PFP,2026,2026-28,-1.230013,0.058333,0.375,0.0,0.375,0.375,0.0,0.366667,0.345627,0.553673,0.687477
difficulty,PFP,2026,2026-29,0.174978,0.541667,0.516667,0.375,0.891667,0.775,0.0,0.0,0.562087,0.595566,0.459782
difficulty,PFP,2026,2026-30,-1.16953,0.083333,0.416667,0.0,0.416667,0.416667,0.0,0.325,0.364344,0.481042,0.600431
difficulty,PFP,2026,2026-31,1.351458,0.416667,0.008333,0.716667,0.725,0.416667,0.083333,0.0,0.732016,0.455993,1.057735
difficulty,PFP,2026,2026-32,0.833923,0.616667,0.316667,0.608333,0.925,0.65,0.016667,0.0,0.658481,0.526189,0.693573
difficulty,PFP,2026,2026-33,1.137717,0.45,0.15,0.608333,0.758333,0.45,0.075,0.0,0.713346,0.448615,0.96401
difficulty,PFP,2026,2026-34,-0.885533,0.241667,0.566667,0.0,0.566667,0.566667,0.0,0.158333,0.409346,0.48575,0.461225
difficulty,PFP,2026,2026-35,0.684555,0.591667,0.433333,0.5,0.933333,0.691667,0.008333,0.0,0.6306,0.574833,0.59821
difficulty,PFP,2026,2026-36,-0.519013,0.425,0.533333,0.116667,0.65,0.65,0.0,0.075,0.46202,0.528101,0.401795
difficulty,PFP,2026,2026-37,-0.457385,0.366667,0.433333,0.225,0.658333,0.616667,0.0,0.1,0.47274,0.585704,0.477766
difficulty,PFP,2026,2026-38,0.506537,0.533333,0.458333,0.425,0.883333,0.691667,0.008333,0.0,0.608318,0.600143,0.563466
difficulty,PFP,2026,2026-39,0.876718,0.5,0.275,0.583333,0.858333,0.541667,0.016667,0.0,0.674847,0.486762,0.778034
difficulty,PFP,2026,2026-40,0.20442,0.475,0.483333,0.433333,0.916667,0.7,0.0,0.0,0.57827,0.538551,0.516142
difficulty,PFP,2026,2026-41,-0.627987,0.358333,0.483333,0.125,0.608333,0.6,0.0,0.166667,0.44497,0.580657,0.479558
difficulty,PFP,2026,2026-42,-0.825817,0.325,0.45,0.091667,0.541667,0.541667,0.0,0.191667,0.42654,0.534842,0.525822
difficulty,PFP,2026,2026-43,1.444317,0.35,0.008333,0.683333,0.691667,0.35,0.175,0.0,0.748753,0.430382,1.158766
difficulty,PFP,2026,2026-44,0.593946,0.558333,0.441667,0.483333,0.925,0.7,0.016667,0.0,0.625591,0.558225,0.595684
difficulty,PFP,2026,2026-45,0.719728,0.608333,0.4,0.55,0.95,0.683333,0.0,0.0,0.637194,0.562216,0.605833
difficulty,PFP,2026,2026-46,2.183488,0.0,0.0,0.308333,0.308333,0.0,0.408333,0.0,0.837283,0.297543,1.702436
difficulty,PFP,2026,2026-47,-0.815863,0.25,0.475,0.033333,0.508333,0.508333,0.0,0.225,0.406886,0.589535,0.520509
difficulty,PFP,2026,2026-48,2.559458,0.0,0.0,0.0,0.0,0.0,0.358333,0.0,0.852686,0.323199,1.791881
difficulty,PFP,2026,2026-49,3.150908,0.0,0.0,0.0,0.0,0.0,1.0,0.0,0.909955,0.195011,2.365467
difficulty,PFP,2026,2026-50,1.618413,0.2,0.0,0.691667,0.691667,0.2,0.166667,0.0,0.763538,0.419747,1.220719
difficulty,PFP,2026,2026-51,0.827107,0.558333,0.275,0.616667,0.891667,0.6,0.016667,0.0,0.674139,0.458282,0.771297
difficulty,PFP,2026,2026-52,-0.663822,0.258333,0.533333,0.05,0.583333,0.583333,0.0,0.166667,0.426226,0.59288,0.456115
difficulty,PFP,2026,2026-53,0.994486,0.625,0.258333,0.633333,0.891667,0.625,0.041667,0.0,0.672997,0.55562,0.761996
difficulty,PFP,2026,2026-54,-0.442692,0.408333,0.483333,0.225,0.708333,0.7,0.0,0.083333,0.474674,0.561679,0.443343
difficulty,PFP,2026,2026-55,-0.021651,0.508333,0.508333,0.375,0.883333,0.791667,0.0,0.0,0.545671,0.522063,0.427055
difficulty,PFP,2026,2026-56,-0.290433,0.408333,0.45,0.258333,0.708333,0.675,0.0,0.108333,0.484655,0.657099,0.468924
difficulty,PFP,2026,2026-57,0.28383,0.533333,0.466667,0.441667,0.908333,0.733333,0.0,0.0,0.586515,0.550447,0.518838
difficulty,PFP,2026,2026-58,1.288078,0.466667,0.075,0.683333,0.758333,0.466667,0.1,0.0,0.719109,0.487077,0.993623
difficulty,PFP,2026,2026-59,-0.555584,0.4,0.491667,0.158333,0.65,0.641667,0.0,0.108333,0.4615,0.524003,0.448094
difficulty,PFP,2026,2026-60,-0.985404,0.216667,0.408333,0.016667,0.425,0.425,0.0,0.283333,0.381608,0.629399,0.607785
difficulty,PFP,2026,2026-61,-1.002957,0.283333,0.466667,0.033333,0.5,0.5,0.0,0.283333,0.392535,0.567097,0.594909
difficulty,PFP,2026,2026-62,-0.968277,0.15,0.491667,0.0,0.491667,0.491667,0.0,0.216667,0.386463,0.533012,0.524879
difficulty,PFP,2026,2026-63,-1.431103,0.033333,0.3,0.0,0.3,0.3,0.0,0.366667,0.332834,0.446258,0.740788
difficulty,PFP,2026,2026-64,-0.912934,0.258333,0.483333,0.008333,0.491667,0.491667,0.0,0.225,0.402804,0.531276,0.524772
difficulty,PFP,2026,2026-65,1.293266,0.416667,0.033333,0.7,0.733333,0.416667,0.033333,0.0,0.72576,0.445534,1.012465
difficulty,PFP,2026,2026-66,-0.593312,0.375,0.441667,0.158333,0.6,0.6,0.0,0.166667,0.446205,0.614834,0.498829
difficulty,PFP,2026,2026-67,0.257108,0.5,0.541667,0.391667,0.933333,0.8,0.0,0.0,0.57158,0.577005,0.449127
difficulty,PFP,2026,2026-68,-1.216894,0.125,0.383333,0.0,0.383333,0.383333,0.0,0.366667,0.351584,0.571121,0.695388
difficulty,PFP,2026,2026-69,0.169651,0.55,0.558333,0.358333,0.916667,0.825,0.0,0.0,0.551352,0.614496,0.409758
difficulty,PFP,2026,2026-70,-1.740781,0.0,0.1,0.0,0.1,0.1,0.0,0.55,0.279578,0.441155,0.996749
difficulty,PFP,2026,2026-71,-0.698756,0.316667,0.508333,0.083333,0.591667,0.591667,0.0,0.166667,0.432398,0.554656,0.470389
difficulty,PFP,2026,2026-72,2.254539,0.0,0.0,0.216667,0.216667,0.0,0.45,0.0,0.845594,0.284782,1.766976
difficulty,PFP,2026,2026-73,-0.58297,0.35,0.55,0.058333,0.608333,0.608333,0.0,0.116667,0.441755,0.584719,0.433808
difficulty,PFP,2026,2026-74,1.119976,0.458333,0.1,0.675,0.775,0.458333,0.066667,0.0,0.713099,0.42736,0.956322
difficulty,PFP,2026,2026-75,0.455054,0.508333,0.475,0.458333,0.933333,0.683333,0.0,0.0,0.610293,0.541327,0.561966
difficulty,PFP,2026,2026-76,-0.152986,0.45,0.533333,0.225,0.758333,0.7,0.0,0.008333,0.504045,0.619585,0.427127
difficulty,PFP,2026,2026-77,-0.652107,0.316667,0.483333,0.091667,0.575,0.566667,0.0,0.175,0.433,0.609836,0.504243
difficulty,PFP,2026,2026-78,1.286909,0.375,0.033333,0.675,0.708333,0.375,0.075,0.0,0.735225,0.40704,1.069891
difficulty,PFP,2026,2026-79,-0.177383,0.45,0.475,0.308333,0.783333,0.741667,0.0,0.041667,0.50866,0.606272,0.42557
difficulty,PFP,2026,2026-80,1.527424,0.341667,0.0,0.65,0.65,0.341667,0.15,0.0,0.755883,0.425015,1.184018
difficulty,PFP,2026,2026-81,-0.719079,0.316667,0.508333,0.075,0.583333,0.583333,0.0,0.175,0.43414,0.544241,0.484763
difficulty,PFP,2026,2026-82,0.057339,0.516667,0.5,0.408333,0.908333,0.808333,0.0,0.0,0.553532,0.53108,0.432684
difficulty,PFP,2026,2026-83,0.465499,0.516667,0.45,0.525,0.975,0.7,0.0,0.0,0.618013,0.506926,0.579221
difficulty,PFP,2026,2026-84,0.37316,0.558333,0.525,0.441667,0.966667,0.791667,0.0,0.0,0.595142,0.556741,0.505614
difficulty,PFP,2026,2026-85,-1.233802,0.058333,0.341667,0.0,0.341667,0.341667,0.0,0.358333,0.346659,0.507182,0.676125
difficulty,PFP,2026,2026-86,-0.664063,0.416667,0.55,0.1,0.65,0.65,0.0,0.1,0.459505,0.454916,0.409742
difficulty,PFP,2026,2026-87,-0.19598,0.5,0.541667,0.3,0.841667,0.8,0.0,0.008333,0.521097,0.500619,0.396791
difficulty,PFP,2026,2026-88,-0.853699,0.25,0.475,0.075,0.55,0.55,0.0,0.2,0.414599,0.532296,0.5177
difficulty,PFP,2026,2026-89,0.677325,0.591667,0.425,0.516667,0.941667,0.708333,0.0,0.0,0.627583,0.577297,0.579484
difficulty,PFP,2026,2026-90,0.588019,0.575,0.45,0.508333,0.958333,0.716667,0.008333,0.0,0.623027,0.546571,0.555106
difficulty,PFP,2026,2026-91,-1.957084,0.0,0.0,0.0,0.0,0.0,0.0,0.683333,0.247446,0.427272,1.170032
difficulty,PFP,2026,2026-92,-1.805254,0.0,0.041667,0.0,0.041667,0.041667,0.0,0.6,0.263774,0.481592,1.082137
difficulty,PFP,2026,2026-93,-1.281563,0.075,0.358333,0.0,0.358333,0.358333,0.0,0.333333,0.352831,0.449342,0.659778
difficulty,PFP,2026,2026-94,0.11726,0.458333,0.425,0.458333,0.883333,0.683333,0.0,0.0,0.576843,0.498116,0.519412
difficulty,PFP,2026,2026-95,2.033173,0.0,0.0,0.558333,0.558333,0.0,0.225,0.0,0.802823,0.401951,1.454804
difficulty,PFP,2026,2026-96,-0.382356,0.466667,0.483333,0.258333,0.741667,0.708333,0.0,0.066667,0.500479,0.502869,0.45657
difficulty,PFP,2026,2026-97,0.250651,0.508333,0.541667,0.4,0.941667,0.791667,0.0,0.0,0.572666,0.585335,0.466253
difficulty,PFP,2026,2026-98,-1.063112,0.183333,0.391667,0.041667,0.433333,0.433333,0.0,0.308333,0.377257,0.578072,0.616959
difficulty,PFP,2026,2026-99,-1.046836,0.2,0.45,0.0,0.45,0.45,0.0,0.266667,0.385468,0.508151,0.565406
difficulty,PFP,2026,2026-100,-1.957228,0.0,0.0,0.0,0.0,0.0,0.0,0.675,0.246591,0.362853,1.161587
difficulty,PFP,2026,2026-101,-0.028344,0.483333,0.55,0.308333,0.858333,0.741667,0.0,0.0,0.538265,0.566038,0.446777
difficulty,PFP,2026,2026-102,0.947217,0.591667,0.225,0.666667,0.891667,0.591667,0.033333,0.0,0.678407,0.499307,0.787864
difficulty,PFP,2026,2026-103,-0.356714,0.408333,0.533333,0.166667,0.7,0.683333,0.0,0.041667,0.477148,0.585868,0.415487
difficulty,PFP,2026,2026-104,1.396453,0.408333,0.0,0.708333,0.708333,0.408333,0.141667,0.0,0.739538,0.454761,1.111326
difficulty,PFP,2026,2026-105,0.197855,0.525,0.525,0.383333,0.908333,0.775,0.0,0.0,0.56901,0.574891,0.472284
difficulty,PFP,2026,2026-106,-0.036412,0.55,0.483333,0.383333,0.866667,0.758333,0.0,0.016667,0.547932,0.512041,0.448074
difficulty,PFP,2026,2026-107,0.517254,0.541667,0.475,0.458333,0.933333,0.741667,0.0,0.0,0.614128,0.564477,0.568458
difficulty,PFP,2026,2026-108,0.487378,0.55,0.441667,0.525,0.966667,0.7,0.0,0.0,0.623173,0.48518,0.573975
difficulty,PFP,2026,2026-109,1.147806,0.541667,0.15,0.641667,0.791667,0.541667,0.05,0.0,0.70115,0.50373,0.902549
difficulty,PFP,2026,2026-110,-0.801954,0.3,0.5,0.041667,0.541667,0.541667,0.0,0.183333,0.41497,0.5447,0.480523
difficulty,PFP,2026,2026-111,-2.288049,0.0,0.0,0.0,0.0,0.0,0.0,1.0,0.212994,0.279305,1.357204
difficulty,PFP,2026,2026-112,0.114747,0.533333,0.516667,0.366667,0.883333,0.766667,0.0,0.0,0.553695,0.582105,0.438491
difficulty,PFP,2026,2026-113,-0.611675,0.375,0.558333,0.091667,0.65,0.65,0.0,0.116667,0.452313,0.508045,0.426316
difficulty,PFP,2026,2026-114,-0.027177,0.433333,0.516667,0.291667,0.808333,0.725,0.0,0.0,0.525056,0.62232,0.426192
difficulty,PFP,2026,2026-115,1.6643,0.2,0.0,0.608333,0.608333,0.2,0.2,0.0,0.774015,0.397194,1.288437
difficulty,PFP,2026,2026-116,-1.102842,0.141667,0.491667,0.0,0.491667,0.491667,0.0,0.266667,0.381398,0.469571,0.545606
difficulty,PFP,2026,2026-117,0.764797,0.658333,0.425,0.541667,0.966667,0.75,0.0,0.0,0.627609,0.63893,0.581388
difficulty,PFP,2026,2026-118,0.945868,0.566667,0.216667,0.633333,0.85,0.566667,0.016667,0.0,0.687049,0.462538,0.828318
difficulty,PFP,2026,2026-119,0.460736,0.533333,0.491667,0.45,0.941667,0.733333,0.0,0.0,0.59928,0.600329,0.527519
difficulty,PFP,2026,2026-120,1.118508,0.508333,0.158333,0.65,0.808333,0.508333,0.075,0.0,0.703835,0.466885,0.914321
difficulty,PFP,2026,2026-121,-0.458362,0.458333,0.483333,0.175,0.658333,0.658333,0.0,0.1,0.470268,0.569403,0.441486
difficulty,PFP,2026,2026-122,-0.68151,0.208333,0.425,0.05,0.475,0.475,0.0,0.175,0.406105,0.705709,0.517409
difficulty,PFP,2026,2026-123,1.038983,0.575,0.225,0.625,0.85,0.575,0.025,0.0,0.683422,0.523637,0.810998
difficulty,PFP,2026,2026-124,0.7203,0.516667,0.333333,0.525,0.858333,0.6,0.025,0.0,0.659458,0.484642,0.725498
difficulty,PFP,2026,2026-125,1.390378,0.433333,0.033333,0.691667,0.725,0.433333,0.125,0.0,0.734975,0.465148,1.081448
difficulty,PFP,2026,2026-126,0.21229,0.541667,0.491667,0.45,0.941667,0.733333,0.0,0.0,0.588123,0.484577,0.506544
difficulty,PFP,2026,2026-127,1.623563,0.291667,0.0,0.7,0.7,0.291667,0.133333,0.0,0.755697,0.46693,1.182745
difficulty,PFP,2026,2026-128,-0.28208,0.466667,0.466667,0.291667,0.758333,0.683333,0.0,0.058333,0.506964,0.562523,0.476847
difficulty,PFP,2026,2026-129,-1.060329,0.1,0.375,0.0,0.375,0.375,0.0,0.333333,0.36276,0.585471,0.627609
difficulty,PFP,2026,2026-130,-2.037089,0.0,0.0,0.0,0.0,0.0,0.0,0.733333,0.241162,0.332859,1.199354
difficulty,PFP,2026,2026-131,-1.101401,0.133333,0.375,0.008333,0.383333,0.383333,0.0,0.333333,0.360483,0.602293,0.649653
difficulty,PFP,2026,2026-132,0.818504,0.566667,0.258333,0.65,0.908333,0.6,0.025,0.0,0.672035,0.460023,0.760541
difficulty,PFP,2026,2026-133,-1.464929,0.0,0.266667,0.0,0.266667,0.266667,0.0,0.375,0.32667,0.405426,0.760126
difficulty,PFP,2026,2026-134,-0.452364,0.466667,0.5,0.225,0.725,0.708333,0.0,0.05,0.487056,0.49398,0.420223
difficulty,PFP,2026,2026-135,2.106584,0.0,0.0,0.516667,0.516667,0.0,0.241667,0.0,0.813901,0.369866,1.520972
difficulty,PFP,2026,2026-136,0.846796,0.533333,0.25,0.566667,0.816667,0.558333,0.041667,0.0,0.683459,0.434625,0.821226
difficulty,PFP,2026,2026-137,1.790985,0.1,0.0,0.6,0.6,0.1,0.233333,0.0,0.786261,0.392843,1.362704
difficulty,PFP,2026,2026-138,-0.991562,0.15,0.416667,0.0,0.416667,0.416667,0.0,0.291667,0.371251,0.613967,0.599291
difficulty,PFP,2026,2026-139,-2.459975,0.0,0.0,0.0,0.0,0.0,0.0,1.0,0.17613,0.370527,1.601173
difficulty,PFP,2026,2026-140,1.516381,0.383333,0.0,0.683333,0.683333,0.383333,0.158333,0.0,0.750419,0.456603,1.166827
difficulty,PFP,2026,2026-141,-1.416943,0.008333,0.233333,0.0,0.233333,0.233333,0.0,0.458333,0.318483,0.52064,0.802469
difficulty,PFP,2026,2026-142,0.090924,0.508333,0.533333,0.341667,0.875,0.766667,0.0,0.0,0.551094,0.568793,0.440066
difficulty,PFP,2026,2026-143,0.217093,0.458333,0.425,0.416667,0.841667,0.666667,0.0,0.0,0.582839,0.54944,0.55238
difficulty,PFP,2026,2026-144,-0.948896,0.358333,0.575,0.025,0.6,0.6,0.0,0.175,0.432608,0.365053,0.449137
difficulty,PFP,2026,2026-145,1.552633,0.266667,0.0,0.583333,0.583333,0.266667,0.233333,0.0,0.771675,0.374503,1.288085
difficulty,PFP,2026,2026-146,1.549338,0.308333,0.0,0.75,0.75,0.308333,0.125,0.0,0.74102,0.498027,1.092816
difficulty,PFP,2026,2026-147,0.551444,0.516667,0.541667,0.425,0.966667,0.783333,0.0,0.0,0.599874,0.644105,0.492161
difficulty,PFP,2026,2026-148,-0.029491,0.525,0.458333,0.375,0.833333,0.725,0.0,0.008333,0.548082,0.520866,0.455962
difficulty,PFP,2026,2026-149,0.191437,0.508333,0.508333,0.4,0.908333,0.75,0.0,0.0,0.567858,0.575902,0.471364
difficulty,PFP,2026,2026-150,-1.095908,0.15,0.375,0.0,0.375,0.375,0.0,0.333333,0.3653,0.596555,0.642504
difficulty,PFP,2026,2026-151,-0.239064,0.408333,0.558333,0.191667,0.75,0.733333,0.0,0.058333,0.484518,0.655648,0.43021
difficulty,PFP,2026,2026-152,-0.104933,0.533333,0.525,0.358333,0.883333,0.816667,0.0,0.008333,0.538051,0.489812,0.40303
difficulty,PFP,2026,2026-153,-0.852233,0.308333,0.525,0.033333,0.558333,0.558333,0.0,0.183333,0.41846,0.505732,0.486225
difficulty,PFP,2026,2026-154,0.849215,0.508333,0.325,0.525,0.85,0.566667,0.025,0.0,0.666188,0.523926,0.754644
difficulty,PFP,2026,2026-155,-1.426481,0.033333,0.316667,0.0,0.316667,0.316667,0.0,0.4,0.329989,0.52231,0.770455
difficulty,PFP,2026,2026-156,-0.453419,0.508333,0.541667,0.225,0.766667,0.766667,0.0,0.05,0.500207,0.448478,0.421723
difficulty,PFP,2026,2026-157,-2.252878,0.0,0.0,0.0,0.0,0.0,0.0,1.0,0.20941,0.309764,1.378582
difficulty,PFP,2026,2026-158,0.496819,0.55,0.408333,0.558333,0.966667,0.675,0.0,0.0,0.61853,0.522895,0.571299
difficulty,PFP,2026,2026-159,0.742605,0.541667,0.333333,0.575,0.908333,0.625,0.016667,0.0,0.65858,0.488884,0.708034
difficulty,PFP,2026,2026-160,0.621292,0.508333,0.383333,0.516667,0.9,0.65,0.008333,0.0,0.636291,0.535708,0.653383
difficulty,PFP,2026,2026-161,2.918087,0.0,0.0,0.0,0.0,0.0,1.0,0.0,0.894289,0.220221,2.18081
difficulty,PFP,2026,2026-162,0.939791,0.541667,0.241667,0.591667,0.833333,0.558333,0.033333,0.0,0.685489,0.469118,0.823764
difficulty,PFP,2026,2026-163,-0.941991,0.25,0.441667,0.041667,0.483333,0.483333,0.0,0.283333,0.394215,0.597037,0.587553
difficulty,PFP,2026,2026-164,2.66354,0.0,0.0,0.0,0.0,0.0,0.533333,0.0,0.862134,0.305472,1.868407
difficulty,PFP,2026,2026-165,-0.920318,0.3,0.491667,0.025,0.516667,0.516667,0.0,0.225,0.409052,0.516709,0.528228
difficulty,PFP,2026,2026-166,0.788739,0.55,0.35,0.525,0.875,0.608333,0.041667,0.0,0.661187,0.505401,0.725528
difficulty,PFP,2026,2026-167,0.743128,0.558333,0.391667,0.541667,0.933333,0.666667,0.008333,0.0,0.643696,0.558901,0.661061
difficulty,PFP,2026,2026-168,-0.879723,0.266667,0.508333,0.008333,0.516667,0.516667,0.0,0.225,0.405298,0.541196,0.510931
difficulty,PFP,2026,2026-169,1.395349,0.341667,0.008333,0.683333,0.691667,0.341667,0.116667,0.0,0.747415,0.412421,1.142296
difficulty,PFP,2026,2026-170,0.354594,0.483333,0.45,0.441667,0.891667,0.708333,0.008333,0.0,0.604667,0.524651,0.567376
difficulty,PFP,2026,2026-171,0.570955,0.533333,0.383333,0.55,0.933333,0.633333,0.008333,0.0,0.646993,0.43783,0.664508
difficulty,PFP,2026,2026-172,-0.675733,0.275,0.483333,0.066667,0.55,0.55,0.0,0.15,0.425854,0.597855,0.473587
difficulty,PFP,2026,2026-173,1.302633,0.45,0.025,0.75,0.775,0.45,0.075,0.0,0.723742,0.464034,1.007633
difficulty,PFP,2026,2026-174,-0.860938,0.308333,0.416667,0.066667,0.483333,0.483333,0.0,0.233333,0.408227,0.619711,0.556623
difficulty,PFP,2026,2026-175,-1.779159,0.0,0.016667,0.0,0.016667,0.016667,0.0,0.55,0.272049,0.418451,1.031113
difficulty,PFP,2026,2026-176,1.425127,0.391667,0.016667,0.683333,0.7,0.391667,0.116667,0.0,0.740541,0.454985,1.105462
difficulty,PFP,2026,2026-177,-0.426729,0.375,0.441667,0.208333,0.65,0.625,0.0,0.108333,0.470082,0.617967,0.464655
difficulty,PFP,2026,2026-178,0.04337,0.483333,0.525,0.333333,0.858333,0.725,0.0,0.0,0.545159,0.571641,0.449924
difficulty,PFP,2026,2026-179,1.922757,0.0,0.0,0.491667,0.491667,0.0,0.275,0.0,0.807052,0.346205,1.491858
difficulty,PFP,2026,2026-180,1.136491,0.5,0.141667,0.641667,0.783333,0.5,0.066667,0.0,0.70825,0.463613,0.9357
difficulty,PFP,2026,2026-181,0.632709,0.558333,0.425,0.491667,0.916667,0.7,0.016667,0.0,0.627333,0.57942,0.602287
difficulty,PFP,2026,2026-182,1.069914,0.575,0.2,0.658333,0.858333,0.575,0.05,0.0,0.691018,0.504989,0.850197
difficulty,PFP,2026,2026-183,-0.727509,0.291667,0.533333,0.05,0.583333,0.583333,0.0,0.133333,0.427948,0.522365,0.452379
difficulty,PFP,2026,2026-184,0.753089,0.6,0.366667,0.558333,0.925,0.65,0.033333,0.0,0.650381,0.528867,0.665807
difficulty,PFP,2026,2026-185,1.109937,0.55,0.175,0.658333,0.833333,0.55,0.041667,0.0,0.694766,0.505387,0.866624
difficulty,PFP,2026,2026-186,0.755422,0.583333,0.408333,0.491667,0.9,0.633333,0.025,0.0,0.648647,0.535895,0.659648
difficulty,PFP,2026,2026-187,-0.204135,0.508333,0.475,0.325,0.8,0.733333,0.0,0.016667,0.526751,0.50043,0.434766
difficulty,PFP,2026,2026-188,-3.747414,0.0,0.0,0.0,0.0,0.0,0.0,1.0,0.064699,0.149544,2.707353
difficulty,PFP,2026,2026-189,0.557303,0.575,0.383333,0.583333,0.966667,0.675,0.0,0.0,0.635413,0.472454,0.614959
difficulty,PFP,2026,2026-190,0.114876,0.5,0.516667,0.383333,0.9,0.75,0.0,0.0,0.56159,0.552533,0.478148
difficulty,PFP,2026,2026-191,-0.369554,0.466667,0.5,0.241667,0.741667,0.708333,0.0,0.033333,0.500281,0.478964,0.414057
difficulty,PFP,2026,2026-192,0.778099,0.541667,0.35,0.558333,0.908333,0.65,0.008333,0.0,0.65288,0.530694,0.689976
difficulty,PFP,2026,2026-193,0.265703,0.558333,0.575,0.391667,0.966667,0.825,0.0,0.0,0.568616,0.594023,0.419033
difficulty,PFP,2026,2026-194,0.203956,0.491667,0.483333,0.433333,0.916667,0.741667,0.0,0.0,0.588605,0.499722,0.515997
difficulty,PFP,2026,2026-195,-1.483591,0.0,0.225,0.0,0.225,0.225,0.0,0.466667,0.309602,0.539975,0.848605
difficulty,PFP,2026,2026-196,-1.459323,0.108333,0.3,0.0,0.3,0.3,0.0,0.391667,0.337146,0.426774,0.737249
difficulty,PFP,2026,2026-197,0.370536,0.566667,0.475,0.5,0.975,0.716667,0.0,0.0,0.608893,0.482958,0.532001
difficulty,PFP,2026,2026-198,0.076057,0.525,0.516667,0.366667,0.883333,0.775,0.0,0.0,0.55152,0.541449,0.430904
difficulty,PFP,2026,2026-199,0.138741,0.583333,0.466667,0.491667,0.958333,0.816667,0.0,0.0,0.582814,0.448079,0.461899
